source_file,source_path,ID,Block,Condition,trial,clicked_name_column,time_column,internal_column_block,block_header_matches_filename,raw_clicked_names,raw_times,raw_name_count,raw_timestamp_count,first_timestamp,early_artifact_found,removed_movement,adjustment_rule,adjusted_name_count,adjusted_timestamp_count,unmatched_timestamps,names_without_timestamps,raw_arm,raw_head,raw_leg,raw_other,arm,head,leg,other,total,extraction_valid,audit_status,audit_issue
AN06AN18_A_LB.csv,data/s_files/psychopy/AN06AN18_A_LB.csv,AN06AN18,A,LB,01,Klicks_Block_A_01.clicked_name,Klicks_Block_A_01.time,A,TRUE,"['Head_Block_A_01', 'Arms_Block_A_01', 'Other_Block_A_01', 'Arms_Block_A_01', 'Arms_Block_A_01']","[0.0005811001174151897, 29.97265820018947, 136.4034273000434, 162.16118890000507, 193.38546730019152]",5,5,5.8110011741518e-4,TRUE,head,removed early timestamp and paired first movement,4,4,0,0,3,1,0,1,3,0,0,1,4,TRUE,OK,
AN06AN18_A_LB.csv,data/s_files/psychopy/AN06AN18_A_LB.csv,AN06AN18,A,LB,02,Klicks_Block_A_02.clicked_name,Klicks_Block_A_02.time,A,TRUE,"['Arms_Block_A_02', 'Other_Block_A_02']","[0.0005284002982079983, 25.591032499913126]",2,2,5.2840029820799e-4,TRUE,arm,removed early timestamp and paired first movement,1,1,0,0,1,0,0,1,0,0,0,1,1,TRUE,OK,
AN06AN18_A_LB.csv,data/s_files/psychopy/AN06AN18_A_LB.csv,AN06AN18,A,LB,03,Klicks_Block_A_03.clicked_name,Klicks_Block_A_03.time,A,TRUE,"['Other_Block_A_03', 'Other_Block_A_03']","[0.0005324999801814556, 81.69028319977224]",2,2,5.3249998018145e-4,TRUE,other,removed early timestamp and paired first movement,1,1,0,0,0,0,0,2,0,0,0,1,1,TRUE,OK,
AN06AN18_A_LB.csv,data/s_files/psychopy/AN06AN18_A_LB.csv,AN06AN18,A,LB,04,Klicks_Block_A_04.clicked_name,Klicks_Block_A_04.time,A,TRUE,"['Other_Block_A_04', 'Arms_Block_A_04']","[0.0005095996893942356, 191.73422049963847]",2,2,5.0959968939423e-4,TRUE,other,removed early timestamp and paired first movement,1,1,0,0,1,0,0,1,1,0,0,0,1,TRUE,OK,
AN06AN18_B_HB.csv,data/s_files/psychopy/AN06AN18_B_HB.csv,AN06AN18,B,HB,01,Klicks_Block_B_01.clicked_name,Klicks_Block_B_01.time,B,TRUE,"['Arms_Block_B_01', 'Head_Block_B_01', 'Arms_Block_B_01', 'Arms_Block_B_01', 'Other_Block_B_01']","[0.0006884997710585594, 25.89121409971267, 32.188729299698025, 103.08146600006148, 127.88909259997308, 164.5933139999397]",5,6,6.8849977105855e-4,TRUE,NA,removed early timestamp; retained all movement names,5,5,0,0,3,1,0,1,3,1,0,1,5,TRUE,OK,
AN06AN18_B_HB.csv,data/s_files/psychopy/AN06AN18_B_HB.csv,AN06AN18,B,HB,02,Klicks_Block_B_02.clicked_name,Klicks_Block_B_02.time,B,TRUE,"['Other_Block_B_02', 'Head_Block_B_02']","[0.0004646996967494488, 78.856013499666]",2,2,4.6469969674944e-4,TRUE,other,removed early timestamp and paired first movement,1,1,0,0,0,1,0,1,0,1,0,0,1,TRUE,OK,
AN06AN18_B_HB.csv,data/s_files/psychopy/AN06AN18_B_HB.csv,AN06AN18,B,HB,03,Klicks_Block_B_03.clicked_name,Klicks_Block_B_03.time,B,TRUE,"['Arms_Block_B_03', 'Arms_Block_B_03', 'Legs_Block_B_03', 'Head_Block_B_03', 'Head_Block_B_03']","[0.000623299740254879, 14.912666799966246, 65.11130059976131, 144.7004416999407, 159.2286050999537]",5,5,6.2329974025487e-4,TRUE,arm,removed early timestamp and paired first movement,4,4,0,0,2,2,1,0,1,2,1,0,4,TRUE,OK,
AN06AN18_B_HB.csv,data/s_files/psychopy/AN06AN18_B_HB.csv,AN06AN18,B,HB,04,Klicks_Block_B_04.clicked_name,Klicks_Block_B_04.time,B,TRUE,"['Head_Block_B_04', 'Arms_Block_B_04', 'Arms_Block_B_04']","[0.0005068001337349415, 51.798869099933654, 201.94779600016773]",3,3,5.0680013373494e-4,TRUE,head,removed early timestamp and paired first movement,2,2,0,0,2,1,0,0,2,0,0,0,2,TRUE,OK,
AN07IE11_A_HB.csv,data/s_files/psychopy/AN07IE11_A_HB.csv,AN07IE11,A,HB,01,Klicks_Block_A_01.clicked_name,Klicks_Block_A_01.time,A,TRUE,"['Head_Block_A_01', 'Other_Block_A_01']","[0.0006488999351859093, 151.6159516996704]",2,2,6.488999351859e-4,TRUE,head,removed early timestamp and paired first movement,1,1,0,0,0,1,0,1,0,0,0,1,1,TRUE,OK,
AN07IE11_A_HB.csv,data/s_files/psychopy/AN07IE11_A_HB.csv,AN07IE11,A,HB,02,Klicks_Block_A_02.clicked_name,Klicks_Block_A_02.time,A,TRUE,['Other_Block_A_02'],[0.0005164002068340778],1,1,5.1640020683407e-4,TRUE,other,removed early timestamp and paired first movement,0,0,0,0,0,0,0,1,0,0,0,0,0,TRUE,OK,
AN07IE11_A_HB.csv,data/s_files/psychopy/AN07IE11_A_HB.csv,AN07IE11,A,HB,03,Klicks_Block_A_03.clicked_name,Klicks_Block_A_03.time,A,TRUE,"['Other_Block_A_03', 'Arms_Block_A_03', 'Arms_Block_A_03', 'Legs_Block_A_03', 'Legs_Block_A_03']","[0.0005370001308619976, 67.72759910020977, 95.41690030042082, 161.81289410032332, 187.5691729001701]",5,5,5.3700013086199e-4,TRUE,other,removed early timestamp and paired first movement,4,4,0,0,2,0,2,1,2,0,2,0,4,TRUE,OK,
AN07IE11_A_HB.csv,data/s_files/psychopy/AN07IE11_A_HB.csv,AN07IE11,A,HB,04,Klicks_Block_A_04.clicked_name,Klicks_Block_A_04.time,A,TRUE,"['Legs_Block_A_04', 'Other_Block_A_04', 'Legs_Block_A_04', 'Legs_Block_A_04', 'Arms_Block_A_04', 'Legs_Block_A_04', 'Arms_Block_A_04', 'Other_Block_A_04', 'Other_Block_A_04', 'Legs_Block_A_04']","[0.00046529993414878845, 38.003884399775416, 54.66482499986887, 79.8913487996906, 89.60286769969389, 98.13365909969434, 133.0390760996379, 177.99079189961776, 188.8532944000326, 196.96656819991767]",10,10,4.6529993414878e-4,TRUE,leg,removed early timestamp and paired first movement,9,9,0,0,2,0,5,3,2,0,4,3,9,TRUE,OK,
AN07IE11_B_LB.csv,data/s_files/psychopy/AN07IE11_B_LB.csv,AN07IE11,B,LB,01,Klicks_Block_B_01.clicked_name,Klicks_Block_B_01.time,B,TRUE,"['Head_Block_B_01', 'Other_Block_B_01', 'Legs_Block_B_01', 'Other_Block_B_01', 'Legs_Block_B_01', 'Legs_Block_B_01', 'Other_Block_B_01']","[0.0006432002410292625, 23.73998250020668, 149.23121860018, 150.23121510026976, 173.5070080999285, 186.61873019998893, 202.86405589990318]",7,7,6.4320024102926e-4,TRUE,head,removed early timestamp and paired first movement,6,6,0,0,0,1,3,3,0,0,3,3,6,TRUE,OK,
AN07IE11_B_LB.csv,data/s_files/psychopy/AN07IE11_B_LB.csv,AN07IE11,B,LB,02,Klicks_Block_B_02.clicked_name,Klicks_Block_B_02.time,B,TRUE,"['Other_Block_B_02', 'Arms_Block_B_02', 'Legs_Block_B_02', 'Other_Block_B_02', 'Other_Block_B_02']","[0.0005032997578382492, 75.07541099982336, 111.84536009980366, 143.63454709993675, 199.13241539988667]",5,5,5.0329975783824e-4,TRUE,other,removed early timestamp and paired first movement,4,4,0,0,1,0,1,3,1,0,1,2,4,TRUE,OK,
AN07IE11_B_LB.csv,data/s_files/psychopy/AN07IE11_B_LB.csv,AN07IE11,B,LB,03,Klicks_Block_B_03.clicked_name,Klicks_Block_B_03.time,B,TRUE,"['Other_Block_B_03', 'Other_Block_B_03']","[0.0005834000185132027, 129.02203210024163]",2,2,5.834000185132e-4,TRUE,other,removed early timestamp and paired first movement,1,1,0,0,0,0,0,2,0,0,0,1,1,TRUE,OK,
AN07IE11_B_LB.csv,data/s_files/psychopy/AN07IE11_B_LB.csv,AN07IE11,B,LB,04,Klicks_Block_B_04.clicked_name,Klicks_Block_B_04.time,B,TRUE,"['Other_Block_B_04', 'Legs_Block_B_04', 'Legs_Block_B_04', 'Legs_Block_B_04', 'Other_Block_B_04', 'Arms_Block_B_04', 'Other_Block_B_04', 'Arms_Block_B_04']","[0.0005263998173177242, 47.38339849980548, 75.3906607995741, 139.85186850000173, 143.15098319994286, 161.1278486996889, 199.76511029992253, 201.73089429968968]",8,8,5.2639981731772e-4,TRUE,other,removed early timestamp and paired first movement,7,7,0,0,2,0,3,3,2,0,3,2,7,TRUE,OK,
AN11ST11_A_HB.csv,data/s_files/psychopy/AN11ST11_A_HB.csv,AN11ST11,A,HB,01,Klicks_Block_A_01.clicked_name,Klicks_Block_A_01.time,A,TRUE,['Head_Block_A_01'],[0.0006111999973654747],1,1,6.1119999736547e-4,TRUE,head,removed early timestamp and paired first movement,0,0,0,0,0,1,0,0,0,0,0,0,0,TRUE,OK,
AN11ST11_A_HB.csv,data/s_files/psychopy/AN11ST11_A_HB.csv,AN11ST11,A,HB,02,Klicks_Block_A_02.clicked_name,Klicks_Block_A_02.time,A,TRUE,['Head_Block_A_02'],[0.0005437000654637814],1,1,5.4370006546378e-4,TRUE,head,removed early timestamp and paired first movement,0,0,0,0,0,1,0,0,0,0,0,0,0,TRUE,OK,
AN11ST11_A_HB.csv,data/s_files/psychopy/AN11ST11_A_HB.csv,AN11ST11,A,HB,03,Klicks_Block_A_03.clicked_name,Klicks_Block_A_03.time,A,TRUE,['Head_Block_A_03'],[0.0006240000948309898],1,1,6.2400009483098e-4,TRUE,head,removed early timestamp and paired first movement,0,0,0,0,0,1,0,0,0,0,0,0,0,TRUE,OK,
AN11ST11_A_HB.csv,data/s_files/psychopy/AN11ST11_A_HB.csv,AN11ST11,A,HB,04,Klicks_Block_A_04.clicked_name,Klicks_Block_A_04.time,A,TRUE,['Head_Block_A_04'],[0.0006633999291807413],1,1,6.6339992918074e-4,TRUE,head,removed early timestamp and paired first movement,0,0,0,0,0,1,0,0,0,0,0,0,0,TRUE,OK,
AN11ST11_B_LB.csv,data/s_files/psychopy/AN11ST11_B_LB.csv,AN11ST11,B,LB,01,Klicks_Block_B_01.clicked_name,Klicks_Block_B_01.time,B,TRUE,['Legs_Block_B_01'],[0.0005683000199496746],1,1,5.6830001994967e-4,TRUE,leg,removed early timestamp and paired first movement,0,0,0,0,0,0,1,0,0,0,0,0,0,TRUE,OK,
AN11ST11_B_LB.csv,data/s_files/psychopy/AN11ST11_B_LB.csv,AN11ST11,B,LB,02,Klicks_Block_B_02.clicked_name,Klicks_Block_B_02.time,B,TRUE,['Legs_Block_B_02'],[0.0004735998809337616],1,1,4.7359988093376e-4,TRUE,leg,removed early timestamp and paired first movement,0,0,0,0,0,0,1,0,0,0,0,0,0,TRUE,OK,
AN11ST11_B_LB.csv,data/s_files/psychopy/AN11ST11_B_LB.csv,AN11ST11,B,LB,03,Klicks_Block_B_03.clicked_name,Klicks_Block_B_03.time,B,TRUE,['Legs_Block_B_03'],[0.0005683000199496746],1,1,5.6830001994967e-4,TRUE,leg,removed early timestamp and paired first movement,0,0,0,0,0,0,1,0,0,0,0,0,0,TRUE,OK,
AN11ST11_B_LB.csv,data/s_files/psychopy/AN11ST11_B_LB.csv,AN11ST11,B,LB,04,Klicks_Block_B_04.clicked_name,Klicks_Block_B_04.time,B,TRUE,['Legs_Block_B_04'],[0.0005553001537919044],1,1,5.553001537919e-4,TRUE,leg,removed early timestamp and paired first movement,0,0,0,0,0,0,1,0,0,0,0,0,0,TRUE,OK,
AN15AV09_A_LB.csv,data/s_files/psychopy/AN15AV09_A_LB.csv,AN15AV09,A,LB,01,Klicks_Block_A_01.clicked_name,Klicks_Block_A_01.time,A,TRUE,"['Other_Block_A_01', 'Arms_Block_A_01']","[0.0006441001314669847, 202.06623540003784]",2,2,6.4410013146698e-4,TRUE,other,removed early timestamp and paired first movement,1,1,0,0,1,0,0,1,1,0,0,0,1,TRUE,OK,
AN15AV09_A_LB.csv,data/s_files/psychopy/AN15AV09_A_LB.csv,AN15AV09,A,LB,02,Klicks_Block_A_02.clicked_name,Klicks_Block_A_02.time,A,TRUE,"['Arms_Block_A_02', 'Arms_Block_A_02']","[0.0005594000685960054, 42.86689170007594, 44.38298549992032, 136.75250889989547]",2,4,5.59400068596e-4,TRUE,NA,removed early timestamp; retained all movement names,2,3,1,0,2,0,0,0,2,0,0,0,2,TRUE,WARNING,1 timestamp(s) cannot be matched to clicked_name
AN15AV09_A_LB.csv,data/s_files/psychopy/AN15AV09_A_LB.csv,AN15AV09,A,LB,03,Klicks_Block_A_03.clicked_name,Klicks_Block_A_03.time,A,TRUE,"['Arms_Block_A_03', 'Arms_Block_A_03', 'Arms_Block_A_03']","[0.0005224000196903944, 17.661262000212446, 39.65261039999314]",3,3,5.2240001969039e-4,TRUE,arm,removed early timestamp and paired first movement,2,2,0,0,3,0,0,0,2,0,0,0,2,TRUE,OK,
AN15AV09_A_LB.csv,data/s_files/psychopy/AN15AV09_A_LB.csv,AN15AV09,A,LB,04,Klicks_Block_A_04.clicked_name,Klicks_Block_A_04.time,A,TRUE,"['Arms_Block_A_04', 'Arms_Block_A_04', 'Arms_Block_A_04']","[0.000598300015553832, 32.85528460005298, 200.08209599996917]",3,3,5.9830001555383e-4,TRUE,arm,removed early timestamp and paired first movement,2,2,0,0,3,0,0,0,2,0,0,0,2,TRUE,OK,
AN15AV09_B_HB.csv,data/s_files/psychopy/AN15AV09_B_HB.csv,AN15AV09,B,HB,01,Klicks_Block_B_01.clicked_name,Klicks_Block_B_01.time,B,TRUE,"['Arms_Block_B_01', 'Other_Block_B_01', 'Arms_Block_B_01', 'Arms_Block_B_01']","[0.0005727999377995729, 131.25587980006821, 137.78599509992637, 191.95122579997405]",4,4,5.7279993779957e-4,TRUE,arm,removed early timestamp and paired first movement,3,3,0,0,3,0,0,1,2,0,0,1,3,TRUE,OK,
AN15AV09_B_HB.csv,data/s_files/psychopy/AN15AV09_B_HB.csv,AN15AV09,B,HB,02,Klicks_Block_B_02.clicked_name,Klicks_Block_B_02.time,B,TRUE,"['Arms_Block_B_02', 'Legs_Block_B_02', 'Arms_Block_B_02', 'Arms_Block_B_02', 'Arms_Block_B_02']","[0.00047530001029372215, 34.454691000049934, 48.983106600120664, 145.75207000016235, 174.8907131999731]",5,5,4.7530001029372e-4,TRUE,arm,removed early timestamp and paired first movement,4,4,0,0,4,0,1,0,3,0,1,0,4,TRUE,OK,
AN15AV09_B_HB.csv,data/s_files/psychopy/AN15AV09_B_HB.csv,AN15AV09,B,HB,03,Klicks_Block_B_03.clicked_name,Klicks_Block_B_03.time,B,TRUE,"['Legs_Block_B_03', 'Arms_Block_B_03', 'Other_Block_B_03', 'Arms_Block_B_03', 'Arms_Block_B_03', 'Arms_Block_B_03']","[0.00045039993710815907, 39.80441859993152, 47.350306699983776, 56.96396470000036, 132.3051667001564, 165.07733040000312]",6,6,4.5039993710815e-4,TRUE,leg,removed early timestamp and paired first movement,5,5,0,0,4,0,1,1,4,0,0,1,5,TRUE,OK,
AN15AV09_B_HB.csv,data/s_files/psychopy/AN15AV09_B_HB.csv,AN15AV09,B,HB,04,Klicks_Block_B_04.clicked_name,Klicks_Block_B_04.time,B,TRUE,"['Arms_Block_B_04', 'Arms_Block_B_04', 'Arms_Block_B_04', 'Head_Block_B_04', 'Arms_Block_B_04', 'Arms_Block_B_04', 'Arms_Block_B_04', 'Legs_Block_B_04']","[0.0005016999784857035, 5.464479400077835, 10.412904900033027, 33.88845460000448, 52.84867039998062, 115.1938908000011, 177.12349540018477, 203.6645914001856]",8,8,5.016999784857e-4,TRUE,arm,removed early timestamp and paired first movement,7,7,0,0,6,1,1,0,5,1,1,0,7,TRUE,OK,
AN23BE15_A_HB.csv,data/s_files/psychopy/AN23BE15_A_HB.csv,AN23BE15,A,HB,01,Klicks_Block_A_01.clicked_name,Klicks_Block_A_01.time,A,TRUE,"['Head_Block_A_01', 'Other_Block_A_01']","[0.0044995000353083014, 94.81926410004962]",2,2,0.0044995000353083,TRUE,head,removed early timestamp and paired first movement,1,1,0,0,0,1,0,1,0,0,0,1,1,TRUE,OK,
AN23BE15_A_HB.csv,data/s_files/psychopy/AN23BE15_A_HB.csv,AN23BE15,A,HB,02,Klicks_Block_A_02.clicked_name,Klicks_Block_A_02.time,A,TRUE,"['Other_Block_A_02', 'Other_Block_A_02', 'Other_Block_A_02', 'Arms_Block_A_02', 'Arms_Block_A_02', 'Legs_Block_A_02']","[0.0021952000679448247, 56.15880360000301, 108.78165060002357, 155.86514390003867, 192.72232220007572, 193.60160729999188]",6,6,0.00219520006794482,TRUE,other,removed early timestamp and paired first movement,5,5,0,0,2,0,1,3,2,0,1,2,5,TRUE,OK,
AN23BE15_A_HB.csv,data/s_files/psychopy/AN23BE15_A_HB.csv,AN23BE15,A,HB,03,Klicks_Block_A_03.clicked_name,Klicks_Block_A_03.time,A,TRUE,"['Arms_Block_A_03', 'Arms_Block_A_03', 'Other_Block_A_03', 'Head_Block_A_03']","[0.0017797000473365188, 63.6111659000162, 86.00253309996333, 94.99741650000215]",4,4,0.00177970004733651,TRUE,arm,removed early timestamp and paired first movement,3,3,0,0,2,1,0,1,1,1,0,1,3,TRUE,OK,
AN23BE15_A_HB.csv,data/s_files/psychopy/AN23BE15_A_HB.csv,AN23BE15,A,HB,04,Klicks_Block_A_04.clicked_name,Klicks_Block_A_04.time,A,TRUE,"['Arms_Block_A_04', 'Arms_Block_A_04', 'Arms_Block_A_04', 'Other_Block_A_04', 'Head_Block_A_04', 'Other_Block_A_04', 'Head_Block_A_04']","[0.0013092000735923648, 21.397541800048202, 47.55137870006729, 58.45287850010209, 97.6039353000233, 168.90880420000758, 175.8569272001041]",7,7,0.00130920007359236,TRUE,arm,removed early timestamp and paired first movement,6,6,0,0,3,2,0,2,2,2,0,2,6,TRUE,OK,
AN23BE15_B_LB.csv,data/s_files/psychopy/AN23BE15_B_LB.csv,AN23BE15,B,LB,01,Klicks_Block_B_01.clicked_name,Klicks_Block_B_01.time,B,TRUE,"['Head_Block_B_01', 'Other_Block_B_01', 'Arms_Block_B_01']","[0.004294299986213446, 69.88556419999804, 123.64243429992348]",3,3,0.00429429998621344,TRUE,head,removed early timestamp and paired first movement,2,2,0,0,1,1,0,1,1,0,0,1,2,TRUE,OK,
AN23BE15_B_LB.csv,data/s_files/psychopy/AN23BE15_B_LB.csv,AN23BE15,B,LB,02,Klicks_Block_B_02.clicked_name,Klicks_Block_B_02.time,B,TRUE,"['Other_Block_B_02', 'Head_Block_B_02', 'Other_Block_B_02', 'Arms_Block_B_02', 'Head_Block_B_02', 'Arms_Block_B_02']","[0.002706300001591444, 38.5318121999735, 89.69922089995816, 96.19040720001794, 107.85011040000245, 114.47153179999441]",6,6,0.00270630000159144,TRUE,other,removed early timestamp and paired first movement,5,5,0,0,2,2,0,2,2,2,0,1,5,TRUE,OK,
AN23BE15_B_LB.csv,data/s_files/psychopy/AN23BE15_B_LB.csv,AN23BE15,B,LB,03,Klicks_Block_B_03.clicked_name,Klicks_Block_B_03.time,B,TRUE,"['Head_Block_B_03', 'Other_Block_B_03', 'Other_Block_B_03', 'Arms_Block_B_03', 'Other_Block_B_03', 'Arms_Block_B_03']","[0.0018912999657914042, 59.500573799945414, 119.58895020000637, 169.13822369999252, 171.70665760000702, 192.89916039991658]",6,6,0.0018912999657914,TRUE,head,removed early timestamp and paired first movement,5,5,0,0,2,1,0,3,2,0,0,3,5,TRUE,OK,
AN23BE15_B_LB.csv,data/s_files/psychopy/AN23BE15_B_LB.csv,AN23BE15,B,LB,04,Klicks_Block_B_04.clicked_name,Klicks_Block_B_04.time,B,TRUE,"['Head_Block_B_04', 'Legs_Block_B_04', 'Other_Block_B_04', 'Other_Block_B_04', 'Head_Block_B_04', 'Legs_Block_B_04']","[0.003970600082539022, 109.1471170000732, 113.11680469999555, 130.8104923000792, 136.9891361000482, 168.834789799992]",6,6,0.00397060008253902,TRUE,head,removed early timestamp and paired first movement,5,5,0,0,0,2,2,2,0,1,2,2,5,TRUE,OK,
AN29RA22_A_LB.csv,data/s_files/psychopy/AN29RA22_A_LB.csv,AN29RA22,A,LB,01,Klicks_Block_A_01.clicked_name,Klicks_Block_A_01.time,A,TRUE,['Legs_Block_A_01'],[0.009816200006753206],1,1,0.0098162000067532,TRUE,leg,removed early timestamp and paired first movement,0,0,0,0,0,0,1,0,0,0,0,0,0,TRUE,OK,
AN29RA22_A_LB.csv,data/s_files/psychopy/AN29RA22_A_LB.csv,AN29RA22,A,LB,02,Klicks_Block_A_02.clicked_name,Klicks_Block_A_02.time,A,TRUE,"['Head_Block_A_02', 'Arms_Block_A_02', 'Other_Block_A_02']","[0.0006480000447481871, 67.35983290011063, 183.20492219994776]",3,3,6.4800004474818e-4,TRUE,head,removed early timestamp and paired first movement,2,2,0,0,1,1,0,1,1,0,0,1,2,TRUE,OK,
AN29RA22_A_LB.csv,data/s_files/psychopy/AN29RA22_A_LB.csv,AN29RA22,A,LB,03,Klicks_Block_A_03.clicked_name,Klicks_Block_A_03.time,A,TRUE,"['Other_Block_A_03', 'Other_Block_A_03', 'Other_Block_A_03', 'Head_Block_A_03']","[0.0013832999393343925, 60.43865650007501, 86.87076409999281, 155.17977560008876]",4,4,0.00138329993933439,TRUE,other,removed early timestamp and paired first movement,3,3,0,0,0,1,0,3,0,1,0,2,3,TRUE,OK,
AN29RA22_A_LB.csv,data/s_files/psychopy/AN29RA22_A_LB.csv,AN29RA22,A,LB,04,Klicks_Block_A_04.clicked_name,Klicks_Block_A_04.time,A,TRUE,"['Head_Block_A_04', 'Other_Block_A_04', 'Legs_Block_A_04', 'Other_Block_A_04', 'Other_Block_A_04', 'Other_Block_A_04', 'Head_Block_A_04']","[0.005873500136658549, 14.163591000018641, 70.2615990000777, 111.6460333999712, 135.62079040007666, 156.63487530010752, 158.9632963000331]",7,7,0.00587350013665854,TRUE,head,removed early timestamp and paired first movement,6,6,0,0,0,2,1,4,0,1,1,4,6,TRUE,OK,
AN29RA22_B_HB.csv,data/s_files/psychopy/AN29RA22_B_HB.csv,AN29RA22,B,HB,01,Klicks_Block_B_01.clicked_name,Klicks_Block_B_01.time,B,TRUE,"['Legs_Block_B_01', 'Other_Block_B_01', 'Head_Block_B_01', 'Arms_Block_B_01', 'Legs_Block_B_01', 'Head_Block_B_01']","[0.0006430998910218477, 87.53675709990785, 158.31418989994563, 159.83080209977925, 169.97548779984936, 176.3733096998185]",6,6,6.4309989102184e-4,TRUE,leg,removed early timestamp and paired first movement,5,5,0,0,1,2,2,1,1,2,1,1,5,TRUE,OK,
AN29RA22_B_HB.csv,data/s_files/psychopy/AN29RA22_B_HB.csv,AN29RA22,B,HB,02,Klicks_Block_B_02.clicked_name,Klicks_Block_B_02.time,B,TRUE,"['Legs_Block_B_02', 'Head_Block_B_02', 'Other_Block_B_02', 'Head_Block_B_02', 'Legs_Block_B_02']","[0.0005326000973582268, 40.10124900005758, 135.1192467000801, 136.63615719997324, 198.08365550008602]",5,5,0.00053260009735822005,TRUE,leg,removed early timestamp and paired first movement,4,4,0,0,0,2,2,1,0,2,1,1,4,TRUE,OK,
AN29RA22_B_HB.csv,data/s_files/psychopy/AN29RA22_B_HB.csv,AN29RA22,B,HB,03,Klicks_Block_B_03.clicked_name,Klicks_Block_B_03.time,B,TRUE,"['Legs_Block_B_03', 'Head_Block_B_03', 'Head_Block_B_03', 'Legs_Block_B_03', 'Head_Block_B_03', 'Other_Block_B_03', 'Head_Block_B_03']","[0.0005626999773085117, 44.85176540003158, 122.39189309999347, 179.33936530002393, 184.08807669999078, 189.6360454999376, 194.11759730009362]",7,7,5.6269997730851e-4,TRUE,leg,removed early timestamp and paired first movement,6,6,0,0,0,4,2,1,0,4,1,1,6,TRUE,OK,
AN29RA22_B_HB.csv,data/s_files/psychopy/AN29RA22_B_HB.csv,AN29RA22,B,HB,04,Klicks_Block_B_04.clicked_name,Klicks_Block_B_04.time,B,TRUE,"['Head_Block_B_04', 'Head_Block_B_04', 'Other_Block_B_04', 'Arms_Block_B_04', 'Head_Block_B_04', 'Other_Block_B_04', 'Head_Block_B_04', 'Legs_Block_B_04', 'Head_Block_B_04', 'Other_Block_B_04', 'Legs_Block_B_04', 'Head_Block_B_04', 'Other_Block_B_04', 'Arms_Block_B_04']","[0.0005397000350058079, 49.99804050009698, 52.21418140013702, 57.04625400016084, 59.01183670014143, 83.88918399997056, 89.02105880016461, 98.74866369995289, 104.84627610002644, 113.39331760001369, 141.43475380004384, 165.0427815001458, 175.43930990016088, 181.3879635001067]",14,14,5.397000350058e-4,TRUE,head,removed early timestamp and paired first movement,13,13,0,0,2,6,2,4,2,5,2,4,13,TRUE,OK,
BE06LL24_A_HB.csv,data/s_files/psychopy/BE06LL24_A_HB.csv,BE06LL24,A,HB,01,Klicks_Block_A_01.clicked_name,Klicks_Block_A_01.time,A,TRUE,['Head_Block_A_01'],[0.000556000042706728],1,1,5.5600004270672e-4,TRUE,head,removed early timestamp and paired first movement,0,0,0,0,0,1,0,0,0,0,0,0,0,TRUE,OK,
BE06LL24_A_HB.csv,data/s_files/psychopy/BE06LL24_A_HB.csv,BE06LL24,A,HB,02,Klicks_Block_A_02.clicked_name,Klicks_Block_A_02.time,A,TRUE,[],[0.0005787999834865332],0,1,5.7879998348653e-4,TRUE,NA,removed early timestamp; retained all movement names,0,0,0,0,0,0,0,0,0,0,0,0,0,TRUE,OK,
BE06LL24_A_HB.csv,data/s_files/psychopy/BE06LL24_A_HB.csv,BE06LL24,A,HB,03,Klicks_Block_A_03.clicked_name,Klicks_Block_A_03.time,A,TRUE,"['Head_Block_A_03', 'Arms_Block_A_03']","[0.0005789999850094318, 64.1280717998743]",2,2,5.7899998500943e-4,TRUE,head,removed early timestamp and paired first movement,1,1,0,0,1,1,0,0,1,0,0,0,1,TRUE,OK,
BE06LL24_A_HB.csv,data/s_files/psychopy/BE06LL24_A_HB.csv,BE06LL24,A,HB,04,Klicks_Block_A_04.clicked_name,Klicks_Block_A_04.time,A,TRUE,['Other_Block_A_04'],"[0.0005817001219838858, 187.01982710021548]",1,2,5.8170012198388e-4,TRUE,NA,removed early timestamp; retained all movement names,1,1,0,0,0,0,0,1,0,0,0,1,1,TRUE,OK,
BE06LL24_B_LB.csv,data/s_files/psychopy/BE06LL24_B_LB.csv,BE06LL24,B,LB,01,Klicks_Block_B_01.clicked_name,Klicks_Block_B_01.time,B,TRUE,"['Head_Block_B_01', 'Arms_Block_B_01']","[0.0006804000586271286, 55.913989699911326]",2,2,6.8040005862712e-4,TRUE,head,removed early timestamp and paired first movement,1,1,0,0,1,1,0,0,1,0,0,0,1,TRUE,OK,
BE06LL24_B_LB.csv,data/s_files/psychopy/BE06LL24_B_LB.csv,BE06LL24,B,LB,02,Klicks_Block_B_02.clicked_name,Klicks_Block_B_02.time,B,TRUE,"['Head_Block_B_02', 'Head_Block_B_02']","[0.000552099896594882, 157.91388070001267]",2,2,5.5209989659488e-4,TRUE,head,removed early timestamp and paired first movement,1,1,0,0,0,2,0,0,0,1,0,0,1,TRUE,OK,
BE06LL24_B_LB.csv,data/s_files/psychopy/BE06LL24_B_LB.csv,BE06LL24,B,LB,03,Klicks_Block_B_03.clicked_name,Klicks_Block_B_03.time,B,TRUE,[],[0.0005679999012500048],0,1,5.6799990125e-4,TRUE,NA,removed early timestamp; retained all movement names,0,0,0,0,0,0,0,0,0,0,0,0,0,TRUE,OK,
BE06LL24_B_LB.csv,data/s_files/psychopy/BE06LL24_B_LB.csv,BE06LL24,B,LB,04,Klicks_Block_B_04.clicked_name,Klicks_Block_B_04.time,B,TRUE,['Head_Block_B_04'],[0.0005544000305235386],1,1,5.5440003052353e-4,TRUE,head,removed early timestamp and paired first movement,0,0,0,0,0,1,0,0,0,0,0,0,0,TRUE,OK,
BG22OE24_A_LB.csv,data/s_files/psychopy/BG22OE24_A_LB.csv,BG22OE24,A,LB,01,Klicks_Block_A_01.clicked_name,Klicks_Block_A_01.time,A,TRUE,"['Head_Block_A_01', 'Other_Block_A_01', 'Other_Block_A_01', 'Other_Block_A_01', 'Head_Block_A_01']","[0.0006898000001456239, 54.96398219999992, 123.84085270000014, 151.78105189999997, 199.71508250000034]",5,5,6.8980000014562e-4,TRUE,head,removed early timestamp and paired first movement,4,4,0,0,0,2,0,3,0,1,0,3,4,TRUE,OK,
BG22OE24_A_LB.csv,data/s_files/psychopy/BG22OE24_A_LB.csv,BG22OE24,A,LB,02,Klicks_Block_A_02.clicked_name,Klicks_Block_A_02.time,A,TRUE,['Other_Block_A_02'],"[0.0005041999997956736, 44.15179489999991]",1,2,5.0419999979567e-4,TRUE,NA,removed early timestamp; retained all movement names,1,1,0,0,0,0,0,1,0,0,0,1,1,TRUE,OK,
BG22OE24_A_LB.csv,data/s_files/psychopy/BG22OE24_A_LB.csv,BG22OE24,A,LB,03,Klicks_Block_A_03.clicked_name,Klicks_Block_A_03.time,A,TRUE,"['Other_Block_A_03', 'Head_Block_A_03']","[0.0005162999996173312, 102.18299049999996, 201.55002449999984]",2,3,5.1629999961733e-4,TRUE,NA,removed early timestamp; retained all movement names,2,2,0,0,0,1,0,1,0,1,0,1,2,TRUE,OK,
BG22OE24_A_LB.csv,data/s_files/psychopy/BG22OE24_A_LB.csv,BG22OE24,A,LB,04,Klicks_Block_A_04.clicked_name,Klicks_Block_A_04.time,A,TRUE,['Other_Block_A_04'],"[0.0004860000003645837, 95.96892530000014]",1,2,4.8600000036458e-4,TRUE,NA,removed early timestamp; retained all movement names,1,1,0,0,0,0,0,1,0,0,0,1,1,TRUE,OK,
BG22OE24_B_HB.csv,data/s_files/psychopy/BG22OE24_B_HB.csv,BG22OE24,B,HB,01,Klicks_Block_B_01.clicked_name,Klicks_Block_B_01.time,B,TRUE,"['Head_Block_B_01', 'Other_Block_B_01', 'Legs_Block_B_01', 'Other_Block_B_01']","[0.0006079999998291896, 57.348992199999884, 177.25632240000004, 205.33006850000038]",4,4,6.0799999982918e-4,TRUE,head,removed early timestamp and paired first movement,3,3,0,0,0,1,1,2,0,0,1,2,3,TRUE,OK,
BG22OE24_B_HB.csv,data/s_files/psychopy/BG22OE24_B_HB.csv,BG22OE24,B,HB,02,Klicks_Block_B_02.clicked_name,Klicks_Block_B_02.time,B,TRUE,"['Other_Block_B_02', 'Other_Block_B_02', 'Other_Block_B_02']","[0.000520900000083202, 10.763607099999717, 78.20653260000017, 79.40611090000039]",3,4,5.209000000832e-4,TRUE,NA,removed early timestamp; retained all movement names,3,3,0,0,0,0,0,3,0,0,0,3,3,TRUE,OK,
BG22OE24_B_HB.csv,data/s_files/psychopy/BG22OE24_B_HB.csv,BG22OE24,B,HB,03,Klicks_Block_B_03.clicked_name,Klicks_Block_B_03.time,B,TRUE,['Other_Block_B_03'],[0.0005658000000039465],1,1,5.6580000000394e-4,TRUE,other,removed early timestamp and paired first movement,0,0,0,0,0,0,0,1,0,0,0,0,0,TRUE,OK,
BG22OE24_B_HB.csv,data/s_files/psychopy/BG22OE24_B_HB.csv,BG22OE24,B,HB,04,Klicks_Block_B_04.clicked_name,Klicks_Block_B_04.time,B,TRUE,[],[0.0007020000002739835],0,1,7.0200000027398e-4,TRUE,NA,removed early timestamp; retained all movement names,0,0,0,0,0,0,0,0,0,0,0,0,0,TRUE,OK,
BI20OE24_A_LB.csv,data/s_files/psychopy/BI20OE24_A_LB.csv,BI20OE24,A,LB,01,Klicks_Block_A_01.clicked_name,Klicks_Block_A_01.time,A,TRUE,"['Head_Block_A_01', 'Legs_Block_A_01', 'Legs_Block_A_01', 'Other_Block_A_01', 'Head_Block_A_01', 'Legs_Block_A_01', 'Legs_Block_A_01', 'Legs_Block_A_01', 'Arms_Block_A_01', 'Other_Block_A_01', 'Arms_Block_A_01', 'Arms_Block_A_01', 'Other_Block_A_01', 'Other_Block_A_01']","[0.0006132000125944614, 8.56475010002032, 9.296782999997959, 13.328625499969348, 15.894413799978793, 19.69386830017902, 21.143514099996537, 23.04285000008531, 27.87465939996764, 51.29904579999857, 64.39538260013796, 84.03873410006054, 97.91618759999983, 135.4051667000167]",14,14,6.1320001259446e-4,TRUE,head,removed early timestamp and paired first movement,13,13,0,0,3,2,5,4,3,1,5,4,13,TRUE,OK,
BI20OE24_A_LB.csv,data/s_files/psychopy/BI20OE24_A_LB.csv,BI20OE24,A,LB,02,Klicks_Block_A_02.clicked_name,Klicks_Block_A_02.time,A,TRUE,"['Other_Block_A_02', 'Arms_Block_A_02', 'Other_Block_A_02', 'Head_Block_A_02', 'Arms_Block_A_02', 'Arms_Block_A_02', 'Arms_Block_A_02', 'Other_Block_A_02', 'Legs_Block_A_02']","[0.0005228000227361917, 47.91776950005442, 53.31522059999406, 57.29739090008661, 84.00550920004025, 93.88475789991207, 97.31805490003899, 107.59664670005441, 208.44776739994995]",9,9,5.2280002273619e-4,TRUE,other,removed early timestamp and paired first movement,8,8,0,0,4,1,1,3,4,1,1,2,8,TRUE,OK,
BI20OE24_A_LB.csv,data/s_files/psychopy/BI20OE24_A_LB.csv,BI20OE24,A,LB,03,Klicks_Block_A_03.clicked_name,Klicks_Block_A_03.time,A,TRUE,"['Legs_Block_A_03', 'Head_Block_A_03', 'Other_Block_A_03', 'Arms_Block_A_03', 'Head_Block_A_03', 'Arms_Block_A_03', 'Head_Block_A_03', 'Other_Block_A_03', 'Other_Block_A_03', 'Arms_Block_A_03']","[0.0005797999911010265, 28.37435820000246, 67.99337500007823, 75.05748800002038, 98.48278640001081, 105.5637696001213, 107.02984829992056, 108.92968850000761, 117.14308409998193, 157.46313569997437]",10,10,5.7979999110102e-4,TRUE,leg,removed early timestamp and paired first movement,9,9,0,0,3,3,1,3,3,3,0,3,9,TRUE,OK,
BI20OE24_A_LB.csv,data/s_files/psychopy/BI20OE24_A_LB.csv,BI20OE24,A,LB,04,Klicks_Block_A_04.clicked_name,Klicks_Block_A_04.time,A,TRUE,"['Head_Block_A_04', 'Arms_Block_A_04', 'Arms_Block_A_04', 'Arms_Block_A_04', 'Arms_Block_A_04', 'Legs_Block_A_04', 'Other_Block_A_04', 'Arms_Block_A_04', 'Arms_Block_A_04', 'Arms_Block_A_04', 'Arms_Block_A_04', 'Head_Block_A_04', 'Legs_Block_A_04', 'Arms_Block_A_04', 'Other_Block_A_04', 'Head_Block_A_04', 'Arms_Block_A_04', 'Arms_Block_A_04', 'Other_Block_A_04', 'Other_Block_A_04', 'Arms_Block_A_04']","[0.00049769994802773, 38.470329199917614, 73.15820070006885, 78.37289620004594, 83.80511149996892, 94.28572949999943, 97.81711810012348, 102.86473349994048, 106.96306560002267, 112.57888030004688, 115.82661790004931, 119.64233980001882, 130.88819850003347, 137.88586200005375, 144.35024149995297, 145.01791570009664, 172.0414024000056, 172.50758720003068, 184.20447569992393, 202.18105560005642, 204.13068330008537]",21,21,4.9769994802773e-4,TRUE,head,removed early timestamp and paired first movement,20,20,0,0,12,3,2,4,12,2,2,4,20,TRUE,OK,
BI20OE24_B_HB.csv,data/s_files/psychopy/BI20OE24_B_HB.csv,BI20OE24,B,HB,01,Klicks_Block_B_01.clicked_name,Klicks_Block_B_01.time,B,TRUE,"['Head_Block_B_01', 'Head_Block_B_01', 'Arms_Block_B_01', 'Head_Block_B_01', 'Other_Block_B_01', 'Arms_Block_B_01', 'Arms_Block_B_01', 'Arms_Block_B_01', 'Arms_Block_B_01', 'Other_Block_B_01']","[0.0007974999025464058, 11.812069099862128, 17.62655199994333, 60.512380899861455, 75.5573300998658, 92.88494209991768, 120.49209089996293, 124.49201689986512, 166.57727829995565, 181.30473039997742]",10,10,7.974999025464e-4,TRUE,head,removed early timestamp and paired first movement,9,9,0,0,5,3,0,2,5,2,0,2,9,TRUE,OK,
BI20OE24_B_HB.csv,data/s_files/psychopy/BI20OE24_B_HB.csv,BI20OE24,B,HB,02,Klicks_Block_B_02.clicked_name,Klicks_Block_B_02.time,B,TRUE,"['Other_Block_B_02', 'Arms_Block_B_02', 'Other_Block_B_02', 'Arms_Block_B_02', 'Arms_Block_B_02', 'Arms_Block_B_02', 'Arms_Block_B_02', 'Legs_Block_B_02']","[0.0005657000001519918, 35.23561319988221, 39.30232109990902, 76.02285619988106, 87.5520572999958, 128.68751999991946, 133.8688031998463, 188.90035629994236]",8,8,5.6570000015199e-4,TRUE,other,removed early timestamp and paired first movement,7,7,0,0,5,0,1,2,5,0,1,1,7,TRUE,OK,
BI20OE24_B_HB.csv,data/s_files/psychopy/BI20OE24_B_HB.csv,BI20OE24,B,HB,03,Klicks_Block_B_03.clicked_name,Klicks_Block_B_03.time,B,TRUE,"['Other_Block_B_03', 'Arms_Block_B_03', 'Legs_Block_B_03', 'Head_Block_B_03', 'Arms_Block_B_03', 'Head_Block_B_03', 'Other_Block_B_03', 'Other_Block_B_03', 'Arms_Block_B_03', 'Legs_Block_B_03', 'Arms_Block_B_03', 'Other_Block_B_03', 'Arms_Block_B_03', 'Other_Block_B_03', 'Head_Block_B_03', 'Legs_Block_B_03']","[0.0005137999542057514, 22.191948299994692, 29.423296299995854, 31.039674799889326, 54.54855119995773, 79.88916309992783, 93.13482859986834, 94.66762640001252, 120.97534059989266, 122.77467409987003, 142.90133669995703, 152.94915080000646, 158.5622805999592, 189.5521388000343, 190.36880739987828, 198.49896729993634]",16,16,5.1379995420575e-4,TRUE,other,removed early timestamp and paired first movement,15,15,0,0,5,3,3,5,5,3,3,4,15,TRUE,OK,
BI20OE24_B_HB.csv,data/s_files/psychopy/BI20OE24_B_HB.csv,BI20OE24,B,HB,04,Klicks_Block_B_04.clicked_name,Klicks_Block_B_04.time,B,TRUE,"['Legs_Block_B_04', 'Head_Block_B_04', 'Arms_Block_B_04', 'Other_Block_B_04', 'Arms_Block_B_04', 'Arms_Block_B_04', 'Legs_Block_B_04', 'Head_Block_B_04', 'Other_Block_B_04', 'Legs_Block_B_04', 'Arms_Block_B_04', 'Arms_Block_B_04', 'Arms_Block_B_04', 'Other_Block_B_04', 'Legs_Block_B_04', 'Other_Block_B_04']","[0.0009675000328570604, 5.8141015998553485, 15.626568000065163, 17.492273000068963, 31.62105549988337, 46.116100899875164, 68.62491629994474, 77.64666099986061, 110.19535019993782, 118.3916603999678, 123.40717120002955, 125.82261179992929, 162.17692280001938, 171.77346729999408, 196.23186599998735, 205.84527310007252]",16,16,9.6750003285706e-4,TRUE,leg,removed early timestamp and paired first movement,15,15,0,0,6,2,4,4,6,2,3,4,15,TRUE,OK,
CA04TU11_A_LB.csv,data/s_files/psychopy/CA04TU11_A_LB.csv,CA04TU11,A,LB,01,Klicks_Block_A_01.clicked_name,Klicks_Block_A_01.time,A,TRUE,"['Head_Block_A_01', 'Other_Block_A_01', 'Arms_Block_A_01', 'Head_Block_A_01']","[0.000613299896940589, 64.84646929998416, 92.86850579991005, 178.0073899999261]",4,4,6.1329989694058e-4,TRUE,head,removed early timestamp and paired first movement,3,3,0,0,1,2,0,1,1,1,0,1,3,TRUE,OK,
CA04TU11_A_LB.csv,data/s_files/psychopy/CA04TU11_A_LB.csv,CA04TU11,A,LB,02,Klicks_Block_A_02.clicked_name,Klicks_Block_A_02.time,A,TRUE,"['Other_Block_A_02', 'Arms_Block_A_02', 'Other_Block_A_02', 'Arms_Block_A_02', 'Head_Block_A_02', 'Other_Block_A_02', 'Legs_Block_A_02']","[0.0005249000387266278, 40.55364599998575, 46.734877399983816, 71.1759184000548, 100.83419950003736, 104.06534690002445, 149.98336920002475]",7,7,5.2490003872662e-4,TRUE,other,removed early timestamp and paired first movement,6,6,0,0,2,1,1,3,2,1,1,2,6,TRUE,OK,
CA04TU11_A_LB.csv,data/s_files/psychopy/CA04TU11_A_LB.csv,CA04TU11,A,LB,03,Klicks_Block_A_03.clicked_name,Klicks_Block_A_03.time,A,TRUE,"['Arms_Block_A_03', 'Other_Block_A_03', 'Head_Block_A_03', 'Other_Block_A_03']","[0.0006251999875530601, 26.106736000045203, 42.28504330001306, 172.60856840002816]",4,4,6.2519998755306e-4,TRUE,arm,removed early timestamp and paired first movement,3,3,0,0,1,1,0,2,0,1,0,2,3,TRUE,OK,
CA04TU11_A_LB.csv,data/s_files/psychopy/CA04TU11_A_LB.csv,CA04TU11,A,LB,04,Klicks_Block_A_04.clicked_name,Klicks_Block_A_04.time,A,TRUE,"['Other_Block_A_04', 'Arms_Block_A_04', 'Other_Block_A_04', 'Legs_Block_A_04', 'Arms_Block_A_04', 'Head_Block_A_04', 'Arms_Block_A_04']","[0.00048259994946420193, 20.592874499969184, 58.1312352999812, 83.12220929993782, 131.5059512000298, 136.87103349994868, 159.5965092999395]",7,7,4.825999494642e-4,TRUE,other,removed early timestamp and paired first movement,6,6,0,0,3,1,1,2,3,1,1,1,6,TRUE,OK,
CA04TU11_B_HB.csv,data/s_files/psychopy/CA04TU11_B_HB.csv,CA04TU11,B,HB,01,Klicks_Block_B_01.clicked_name,Klicks_Block_B_01.time,B,TRUE,"['Head_Block_B_01', 'Head_Block_B_01', 'Head_Block_B_01', 'Arms_Block_B_01', 'Other_Block_B_01', 'Other_Block_B_01', 'Legs_Block_B_01']","[0.0005649999948218465, 19.310057100025006, 42.35190989996772, 62.5630145999603, 95.61722799995914, 144.9343468999723, 169.47673530003522]",7,7,5.6499999482184e-4,TRUE,head,removed early timestamp and paired first movement,6,6,0,0,1,3,1,2,1,2,1,2,6,TRUE,OK,
CA04TU11_B_HB.csv,data/s_files/psychopy/CA04TU11_B_HB.csv,CA04TU11,B,HB,02,Klicks_Block_B_02.clicked_name,Klicks_Block_B_02.time,B,TRUE,"['Legs_Block_B_02', 'Other_Block_B_02', 'Other_Block_B_02', 'Other_Block_B_02', 'Other_Block_B_02', 'Legs_Block_B_02']","[0.0005881000543013215, 65.9929430000484, 101.44763240008615, 125.38972550001927, 149.7312902000267, 188.984540100093]",6,6,5.8810005430132e-4,TRUE,leg,removed early timestamp and paired first movement,5,5,0,0,0,0,2,4,0,0,1,4,5,TRUE,OK,
CA04TU11_B_HB.csv,data/s_files/psychopy/CA04TU11_B_HB.csv,CA04TU11,B,HB,03,Klicks_Block_B_03.clicked_name,Klicks_Block_B_03.time,B,TRUE,"['Legs_Block_B_03', 'Other_Block_B_03', 'Arms_Block_B_03', 'Other_Block_B_03', 'Other_Block_B_03', 'Arms_Block_B_03', 'Other_Block_B_03', 'Legs_Block_B_03']","[0.0004947999259456992, 18.292712399968877, 47.850245899986476, 83.37047259998508, 112.01080199994612, 126.64061030000448, 155.1810423999559, 196.39882649993524]",8,8,4.9479992594569e-4,TRUE,leg,removed early timestamp and paired first movement,7,7,0,0,2,0,2,4,2,0,1,4,7,TRUE,OK,
CA04TU11_B_HB.csv,data/s_files/psychopy/CA04TU11_B_HB.csv,CA04TU11,B,HB,04,Klicks_Block_B_04.clicked_name,Klicks_Block_B_04.time,B,TRUE,"['Other_Block_B_04', 'Other_Block_B_04', 'Arms_Block_B_04', 'Other_Block_B_04', 'Other_Block_B_04', 'Other_Block_B_04']","[0.00045950000640004873, 52.64905889995862, 94.71863389993086, 120.99229620001279, 145.81715819996316, 185.02067400002852]",6,6,4.5950000640004e-4,TRUE,other,removed early timestamp and paired first movement,5,5,0,0,1,0,0,5,1,0,0,4,5,TRUE,OK,
CA11UR11_A_HB.csv,data/s_files/psychopy/CA11UR11_A_HB.csv,CA11UR11,A,HB,01,Klicks_Block_A_01.clicked_name,Klicks_Block_A_01.time,A,TRUE,['Arms_Block_A_01'],[0.0006260001100599766],1,1,6.2600011005997e-4,TRUE,arm,removed early timestamp and paired first movement,0,0,0,0,1,0,0,0,0,0,0,0,0,TRUE,OK,
CA11UR11_A_HB.csv,data/s_files/psychopy/CA11UR11_A_HB.csv,CA11UR11,A,HB,02,Klicks_Block_A_02.clicked_name,Klicks_Block_A_02.time,A,TRUE,['Arms_Block_A_02'],[0.0005402998067438602],1,1,5.4029980674386e-4,TRUE,arm,removed early timestamp and paired first movement,0,0,0,0,1,0,0,0,0,0,0,0,0,TRUE,OK,
CA11UR11_A_HB.csv,data/s_files/psychopy/CA11UR11_A_HB.csv,CA11UR11,A,HB,03,Klicks_Block_A_03.clicked_name,Klicks_Block_A_03.time,A,TRUE,['Arms_Block_A_03'],[0.0005125999450683594],1,1,5.1259994506835e-4,TRUE,arm,removed early timestamp and paired first movement,0,0,0,0,1,0,0,0,0,0,0,0,0,TRUE,OK,
CA11UR11_A_HB.csv,data/s_files/psychopy/CA11UR11_A_HB.csv,CA11UR11,A,HB,04,Klicks_Block_A_04.clicked_name,Klicks_Block_A_04.time,A,TRUE,['Arms_Block_A_04'],[0.0005296000745147467],1,1,5.2960007451474e-4,TRUE,arm,removed early timestamp and paired first movement,0,0,0,0,1,0,0,0,0,0,0,0,0,TRUE,OK,
CA11UR11_B_LB.csv,data/s_files/psychopy/CA11UR11_B_LB.csv,CA11UR11,B,LB,01,Klicks_Block_B_01.clicked_name,Klicks_Block_B_01.time,B,TRUE,['Head_Block_B_01'],[0.0006246000993996859],1,1,6.2460009939968e-4,TRUE,head,removed early timestamp and paired first movement,0,0,0,0,0,1,0,0,0,0,0,0,0,TRUE,OK,
CA11UR11_B_LB.csv,data/s_files/psychopy/CA11UR11_B_LB.csv,CA11UR11,B,LB,02,Klicks_Block_B_02.clicked_name,Klicks_Block_B_02.time,B,TRUE,['Arms_Block_B_02'],[0.0005414001643657684],1,1,5.4140016436576e-4,TRUE,arm,removed early timestamp and paired first movement,0,0,0,0,1,0,0,0,0,0,0,0,0,TRUE,OK,
CA11UR11_B_LB.csv,data/s_files/psychopy/CA11UR11_B_LB.csv,CA11UR11,B,LB,03,Klicks_Block_B_03.clicked_name,Klicks_Block_B_03.time,B,TRUE,['Arms_Block_B_03'],[0.0004980000667273998],1,1,4.9800006672739e-4,TRUE,arm,removed early timestamp and paired first movement,0,0,0,0,1,0,0,0,0,0,0,0,0,TRUE,OK,
CA11UR11_B_LB.csv,data/s_files/psychopy/CA11UR11_B_LB.csv,CA11UR11,B,LB,04,Klicks_Block_B_04.clicked_name,Klicks_Block_B_04.time,B,TRUE,['Arms_Block_B_04'],[0.0005522998981177807],1,1,5.5229989811778e-4,TRUE,arm,removed early timestamp and paired first movement,0,0,0,0,1,0,0,0,0,0,0,0,0,TRUE,OK,
CH08TU30_A_HB.csv,data/s_files/psychopy/CH08TU30_A_HB.csv,CH08TU30,A,HB,01,Klicks_Block_A_01.clicked_name,Klicks_Block_A_01.time,A,TRUE,"['Head_Block_A_01', 'Head_Block_A_01']","[0.0006258999928832054, 33.572970700013684]",2,2,6.258999928832e-4,TRUE,head,removed early timestamp and paired first movement,1,1,0,0,0,2,0,0,0,1,0,0,1,TRUE,OK,
CH08TU30_A_HB.csv,data/s_files/psychopy/CH08TU30_A_HB.csv,CH08TU30,A,HB,02,Klicks_Block_A_02.clicked_name,Klicks_Block_A_02.time,A,TRUE,"['Head_Block_A_02', 'Head_Block_A_02', 'Arms_Block_A_02']","[0.0005124000017531216, 23.193313900002977, 126.44057390000671]",3,3,5.1240000175312e-4,TRUE,head,removed early timestamp and paired first movement,2,2,0,0,1,2,0,0,1,1,0,0,2,TRUE,OK,
CH08TU30_A_HB.csv,data/s_files/psychopy/CH08TU30_A_HB.csv,CH08TU30,A,HB,03,Klicks_Block_A_03.clicked_name,Klicks_Block_A_03.time,A,TRUE,"['Arms_Block_A_03', 'Arms_Block_A_03', 'Other_Block_A_03', 'Head_Block_A_03', 'Head_Block_A_03', 'Head_Block_A_03', 'Head_Block_A_03']","[0.0005603000172413886, 6.965278999996372, 110.66259880000143, 113.14438660000451, 113.76082290001796, 183.0047504999966, 185.2703457000025]",7,7,5.6030001724138e-4,TRUE,arm,removed early timestamp and paired first movement,6,6,0,0,2,4,0,1,1,4,0,1,6,TRUE,OK,
CH08TU30_A_HB.csv,data/s_files/psychopy/CH08TU30_A_HB.csv,CH08TU30,A,HB,04,Klicks_Block_A_04.clicked_name,Klicks_Block_A_04.time,A,TRUE,"['Head_Block_A_04', 'Legs_Block_A_04', 'Head_Block_A_04', 'Head_Block_A_04', 'Other_Block_A_04', 'Other_Block_A_04', 'Arms_Block_A_04', 'Head_Block_A_04', 'Head_Block_A_04', 'Legs_Block_A_04']","[0.0004928999987896532, 11.528720899979817, 20.00963759998558, 159.6954868999892, 164.3769781999872, 169.7087857000006, 179.47219679999398, 180.43841909998446, 182.18770680000307, 186.12048539999523]",10,10,4.9289999878965e-4,TRUE,head,removed early timestamp and paired first movement,9,9,0,0,1,5,2,2,1,4,2,2,9,TRUE,OK,
CH08TU30_B_LB.csv,data/s_files/psychopy/CH08TU30_B_LB.csv,CH08TU30,B,LB,01,Klicks_Block_B_01.clicked_name,Klicks_Block_B_01.time,B,TRUE,"['Arms_Block_B_01', 'Legs_Block_B_01', 'Arms_Block_B_01']","[0.0007260999991558492, 23.70824310000171, 34.62156440000399]",3,3,7.2609999915584e-4,TRUE,arm,removed early timestamp and paired first movement,2,2,0,0,2,0,1,0,1,0,1,0,2,TRUE,OK,
CH08TU30_B_LB.csv,data/s_files/psychopy/CH08TU30_B_LB.csv,CH08TU30,B,LB,02,Klicks_Block_B_02.clicked_name,Klicks_Block_B_02.time,B,TRUE,"['Arms_Block_B_02', 'Arms_Block_B_02']","[0.00047369999811053276, 148.01614810002502]",2,2,4.7369999811053e-4,TRUE,arm,removed early timestamp and paired first movement,1,1,0,0,2,0,0,0,1,0,0,0,1,TRUE,OK,
CH08TU30_B_LB.csv,data/s_files/psychopy/CH08TU30_B_LB.csv,CH08TU30,B,LB,03,Klicks_Block_B_03.clicked_name,Klicks_Block_B_03.time,B,TRUE,"['Arms_Block_B_03', 'Legs_Block_B_03', 'Head_Block_B_03', 'Other_Block_B_03', 'Other_Block_B_03', 'Other_Block_B_03', 'Legs_Block_B_03']","[0.001127199997426942, 141.50057139998535, 192.10282289999304, 193.31669800000964, 197.76462800000445, 198.89777509999112, 206.09491129999515]",7,7,0.00112719999742694,TRUE,arm,removed early timestamp and paired first movement,6,6,0,0,1,1,2,3,0,1,2,3,6,TRUE,OK,
CH08TU30_B_LB.csv,data/s_files/psychopy/CH08TU30_B_LB.csv,CH08TU30,B,LB,04,Klicks_Block_B_04.clicked_name,Klicks_Block_B_04.time,B,TRUE,"['Legs_Block_B_04', 'Head_Block_B_04', 'Legs_Block_B_04', 'Arms_Block_B_04', 'Head_Block_B_04', 'Head_Block_B_04', 'Legs_Block_B_04', 'Head_Block_B_04', 'Head_Block_B_04', 'Legs_Block_B_04', 'Arms_Block_B_04']","[0.001030800020089373, 73.1567165000015, 94.48348880000412, 98.38144580001244, 101.49863810001989, 107.94502250000369, 120.07431140000699, 127.95647610002197, 147.13225950000924, 168.32454180001514, 200.7305151000037]",11,11,0.00103080002008937,TRUE,leg,removed early timestamp and paired first movement,10,10,0,0,2,5,4,0,2,5,3,0,10,TRUE,OK,
CH10AL22_A_LB.csv,data/s_files/psychopy/CH10AL22_A_LB.csv,CH10AL22,A,LB,01,Klicks_Block_A_01.clicked_name,Klicks_Block_A_01.time,A,TRUE,"['Head_Block_A_01', 'Arms_Block_A_01', 'Other_Block_A_01', 'Arms_Block_A_01', 'Other_Block_A_01', 'Head_Block_A_01', 'Head_Block_A_01', 'Other_Block_A_01', 'Head_Block_A_01', 'Arms_Block_A_01', 'Legs_Block_A_01', 'Other_Block_A_01']","[0.0054846000275574625, 22.58311030000914, 30.516180199978407, 32.32779990002746, 89.5142121000099, 95.27087180002127, 100.24864140001591, 133.7879495000234, 160.11372020002455, 172.3128136000014, 197.0037747999886, 207.14787179999985]",12,12,0.00548460002755746,TRUE,head,removed early timestamp and paired first movement,11,11,0,0,3,4,1,4,3,3,1,4,11,TRUE,OK,
CH10AL22_A_LB.csv,data/s_files/psychopy/CH10AL22_A_LB.csv,CH10AL22,A,LB,02,Klicks_Block_A_02.clicked_name,Klicks_Block_A_02.time,A,TRUE,"['Arms_Block_A_02', 'Arms_Block_A_02', 'Arms_Block_A_02', 'Arms_Block_A_02', 'Arms_Block_A_02']","[0.002431000000797212, 11.46961009997176, 49.17898640001658, 142.12005329999374, 177.6660428000032]",5,5,0.00243100000079721,TRUE,arm,removed early timestamp and paired first movement,4,4,0,0,5,0,0,0,4,0,0,0,4,TRUE,OK,
CH10AL22_A_LB.csv,data/s_files/psychopy/CH10AL22_A_LB.csv,CH10AL22,A,LB,03,Klicks_Block_A_03.clicked_name,Klicks_Block_A_03.time,A,TRUE,"['Arms_Block_A_03', 'Arms_Block_A_03', 'Legs_Block_A_03']","[0.001336699991952628, 15.080586399999447, 104.74000829999568]",3,3,0.00133669999195262,TRUE,arm,removed early timestamp and paired first movement,2,2,0,0,2,0,1,0,1,0,1,0,2,TRUE,OK,
CH10AL22_A_LB.csv,data/s_files/psychopy/CH10AL22_A_LB.csv,CH10AL22,A,LB,04,Klicks_Block_A_04.clicked_name,Klicks_Block_A_04.time,A,TRUE,"['Legs_Block_A_04', 'Legs_Block_A_04', 'Arms_Block_A_04']","[0.001351499988231808, 73.6559306999552, 82.82750710000983]",3,3,0.0013514999882318,TRUE,leg,removed early timestamp and paired first movement,2,2,0,0,1,0,2,0,1,0,1,0,2,TRUE,OK,
CH10AL22_B_HB.csv,data/s_files/psychopy/CH10AL22_B_HB.csv,CH10AL22,B,HB,01,Klicks_Block_B_01.clicked_name,Klicks_Block_B_01.time,B,TRUE,"['Arms_Block_B_01', 'Arms_Block_B_01', 'Head_Block_B_01', 'Arms_Block_B_01', 'Arms_Block_B_01']","[0.0038417999749071896, 28.084885499964003, 28.713618199981283, 29.55126440001186, 95.1355611999752, 173.22534689999884, 200.1728543000063]",5,7,0.00384179997490718,TRUE,NA,removed early timestamp; retained all movement names,5,6,1,0,4,1,0,0,4,1,0,0,5,TRUE,WARNING,1 timestamp(s) cannot be matched to clicked_name
CH10AL22_B_HB.csv,data/s_files/psychopy/CH10AL22_B_HB.csv,CH10AL22,B,HB,02,Klicks_Block_B_02.clicked_name,Klicks_Block_B_02.time,B,TRUE,"['Arms_Block_B_02', 'Head_Block_B_02', 'Arms_Block_B_02', 'Legs_Block_B_02', 'Other_Block_B_02', 'Arms_Block_B_02', 'Head_Block_B_02', 'Other_Block_B_02', 'Legs_Block_B_02']","[0.002183099975809455, 22.841825099952985, 79.29939489997923, 80.5631066999631, 83.42013719998067, 105.913418799988, 110.45992939994903, 136.93377189995954, 177.9498251999612]",9,9,0.00218309997580945,TRUE,arm,removed early timestamp and paired first movement,8,8,0,0,3,2,2,2,2,2,2,2,8,TRUE,OK,
CH10AL22_B_HB.csv,data/s_files/psychopy/CH10AL22_B_HB.csv,CH10AL22,B,HB,03,Klicks_Block_B_03.clicked_name,Klicks_Block_B_03.time,B,TRUE,"['Legs_Block_B_03', 'Arms_Block_B_03', 'Other_Block_B_03', 'Head_Block_B_03', 'Arms_Block_B_03', 'Arms_Block_B_03', 'Legs_Block_B_03', 'Arms_Block_B_03', 'Arms_Block_B_03', 'Other_Block_B_03', 'Arms_Block_B_03']","[0.00425820000236854, 11.086775699979626, 26.007573699986096, 27.0103461999679, 28.19198730000062, 70.62949779996416, 77.19993699999759, 82.69184869999299, 125.51188959996216, 127.22760759998346, 178.17536069999915]",11,11,0.00425820000236854,TRUE,leg,removed early timestamp and paired first movement,10,10,0,0,6,1,2,2,6,1,1,2,10,TRUE,OK,
CH10AL22_B_HB.csv,data/s_files/psychopy/CH10AL22_B_HB.csv,CH10AL22,B,HB,04,Klicks_Block_B_04.clicked_name,Klicks_Block_B_04.time,B,TRUE,"['Arms_Block_B_04', 'Head_Block_B_04', 'Arms_Block_B_04', 'Head_Block_B_04', 'Legs_Block_B_04', 'Legs_Block_B_04', 'Other_Block_B_04', 'Legs_Block_B_04', 'Arms_Block_B_04', 'Arms_Block_B_04', 'Arms_Block_B_04', 'Arms_Block_B_04', 'Legs_Block_B_04', 'Head_Block_B_04', 'Head_Block_B_04', 'Legs_Block_B_04']","[0.0034726999583654106, 6.623735399974976, 27.200343499949668, 28.496340599958785, 53.30247639998561, 53.705803099961486, 65.81839349999791, 98.15190189995337, 117.73096129996702, 126.7606770999846, 148.3786867999588, 175.13060059997952, 198.14215969998622, 201.5088561999728, 203.72312589996727, 206.90474589995574]",16,16,0.00347269995836541,TRUE,arm,removed early timestamp and paired first movement,15,15,0,0,6,4,5,1,5,4,5,1,15,TRUE,OK,
CH10AN25_A_HB.csv,data/s_files/psychopy/CH10AN25_A_HB.csv,CH10AN25,A,HB,01,Klicks_Block_A_01.clicked_name,Klicks_Block_A_01.time,A,TRUE,"['Other_Block_A_01', 'Legs_Block_A_01', 'Other_Block_A_01']","[0.0007219999097287655, 164.19434220017865, 171.29179059993476, 193.15120760025457]",3,4,7.2199990972876e-4,TRUE,NA,removed early timestamp; retained all movement names,3,3,0,0,0,0,1,2,0,0,1,2,3,TRUE,OK,
CH10AN25_A_HB.csv,data/s_files/psychopy/CH10AN25_A_HB.csv,CH10AN25,A,HB,02,Klicks_Block_A_02.clicked_name,Klicks_Block_A_02.time,A,TRUE,"['Other_Block_A_02', 'Other_Block_A_02', 'Arms_Block_A_02', 'Legs_Block_A_02']","[0.0005451999604701996, 40.052957399748266, 131.22202220000327, 194.18387919990346]",4,4,5.4519996047019e-4,TRUE,other,removed early timestamp and paired first movement,3,3,0,0,1,0,1,2,1,0,1,1,3,TRUE,OK,
CH10AN25_A_HB.csv,data/s_files/psychopy/CH10AN25_A_HB.csv,CH10AN25,A,HB,03,Klicks_Block_A_03.clicked_name,Klicks_Block_A_03.time,A,TRUE,"['Arms_Block_A_03', 'Other_Block_A_03', 'Other_Block_A_03', 'Arms_Block_A_03']","[0.0005117999389767647, 28.607858600094914, 36.704032300040126, 83.80493440013379, 119.90914859995246]",4,5,5.1179993897676e-4,TRUE,NA,removed early timestamp; retained all movement names,4,4,0,0,2,0,0,2,2,0,0,2,4,TRUE,OK,
CH10AN25_A_HB.csv,data/s_files/psychopy/CH10AN25_A_HB.csv,CH10AN25,A,HB,04,Klicks_Block_A_04.clicked_name,Klicks_Block_A_04.time,A,TRUE,"['Legs_Block_A_04', 'Head_Block_A_04', 'Other_Block_A_04']","[0.00048609962686896324, 77.70633749989793, 113.02750259963796, 201.3644619998522]",3,4,4.8609962686896e-4,TRUE,NA,removed early timestamp; retained all movement names,3,3,0,0,0,1,1,1,0,1,1,1,3,TRUE,OK,
CH10AN25_B_LB.csv,data/s_files/psychopy/CH10AN25_B_LB.csv,CH10AN25,B,LB,01,Klicks_Block_B_01.clicked_name,Klicks_Block_B_01.time,B,TRUE,"['Head_Block_B_01', 'Other_Block_B_01', 'Arms_Block_B_01']","[0.0008469996973872185, 122.97609989997, 177.35789990006015]",3,3,8.4699969738721e-4,TRUE,head,removed early timestamp and paired first movement,2,2,0,0,1,1,0,1,1,0,0,1,2,TRUE,OK,
CH10AN25_B_LB.csv,data/s_files/psychopy/CH10AN25_B_LB.csv,CH10AN25,B,LB,02,Klicks_Block_B_02.clicked_name,Klicks_Block_B_02.time,B,TRUE,"['Arms_Block_B_02', 'Legs_Block_B_02', 'Other_Block_B_02', 'Legs_Block_B_02']","[0.0005143997259438038, 4.6316426997072995, 35.88805409986526, 101.5831534001045]",4,4,5.143997259438e-4,TRUE,arm,removed early timestamp and paired first movement,3,3,0,0,1,0,2,1,0,0,2,1,3,TRUE,OK,
CH10AN25_B_LB.csv,data/s_files/psychopy/CH10AN25_B_LB.csv,CH10AN25,B,LB,03,Klicks_Block_B_03.clicked_name,Klicks_Block_B_03.time,B,TRUE,"['Legs_Block_B_03', 'Legs_Block_B_03', 'Other_Block_B_03']","[0.000488900113850832, 1.7323475000448525, 23.37499919999391, 101.36497850017622]",3,4,4.8890011385083e-4,TRUE,NA,removed early timestamp; retained all movement names,3,3,0,0,0,0,2,1,0,0,2,1,3,TRUE,OK,
CH10AN25_B_LB.csv,data/s_files/psychopy/CH10AN25_B_LB.csv,CH10AN25,B,LB,04,Klicks_Block_B_04.clicked_name,Klicks_Block_B_04.time,B,TRUE,"['Other_Block_B_04', 'Other_Block_B_04', 'Arms_Block_B_04']","[0.0005947998724877834, 59.81392990006134, 102.50027040019631, 200.5651024999097]",3,4,5.9479987248778e-4,TRUE,NA,removed early timestamp; retained all movement names,3,3,0,0,1,0,0,2,1,0,0,2,3,TRUE,OK,
CH11RE22_A_HB.csv,data/s_files/psychopy/CH11RE22_A_HB.csv,CH11RE22,A,HB,01,Klicks_Block_A_01.clicked_name,Klicks_Block_A_01.time,A,TRUE,"['Head_Block_A_01', 'Arms_Block_A_01']","[0.00056419987231493, 34.104913800023496]",2,2,5.6419987231493e-4,TRUE,head,removed early timestamp and paired first movement,1,1,0,0,1,1,0,0,1,0,0,0,1,TRUE,OK,
CH11RE22_A_HB.csv,data/s_files/psychopy/CH11RE22_A_HB.csv,CH11RE22,A,HB,02,Klicks_Block_A_02.clicked_name,Klicks_Block_A_02.time,A,TRUE,"['Arms_Block_A_02', 'Arms_Block_A_02', 'Arms_Block_A_02', 'Arms_Block_A_02', 'Arms_Block_A_02']","[0.0004867999814450741, 2.266174199990928, 41.96979589993134, 185.02081050002016, 199.10018719988875]",5,5,4.8679998144507e-4,TRUE,arm,removed early timestamp and paired first movement,4,4,0,0,5,0,0,0,4,0,0,0,4,TRUE,OK,
CH11RE22_A_HB.csv,data/s_files/psychopy/CH11RE22_A_HB.csv,CH11RE22,A,HB,03,Klicks_Block_A_03.clicked_name,Klicks_Block_A_03.time,A,TRUE,"['Arms_Block_A_03', 'Arms_Block_A_03', 'Arms_Block_A_03', 'Arms_Block_A_03']","[0.0004942999221384525, 65.2790934999939, 93.17045550001785, 109.2804481999483]",4,4,4.9429992213845e-4,TRUE,arm,removed early timestamp and paired first movement,3,3,0,0,4,0,0,0,3,0,0,0,3,TRUE,OK,
CH11RE22_A_HB.csv,data/s_files/psychopy/CH11RE22_A_HB.csv,CH11RE22,A,HB,04,Klicks_Block_A_04.clicked_name,Klicks_Block_A_04.time,A,TRUE,"['Arms_Block_A_04', 'Other_Block_A_04', 'Arms_Block_A_04', 'Arms_Block_A_04', 'Other_Block_A_04']","[0.000512199942022562, 9.130634299945086, 29.240116499830037, 80.63890199991874, 83.40055409981869]",5,5,5.1219994202256e-4,TRUE,arm,removed early timestamp and paired first movement,4,4,0,0,3,0,0,2,2,0,0,2,4,TRUE,OK,
CH11RE22_B_LB.csv,data/s_files/psychopy/CH11RE22_B_LB.csv,CH11RE22,B,LB,01,Klicks_Block_B_01.clicked_name,Klicks_Block_B_01.time,B,TRUE,"['Other_Block_B_01', 'Arms_Block_B_01', 'Arms_Block_B_01', 'Arms_Block_B_01', 'Arms_Block_B_01']","[0.0005548999179154634, 21.02563469996676, 32.12243289989419, 64.36257199989632, 113.81142150005326]",5,5,5.5489991791546e-4,TRUE,other,removed early timestamp and paired first movement,4,4,0,0,4,0,0,1,4,0,0,0,4,TRUE,OK,
CH11RE22_B_LB.csv,data/s_files/psychopy/CH11RE22_B_LB.csv,CH11RE22,B,LB,02,Klicks_Block_B_02.clicked_name,Klicks_Block_B_02.time,B,TRUE,"['Arms_Block_B_02', 'Other_Block_B_02', 'Arms_Block_B_02']","[0.0005980001296848059, 143.78360890015028, 151.39794400008395]",3,3,5.980001296848e-4,TRUE,arm,removed early timestamp and paired first movement,2,2,0,0,2,0,0,1,1,0,0,1,2,TRUE,OK,
CH11RE22_B_LB.csv,data/s_files/psychopy/CH11RE22_B_LB.csv,CH11RE22,B,LB,03,Klicks_Block_B_03.clicked_name,Klicks_Block_B_03.time,B,TRUE,"['Arms_Block_B_03', 'Arms_Block_B_03']","[0.0005763999652117491, 87.55233430000953]",2,2,5.7639996521174e-4,TRUE,arm,removed early timestamp and paired first movement,1,1,0,0,2,0,0,0,1,0,0,0,1,TRUE,OK,
CH11RE22_B_LB.csv,data/s_files/psychopy/CH11RE22_B_LB.csv,CH11RE22,B,LB,04,Klicks_Block_B_04.clicked_name,Klicks_Block_B_04.time,B,TRUE,"['Other_Block_B_04', 'Arms_Block_B_04', 'Other_Block_B_04']","[0.0016418001614511013, 70.39061880018562, 206.3440041001886]",3,3,0.0016418001614511,TRUE,other,removed early timestamp and paired first movement,2,2,0,0,1,0,0,2,1,0,0,1,2,TRUE,OK,
CH18EU28_A_HB.csv,data/s_files/psychopy/CH18EU28_A_HB.csv,CH18EU28,A,HB,01,Klicks_Block_A_01.clicked_name,Klicks_Block_A_01.time,A,TRUE,"['Head_Block_A_01', 'Arms_Block_A_01']","[0.0005574000533670187, 63.49610600003507]",2,2,5.5740005336701e-4,TRUE,head,removed early timestamp and paired first movement,1,1,0,0,1,1,0,0,1,0,0,0,1,TRUE,OK,
CH18EU28_A_HB.csv,data/s_files/psychopy/CH18EU28_A_HB.csv,CH18EU28,A,HB,02,Klicks_Block_A_02.clicked_name,Klicks_Block_A_02.time,A,TRUE,"['Arms_Block_A_02', 'Other_Block_A_02', 'Other_Block_A_02']","[0.0005123999435454607, 60.26291749998927, 156.74697560002096]",3,3,5.1239994354546e-4,TRUE,arm,removed early timestamp and paired first movement,2,2,0,0,1,0,0,2,0,0,0,2,2,TRUE,OK,
CH18EU28_A_HB.csv,data/s_files/psychopy/CH18EU28_A_HB.csv,CH18EU28,A,HB,03,Klicks_Block_A_03.clicked_name,Klicks_Block_A_03.time,A,TRUE,"['Other_Block_A_03', 'Legs_Block_A_03']","[0.0005502999993041158, 63.09457869990729]",2,2,5.5029999930411e-4,TRUE,other,removed early timestamp and paired first movement,1,1,0,0,0,0,1,1,0,0,1,0,1,TRUE,OK,
CH18EU28_A_HB.csv,data/s_files/psychopy/CH18EU28_A_HB.csv,CH18EU28,A,HB,04,Klicks_Block_A_04.clicked_name,Klicks_Block_A_04.time,A,TRUE,"['Legs_Block_A_04', 'Arms_Block_A_04']","[0.0005964000010862947, 136.18702789989766]",2,2,5.9640000108629e-4,TRUE,leg,removed early timestamp and paired first movement,1,1,0,0,1,0,1,0,1,0,0,0,1,TRUE,OK,
CH18EU28_B_LB.csv,data/s_files/psychopy/CH18EU28_B_LB.csv,CH18EU28,B,LB,01,Klicks_Block_B_01.clicked_name,Klicks_Block_B_01.time,B,TRUE,"['Head_Block_B_01', 'Head_Block_B_01', 'Legs_Block_B_01']","[0.0007373999105766416, 78.22447049990296, 192.38682619994506]",3,3,7.3739991057664e-4,TRUE,head,removed early timestamp and paired first movement,2,2,0,0,0,2,1,0,0,1,1,0,2,TRUE,OK,
CH18EU28_B_LB.csv,data/s_files/psychopy/CH18EU28_B_LB.csv,CH18EU28,B,LB,02,Klicks_Block_B_02.clicked_name,Klicks_Block_B_02.time,B,TRUE,"['Legs_Block_B_02', 'Legs_Block_B_02']","[0.0005157999694347382, 97.33381229999941]",2,2,5.1579996943473e-4,TRUE,leg,removed early timestamp and paired first movement,1,1,0,0,0,0,2,0,0,0,1,0,1,TRUE,OK,
CH18EU28_B_LB.csv,data/s_files/psychopy/CH18EU28_B_LB.csv,CH18EU28,B,LB,03,Klicks_Block_B_03.clicked_name,Klicks_Block_B_03.time,B,TRUE,"['Legs_Block_B_03', 'Other_Block_B_03']","[0.0005330001004040241, 188.951144700055]",2,2,5.3300010040402e-4,TRUE,leg,removed early timestamp and paired first movement,1,1,0,0,0,0,1,1,0,0,0,1,1,TRUE,OK,
CH18EU28_B_LB.csv,data/s_files/psychopy/CH18EU28_B_LB.csv,CH18EU28,B,LB,04,Klicks_Block_B_04.clicked_name,Klicks_Block_B_04.time,B,TRUE,"['Other_Block_B_04', 'Legs_Block_B_04', 'Arms_Block_B_04', 'Other_Block_B_04']","[0.0006117000011727214, 57.09767060005106, 142.11841039999854, 198.81590140005574]",4,4,6.1170000117272e-4,TRUE,other,removed early timestamp and paired first movement,3,3,0,0,1,0,1,2,1,0,1,1,3,TRUE,OK,
CL22OE02_A_HB.csv,data/s_files/psychopy/CL22OE02_A_HB.csv,CL22OE02,A,HB,01,Klicks_Block_A_01.clicked_name,Klicks_Block_A_01.time,A,TRUE,"['Legs_Block_A_01', 'Arms_Block_A_01']","[0.0006300001405179501, 164.6770506000612]",2,2,6.3000014051795e-4,TRUE,leg,removed early timestamp and paired first movement,1,1,0,0,1,0,1,0,1,0,0,0,1,TRUE,OK,
CL22OE02_A_HB.csv,data/s_files/psychopy/CL22OE02_A_HB.csv,CL22OE02,A,HB,02,Klicks_Block_A_02.clicked_name,Klicks_Block_A_02.time,A,TRUE,"['Arms_Block_A_02', 'Other_Block_A_02', 'Legs_Block_A_02', 'Arms_Block_A_02', 'Arms_Block_A_02', 'Legs_Block_A_02', 'Legs_Block_A_02', 'Arms_Block_A_02', 'Arms_Block_A_02', 'Legs_Block_A_02', 'Legs_Block_A_02', 'Legs_Block_A_02', 'Arms_Block_A_02', 'Arms_Block_A_02']","[0.0005479000974446535, 37.403781099943444, 64.96090560010634, 90.1358916000463, 90.45260139997117, 109.14595549996011, 119.04335439996794, 125.37419690005481, 126.45802880008705, 156.4801491999533, 170.14316640002653, 170.6760651001241, 184.73794319992885, 204.0477180001326]",14,14,5.4790009744465e-4,TRUE,arm,removed early timestamp and paired first movement,13,13,0,0,7,0,6,1,6,0,6,1,13,TRUE,OK,
CL22OE02_A_HB.csv,data/s_files/psychopy/CL22OE02_A_HB.csv,CL22OE02,A,HB,03,Klicks_Block_A_03.clicked_name,Klicks_Block_A_03.time,A,TRUE,"['Arms_Block_A_03', 'Arms_Block_A_03', 'Arms_Block_A_03', 'Arms_Block_A_03', 'Arms_Block_A_03', 'Arms_Block_A_03', 'Arms_Block_A_03', 'Arms_Block_A_03', 'Arms_Block_A_03', 'Arms_Block_A_03', 'Arms_Block_A_03', 'Legs_Block_A_03', 'Legs_Block_A_03', 'Legs_Block_A_03', 'Other_Block_A_03', 'Arms_Block_A_03', 'Legs_Block_A_03', 'Legs_Block_A_03', 'Legs_Block_A_03', 'Legs_Block_A_03', 'Arms_Block_A_03', 'Legs_Block_A_03', 'Arms_Block_A_03', 'Other_Block_A_03', 'Legs_Block_A_03', 'Legs_Block_A_03']","[0.0004687998443841934, 7.314060800010338, 10.179497399833053, 11.16385249979794, 12.662002099910751, 16.228652499848977, 22.85940620000474, 90.15268729999661, 92.33562039979734, 119.99349369993433, 141.368967999937, 147.93334649992175, 162.56176349986345, 163.91274959989823, 168.65955169987865, 180.27235719980672, 182.55571049987338, 184.10428570001386, 186.00352979986928, 191.31895589991473, 192.68506459984928, 194.86745469993912, 197.25121249980293, 201.71651849988848, 208.31282819993794, 209.0474729000125]",26,26,4.6879984438419e-4,TRUE,arm,removed early timestamp and paired first movement,25,25,0,0,14,0,10,2,13,0,10,2,25,TRUE,OK,
CL22OE02_A_HB.csv,data/s_files/psychopy/CL22OE02_A_HB.csv,CL22OE02,A,HB,04,Klicks_Block_A_04.clicked_name,Klicks_Block_A_04.time,A,TRUE,"['Arms_Block_A_04', 'Legs_Block_A_04', 'Legs_Block_A_04', 'Arms_Block_A_04', 'Legs_Block_A_04', 'Arms_Block_A_04', 'Arms_Block_A_04', 'Legs_Block_A_04', 'Legs_Block_A_04', 'Legs_Block_A_04', 'Legs_Block_A_04', 'Legs_Block_A_04', 'Legs_Block_A_04', 'Legs_Block_A_04', 'Legs_Block_A_04', 'Legs_Block_A_04', 'Legs_Block_A_04', 'Legs_Block_A_04', 'Arms_Block_A_04', 'Legs_Block_A_04', 'Legs_Block_A_04', 'Arms_Block_A_04', 'Legs_Block_A_04', 'Legs_Block_A_04', 'Legs_Block_A_04', 'Legs_Block_A_04', 'Legs_Block_A_04', 'Arms_Block_A_04', 'Arms_Block_A_04', 'Arms_Block_A_04', 'Legs_Block_A_04', 'Arms_Block_A_04', 'Arms_Block_A_04', 'Legs_Block_A_04', 'Arms_Block_A_04', 'Arms_Block_A_04']","[0.0004651998169720173, 9.213262399891391, 18.810212699929252, 21.993124999804422, 24.209758299868554, 28.123825599905103, 32.60576760000549, 40.85259329993278, 59.67962999991141, 60.54597419989295, 73.59263779991306, 74.50793599989265, 84.0048093998339, 85.20439530001022, 86.30497800000012, 89.7696517999284, 91.93711099983193, 105.86452990001999, 112.72849549981765, 115.42789769987576, 116.31106009986252, 122.2250814998988, 125.69280269998126, 129.1069705998525, 146.28391799982637, 151.5989451999776, 159.34654999990016, 173.94194769999012, 177.93971629999578, 181.98861099989153, 185.82049259985797, 202.93252549995668, 203.93115319986828, 204.7478825999424, 207.91328420001082, 209.34655139991082]",36,36,4.6519981697201e-4,TRUE,arm,removed early timestamp and paired first movement,35,35,0,0,13,0,23,0,12,0,23,0,35,TRUE,OK,
CL22OE02_B_LB.csv,data/s_files/psychopy/CL22OE02_B_LB.csv,CL22OE02,B,LB,01,Klicks_Block_B_01.clicked_name,Klicks_Block_B_01.time,B,TRUE,"['Head_Block_B_01', 'Legs_Block_B_01', 'Legs_Block_B_01', 'Legs_Block_B_01', 'Legs_Block_B_01', 'Legs_Block_B_01', 'Legs_Block_B_01', 'Legs_Block_B_01', 'Arms_Block_B_01', 'Legs_Block_B_01', 'Legs_Block_B_01', 'Legs_Block_B_01', 'Legs_Block_B_01', 'Legs_Block_B_01', 'Legs_Block_B_01', 'Head_Block_B_01', 'Arms_Block_B_01']","[0.0005840999074280262, 28.389177599921823, 54.93036530003883, 65.65971939987503, 66.32628059992567, 72.10804319987074, 73.85704789985903, 75.08999320003204, 108.79526200005785, 127.65593359991908, 129.00506159989163, 144.81869930005632, 147.1498481000308, 148.29955430002883, 157.01259110006504, 178.57206579996273, 198.2004366000183]",17,17,5.8409990742802e-4,TRUE,head,removed early timestamp and paired first movement,16,16,0,0,2,2,13,0,2,1,13,0,16,TRUE,OK,
CL22OE02_B_LB.csv,data/s_files/psychopy/CL22OE02_B_LB.csv,CL22OE02,B,LB,02,Klicks_Block_B_02.clicked_name,Klicks_Block_B_02.time,B,TRUE,"['Legs_Block_B_02', 'Legs_Block_B_02', 'Arms_Block_B_02']","[0.000507500022649765, 58.56425349996425, 145.19988179998472, 188.91921720001847]",3,4,5.0750002264976e-4,TRUE,NA,removed early timestamp; retained all movement names,3,3,0,0,1,0,2,0,1,0,2,0,3,TRUE,OK,
CL22OE02_B_LB.csv,data/s_files/psychopy/CL22OE02_B_LB.csv,CL22OE02,B,LB,03,Klicks_Block_B_03.clicked_name,Klicks_Block_B_03.time,B,TRUE,"['Arms_Block_B_03', 'Legs_Block_B_03', 'Legs_Block_B_03', 'Legs_Block_B_03', 'Legs_Block_B_03', 'Legs_Block_B_03', 'Arms_Block_B_03', 'Legs_Block_B_03', 'Legs_Block_B_03', 'Legs_Block_B_03', 'Legs_Block_B_03', 'Head_Block_B_03', 'Legs_Block_B_03', 'Legs_Block_B_03', 'Legs_Block_B_03', 'Legs_Block_B_03', 'Legs_Block_B_03', 'Legs_Block_B_03', 'Legs_Block_B_03', 'Arms_Block_B_03', 'Legs_Block_B_03', 'Legs_Block_B_03', 'Legs_Block_B_03', 'Arms_Block_B_03', 'Legs_Block_B_03']","[0.0004510998260229826, 35.155551800038666, 37.93740199995227, 39.737594599835575, 42.80239950004034, 51.601142399944365, 68.29590729996562, 75.95796349993907, 83.37256169994362, 84.32301179994829, 84.98823929997161, 102.20060989982449, 104.49870439991355, 105.3496188998688, 106.36440169997513, 111.41270819981582, 112.11240889993496, 119.54342779982835, 120.60955109982751, 122.62581819994375, 129.440211399924, 148.53315769997425, 155.24764729989693, 162.49680059985258, 178.10742529993877]",25,25,4.5109982602298e-4,TRUE,arm,removed early timestamp and paired first movement,24,24,0,0,4,1,20,0,3,1,20,0,24,TRUE,OK,
CL22OE02_B_LB.csv,data/s_files/psychopy/CL22OE02_B_LB.csv,CL22OE02,B,LB,04,Klicks_Block_B_04.clicked_name,Klicks_Block_B_04.time,B,TRUE,"['Other_Block_B_04', 'Legs_Block_B_04', 'Arms_Block_B_04', 'Arms_Block_B_04', 'Arms_Block_B_04', 'Arms_Block_B_04', 'Arms_Block_B_04', 'Arms_Block_B_04', 'Legs_Block_B_04', 'Legs_Block_B_04', 'Legs_Block_B_04', 'Arms_Block_B_04', 'Arms_Block_B_04', 'Legs_Block_B_04', 'Legs_Block_B_04', 'Arms_Block_B_04', 'Legs_Block_B_04', 'Arms_Block_B_04', 'Arms_Block_B_04', 'Arms_Block_B_04', 'Legs_Block_B_04', 'Legs_Block_B_04', 'Legs_Block_B_04', 'Legs_Block_B_04', 'Arms_Block_B_04', 'Legs_Block_B_04', 'Legs_Block_B_04', 'Arms_Block_B_04', 'Arms_Block_B_04', 'Arms_Block_B_04', 'Legs_Block_B_04', 'Legs_Block_B_04']","[0.00044249999336898327, 14.961888799909502, 20.94452019990422, 21.79225239995867, 22.54286459996365, 23.492009799927473, 25.092176100006327, 27.89035929995589, 61.29588009999134, 83.53831119998358, 93.75244189985096, 95.75084850005805, 96.65063149994239, 120.14345739991404, 124.60990409995429, 125.05996529990807, 131.9575090999715, 134.28801619983278, 135.8379345999565, 139.40298489993438, 158.34758709999733, 160.86299279984087, 163.14540349994786, 167.3945164999459, 169.52587669994682, 189.60287169995718, 191.7852195999585, 195.7019309999887, 197.46733210003003, 200.7498357000295, 204.98205019999295, 206.89710239996202]",32,32,4.4249999336898e-4,TRUE,other,removed early timestamp and paired first movement,31,31,0,0,16,0,15,1,16,0,15,0,31,TRUE,OK,
CL23ON05_A_LB.csv,data/s_files/psychopy/CL23ON05_A_LB.csv,CL23ON05,A,LB,01,Klicks_Block_A_01.clicked_name,Klicks_Block_A_01.time,A,TRUE,"['Head_Block_A_01', 'Arms_Block_A_01', 'Arms_Block_A_01', 'Other_Block_A_01', 'Other_Block_A_01', 'Other_Block_A_01']","[0.0005973998922854662, 76.5739878998138, 98.43238419992849, 108.1457906998694, 117.57601899979636, 129.65498359990306]",6,6,5.9739989228546e-4,TRUE,head,removed early timestamp and paired first movement,5,5,0,0,2,1,0,3,2,0,0,3,5,TRUE,OK,
CL23ON05_A_LB.csv,data/s_files/psychopy/CL23ON05_A_LB.csv,CL23ON05,A,LB,02,Klicks_Block_A_02.clicked_name,Klicks_Block_A_02.time,A,TRUE,"['Other_Block_A_02', 'Other_Block_A_02']","[0.0004946000408381224, 49.11607769993134, 201.78115030005574]",2,3,4.9460004083812e-4,TRUE,NA,removed early timestamp; retained all movement names,2,2,0,0,0,0,0,2,0,0,0,2,2,TRUE,OK,
CL23ON05_A_LB.csv,data/s_files/psychopy/CL23ON05_A_LB.csv,CL23ON05,A,LB,03,Klicks_Block_A_03.clicked_name,Klicks_Block_A_03.time,A,TRUE,"['Other_Block_A_03', 'Other_Block_A_03', 'Other_Block_A_03', 'Other_Block_A_03', 'Other_Block_A_03']","[0.0004932999145239592, 10.062923300080001, 61.829048899933696, 71.45885229995474, 190.118944699876]",5,5,4.9329991452395e-4,TRUE,other,removed early timestamp and paired first movement,4,4,0,0,0,0,0,5,0,0,0,4,4,TRUE,OK,
CL23ON05_A_LB.csv,data/s_files/psychopy/CL23ON05_A_LB.csv,CL23ON05,A,LB,04,Klicks_Block_A_04.clicked_name,Klicks_Block_A_04.time,A,TRUE,"['Other_Block_A_04', 'Other_Block_A_04', 'Other_Block_A_04', 'Head_Block_A_04']","[0.0005494998767971992, 70.07627059984952, 107.23055109987035, 162.01177919982]",4,4,5.4949987679719e-4,TRUE,other,removed early timestamp and paired first movement,3,3,0,0,0,1,0,3,0,1,0,2,3,TRUE,OK,
CL23ON05_B_HB.csv,data/s_files/psychopy/CL23ON05_B_HB.csv,CL23ON05,B,HB,01,Klicks_Block_B_01.clicked_name,Klicks_Block_B_01.time,B,TRUE,"['Other_Block_B_01', 'Head_Block_B_01', 'Legs_Block_B_01']","[0.0005749999545514584, 48.63320179982111, 193.6512000998482]",3,3,5.7499995455145e-4,TRUE,other,removed early timestamp and paired first movement,2,2,0,0,0,1,1,1,0,1,1,0,2,TRUE,OK,
CL23ON05_B_HB.csv,data/s_files/psychopy/CL23ON05_B_HB.csv,CL23ON05,B,HB,02,Klicks_Block_B_02.clicked_name,Klicks_Block_B_02.time,B,TRUE,"['Legs_Block_B_02', 'Head_Block_B_02', 'Head_Block_B_02', 'Head_Block_B_02', 'Other_Block_B_02', 'Other_Block_B_02']","[0.0005652999971061945, 36.570216099964455, 42.83579029981047, 79.9054318999406, 136.98760289978236, 173.54077089997008]",6,6,5.6529999710619e-4,TRUE,leg,removed early timestamp and paired first movement,5,5,0,0,0,3,1,2,0,3,0,2,5,TRUE,OK,
CL23ON05_B_HB.csv,data/s_files/psychopy/CL23ON05_B_HB.csv,CL23ON05,B,HB,03,Klicks_Block_B_03.clicked_name,Klicks_Block_B_03.time,B,TRUE,"['Arms_Block_B_03', 'Other_Block_B_03', 'Other_Block_B_03', 'Other_Block_B_03', 'Other_Block_B_03', 'Arms_Block_B_03']","[0.0005298000760376453, 12.676082000136375, 74.17320169997402, 83.60387950018048, 113.59310820000246, 185.51762840012088]",6,6,5.2980007603764e-4,TRUE,arm,removed early timestamp and paired first movement,5,5,0,0,2,0,0,4,1,0,0,4,5,TRUE,OK,
CL23ON05_B_HB.csv,data/s_files/psychopy/CL23ON05_B_HB.csv,CL23ON05,B,HB,04,Klicks_Block_B_04.clicked_name,Klicks_Block_B_04.time,B,TRUE,"['Other_Block_B_04', 'Other_Block_B_04', 'Head_Block_B_04', 'Other_Block_B_04', 'Other_Block_B_04']","[0.0004517000634223223, 49.34968360001221, 70.44249000004493, 100.31591739994474, 123.19145809998736, 207.83065799996257]",5,6,4.5170006342232e-4,TRUE,NA,removed early timestamp; retained all movement names,5,5,0,0,0,1,0,4,0,1,0,4,5,TRUE,OK,
DI16UB31_A_HB.csv,data/s_files/psychopy/DI16UB31_A_HB.csv,DI16UB31,A,HB,01,Klicks_Block_A_01.clicked_name,Klicks_Block_A_01.time,A,TRUE,"['Head_Block_A_01', 'Arms_Block_A_01', 'Other_Block_A_01', 'Other_Block_A_01', 'Arms_Block_A_01', 'Other_Block_A_01', 'Head_Block_A_01', 'Arms_Block_A_01']","[0.0005990997888147831, 32.70417689997703, 38.13622249988839, 60.111281800083816, 82.03590690018609, 110.62881529983133, 115.62610669992864, 187.15207220008597]",8,8,5.9909978881478e-4,TRUE,head,removed early timestamp and paired first movement,7,7,0,0,3,2,0,3,3,1,0,3,7,TRUE,OK,
DI16UB31_A_HB.csv,data/s_files/psychopy/DI16UB31_A_HB.csv,DI16UB31,A,HB,02,Klicks_Block_A_02.clicked_name,Klicks_Block_A_02.time,A,TRUE,"['Head_Block_A_02', 'Arms_Block_A_02', 'Other_Block_A_02', 'Other_Block_A_02', 'Arms_Block_A_02', 'Head_Block_A_02']","[0.0005406001582741737, 75.12440170021728, 131.13775790017098, 157.09623190015554, 195.8000623001717, 200.7027711002156]",6,6,5.4060015827417e-4,TRUE,head,removed early timestamp and paired first movement,5,5,0,0,2,2,0,2,2,1,0,2,5,TRUE,OK,
DI16UB31_A_HB.csv,data/s_files/psychopy/DI16UB31_A_HB.csv,DI16UB31,A,HB,03,Klicks_Block_A_03.clicked_name,Klicks_Block_A_03.time,A,TRUE,"['Other_Block_A_03', 'Arms_Block_A_03', 'Other_Block_A_03', 'Arms_Block_A_03', 'Arms_Block_A_03', 'Head_Block_A_03', 'Head_Block_A_03']","[0.0005172998644411564, 8.797185699921101, 33.85540509968996, 83.37135439971462, 146.1833325996995, 162.92852469999343, 184.5880150999874]",7,7,5.1729986444115e-4,TRUE,other,removed early timestamp and paired first movement,6,6,0,0,3,2,0,2,3,2,0,1,6,TRUE,OK,
DI16UB31_A_HB.csv,data/s_files/psychopy/DI16UB31_A_HB.csv,DI16UB31,A,HB,04,Klicks_Block_A_04.clicked_name,Klicks_Block_A_04.time,A,TRUE,"['Legs_Block_A_04', 'Arms_Block_A_04', 'Arms_Block_A_04', 'Arms_Block_A_04', 'Other_Block_A_04']","[0.0005545997992157936, 21.691150299739093, 35.96993219992146, 69.60860490007326, 72.79155509965494]",5,5,5.5459979921579e-4,TRUE,leg,removed early timestamp and paired first movement,4,4,0,0,3,0,1,1,3,0,0,1,4,TRUE,OK,
DI16UB31_B_LB.csv,data/s_files/psychopy/DI16UB31_B_LB.csv,DI16UB31,B,LB,01,Klicks_Block_B_01.clicked_name,Klicks_Block_B_01.time,B,TRUE,"['Head_Block_B_01', 'Other_Block_B_01', 'Other_Block_B_01', 'Other_Block_B_01', 'Other_Block_B_01']","[0.0005944999866187572, 64.0261570001021, 71.93995650019497, 100.53150640008971, 182.70294590014964]",5,5,5.9449998661875e-4,TRUE,head,removed early timestamp and paired first movement,4,4,0,0,0,1,0,4,0,0,0,4,4,TRUE,OK,
DI16UB31_B_LB.csv,data/s_files/psychopy/DI16UB31_B_LB.csv,DI16UB31,B,LB,02,Klicks_Block_B_02.clicked_name,Klicks_Block_B_02.time,B,TRUE,"['Legs_Block_B_02', 'Arms_Block_B_02', 'Head_Block_B_02', 'Other_Block_B_02']","[0.0006967000663280487, 59.810767400078475, 105.12939640041441, 106.21144390013069]",4,4,6.9670006632804e-4,TRUE,leg,removed early timestamp and paired first movement,3,3,0,0,1,1,1,1,1,1,0,1,3,TRUE,OK,
DI16UB31_B_LB.csv,data/s_files/psychopy/DI16UB31_B_LB.csv,DI16UB31,B,LB,03,Klicks_Block_B_03.clicked_name,Klicks_Block_B_03.time,B,TRUE,"['Arms_Block_B_03', 'Arms_Block_B_03', 'Head_Block_B_03', 'Other_Block_B_03', 'Arms_Block_B_03', 'Arms_Block_B_03', 'Other_Block_B_03', 'Arms_Block_B_03']","[0.00047900015488266945, 14.161630500108004, 60.3126698997803, 98.24979910021648, 118.34265189990401, 138.0196464001201, 138.6864642999135, 176.9561729999259]",8,8,4.7900015488266e-4,TRUE,arm,removed early timestamp and paired first movement,7,7,0,0,5,1,0,2,4,1,0,2,7,TRUE,OK,
DI16UB31_B_LB.csv,data/s_files/psychopy/DI16UB31_B_LB.csv,DI16UB31,B,LB,04,Klicks_Block_B_04.clicked_name,Klicks_Block_B_04.time,B,TRUE,"['Other_Block_B_04', 'Arms_Block_B_04', 'Other_Block_B_04', 'Arms_Block_B_04', 'Head_Block_B_04', 'Arms_Block_B_04']","[0.0004786001518368721, 13.71140050003305, 69.80930249998346, 165.39363100007176, 166.1610988001339, 207.24683890026063]",6,6,4.7860015183687e-4,TRUE,other,removed early timestamp and paired first movement,5,5,0,0,3,1,0,2,3,1,0,1,5,TRUE,OK,
DO11UB30_A_LB.csv,data/s_files/psychopy/DO11UB30_A_LB.csv,DO11UB30,A,LB,01,Klicks_Block_A_01.clicked_name,Klicks_Block_A_01.time,A,TRUE,['Arms_Block_A_01'],[0.0032720998860895634],1,1,0.00327209988608956,TRUE,arm,removed early timestamp and paired first movement,0,0,0,0,1,0,0,0,0,0,0,0,0,TRUE,OK,
DO11UB30_A_LB.csv,data/s_files/psychopy/DO11UB30_A_LB.csv,DO11UB30,A,LB,02,Klicks_Block_A_02.clicked_name,Klicks_Block_A_02.time,A,TRUE,"['Head_Block_A_02', 'Legs_Block_A_02', 'Arms_Block_A_02', 'Arms_Block_A_02', 'Arms_Block_A_02', 'Other_Block_A_02', 'Arms_Block_A_02']","[0.0005773003213107586, 17.57742330012843, 75.94455670006573, 82.67368720006198, 110.62210560031235, 113.44890059996396, 169.19306039996445]",7,7,5.7730032131075e-4,TRUE,head,removed early timestamp and paired first movement,6,6,0,0,4,1,1,1,4,0,1,1,6,TRUE,OK,
DO11UB30_A_LB.csv,data/s_files/psychopy/DO11UB30_A_LB.csv,DO11UB30,A,LB,03,Klicks_Block_A_03.clicked_name,Klicks_Block_A_03.time,A,TRUE,"['Arms_Block_A_03', 'Head_Block_A_03', 'Head_Block_A_03', 'Head_Block_A_03', 'Legs_Block_A_03', 'Arms_Block_A_03', 'Other_Block_A_03', 'Arms_Block_A_03', 'Head_Block_A_03', 'Other_Block_A_03', 'Legs_Block_A_03', 'Other_Block_A_03', 'Legs_Block_A_03', 'Legs_Block_A_03']","[0.0014376002363860607, 66.29632050031796, 76.82611769996583, 77.72478640032932, 90.74896740028635, 92.94976490037516, 133.16066050017253, 148.47222850006074, 170.79840390011668, 172.40986680006608, 178.39308000029996, 181.84302050014958, 191.58560890005901, 209.64951679995283]",14,14,0.00143760023638606,TRUE,arm,removed early timestamp and paired first movement,13,13,0,0,3,4,4,3,2,4,4,3,13,TRUE,OK,
DO11UB30_A_LB.csv,data/s_files/psychopy/DO11UB30_A_LB.csv,DO11UB30,A,LB,04,Klicks_Block_A_04.clicked_name,Klicks_Block_A_04.time,A,TRUE,"['Legs_Block_A_04', 'Arms_Block_A_04', 'Arms_Block_A_04', 'Head_Block_A_04', 'Head_Block_A_04', 'Arms_Block_A_04', 'Head_Block_A_04', 'Legs_Block_A_04', 'Legs_Block_A_04', 'Arms_Block_A_04', 'Legs_Block_A_04', 'Legs_Block_A_04', 'Arms_Block_A_04', 'Legs_Block_A_04', 'Legs_Block_A_04', 'Arms_Block_A_04']","[0.0013657002709805965, 31.795593800023198, 35.27075740043074, 54.35702550038695, 58.43643710017204, 67.01879640016705, 98.59651349997148, 120.40259110042825, 123.58654140029103, 132.45316940033808, 147.91146610025316, 150.30432160012424, 159.0867567001842, 171.4775463002734, 174.70604000007734, 182.63751640031114]",16,16,0.00136570027098059,TRUE,leg,removed early timestamp and paired first movement,15,15,0,0,6,3,7,0,6,3,6,0,15,TRUE,OK,
DO11UB30_B_HB.csv,data/s_files/psychopy/DO11UB30_B_HB.csv,DO11UB30,B,HB,01,Klicks_Block_B_01.clicked_name,Klicks_Block_B_01.time,B,TRUE,"['Head_Block_B_01', 'Other_Block_B_01', 'Other_Block_B_01', 'Other_Block_B_01', 'Other_Block_B_01', 'Other_Block_B_01', 'Other_Block_B_01', 'Other_Block_B_01', 'Arms_Block_B_01']","[0.005847400054335594, 14.710333599708974, 62.351627700030804, 74.382412399631, 85.46339749963954, 167.15192889980972, 181.26412869989872, 197.18305979995057, 205.82711889967322]",9,9,0.00584740005433559,TRUE,head,removed early timestamp and paired first movement,8,8,0,0,1,1,0,7,1,0,0,7,8,TRUE,OK,
DO11UB30_B_HB.csv,data/s_files/psychopy/DO11UB30_B_HB.csv,DO11UB30,B,HB,02,Klicks_Block_B_02.clicked_name,Klicks_Block_B_02.time,B,TRUE,"['Arms_Block_B_02', 'Legs_Block_B_02', 'Arms_Block_B_02', 'Head_Block_B_02', 'Other_Block_B_02', 'Legs_Block_B_02', 'Legs_Block_B_02', 'Legs_Block_B_02', 'Arms_Block_B_02', 'Legs_Block_B_02', 'Arms_Block_B_02', 'Arms_Block_B_02', 'Legs_Block_B_02', 'Legs_Block_B_02', 'Other_Block_B_02', 'Arms_Block_B_02', 'Head_Block_B_02', 'Arms_Block_B_02', 'Arms_Block_B_02', 'Legs_Block_B_02', 'Other_Block_B_02', 'Legs_Block_B_02', 'Legs_Block_B_02']","[0.003402300179004669, 22.30442490009591, 38.56339839985594, 42.1856174999848, 53.10396939981729, 81.27980680018663, 88.45108869997784, 91.6026360001415, 95.89977210015059, 110.92991760000587, 113.63062290009111, 142.59073649998754, 149.66480119992048, 155.6051487000659, 158.36137410020456, 168.46388659998775, 171.3969641001895, 182.17732470016927, 184.88438080018386, 192.48738260008395, 194.59929799987003, 200.4791613998823, 208.64805300021544]",23,23,0.00340230017900466,TRUE,arm,removed early timestamp and paired first movement,22,22,0,0,8,2,10,3,7,2,10,3,22,TRUE,OK,
DO11UB30_B_HB.csv,data/s_files/psychopy/DO11UB30_B_HB.csv,DO11UB30,B,HB,03,Klicks_Block_B_03.clicked_name,Klicks_Block_B_03.time,B,TRUE,"['Legs_Block_B_03', 'Arms_Block_B_03', 'Arms_Block_B_03', 'Head_Block_B_03', 'Other_Block_B_03', 'Other_Block_B_03', 'Legs_Block_B_03', 'Other_Block_B_03', 'Other_Block_B_03', 'Other_Block_B_03', 'Arms_Block_B_03', 'Legs_Block_B_03', 'Arms_Block_B_03', 'Other_Block_B_03', 'Arms_Block_B_03']","[0.0016956999897956848, 13.925585000310093, 15.611036300193518, 22.67350389994681, 24.858237400185317, 34.12302670022473, 53.073652599938214, 54.37320340005681, 90.63070210022852, 92.50234120013192, 119.97563200024888, 136.0201432001777, 153.12311240006238, 187.3306888001971, 205.210221900139]",15,15,0.00169569998979568,TRUE,leg,removed early timestamp and paired first movement,14,14,0,0,5,1,3,6,5,1,2,6,14,TRUE,OK,
DO11UB30_B_HB.csv,data/s_files/psychopy/DO11UB30_B_HB.csv,DO11UB30,B,HB,04,Klicks_Block_B_04.clicked_name,Klicks_Block_B_04.time,B,TRUE,"['Legs_Block_B_04', 'Legs_Block_B_04', 'Legs_Block_B_04', 'Other_Block_B_04', 'Legs_Block_B_04', 'Legs_Block_B_04', 'Other_Block_B_04', 'Arms_Block_B_04', 'Legs_Block_B_04', 'Arms_Block_B_04', 'Arms_Block_B_04', 'Arms_Block_B_04']","[0.0012294999323785305, 8.687932200264186, 34.93057329999283, 113.9346321998164, 119.73389270016924, 127.92141349986196, 133.42754290020093, 139.68116259993985, 141.3946970999241, 158.99809100013226, 160.34269959991798, 209.41076599992812]",12,12,0.00122949993237853,TRUE,leg,removed early timestamp and paired first movement,11,11,0,0,4,0,6,2,4,0,5,2,11,TRUE,OK,
DO13UE03_A_LB.csv,data/s_files/psychopy/DO13UE03_A_LB.csv,DO13UE03,A,LB,01,Klicks_Block_A_01.clicked_name,Klicks_Block_A_01.time,A,TRUE,"['Head_Block_A_01', 'Arms_Block_A_01', 'Legs_Block_A_01', 'Arms_Block_A_01', 'Arms_Block_A_01', 'Arms_Block_A_01', 'Head_Block_A_01', 'Legs_Block_A_01', 'Arms_Block_A_01', 'Legs_Block_A_01', 'Arms_Block_A_01', 'Arms_Block_A_01', 'Arms_Block_A_01', 'Arms_Block_A_01', 'Arms_Block_A_01', 'Arms_Block_A_01', 'Arms_Block_A_01', 'Legs_Block_A_01', 'Arms_Block_A_01', 'Arms_Block_A_01', 'Arms_Block_A_01', 'Arms_Block_A_01', 'Other_Block_A_01', 'Arms_Block_A_01', 'Other_Block_A_01', 'Arms_Block_A_01', 'Legs_Block_A_01', 'Legs_Block_A_01', 'Arms_Block_A_01', 'Legs_Block_A_01', 'Legs_Block_A_01', 'Legs_Block_A_01', 'Arms_Block_A_01', 'Arms_Block_A_01', 'Arms_Block_A_01', 'Arms_Block_A_01']","[0.0006029000505805016, 4.7649371000006795, 8.130790200084448, 10.66273230034858, 16.34326030034572, 18.609567000065, 24.140408200211823, 25.34088149992749, 34.37101010000333, 40.11866779997945, 44.383854100015014, 47.765849800314754, 54.6813853001222, 66.42603720026091, 72.54182690009475, 73.6245773001574, 79.48852270003408, 82.76108690025285, 93.03563590021804, 95.40080060018227, 97.93306440021843, 102.73345730034634, 108.36278149997815, 114.92657099990174, 136.86958619998768, 139.51819809991866, 147.8824402000755, 149.75532229989767, 154.06329740025103, 173.03998610004783, 176.5388770001009, 182.55391960032284, 190.3508402002044, 192.53415050031617, 196.7654908001423, 203.6130035002716]",36,36,6.029000505805e-4,TRUE,head,removed early timestamp and paired first movement,35,35,0,0,23,2,9,2,23,1,9,2,35,TRUE,OK,
DO13UE03_A_LB.csv,data/s_files/psychopy/DO13UE03_A_LB.csv,DO13UE03,A,LB,02,Klicks_Block_A_02.clicked_name,Klicks_Block_A_02.time,A,TRUE,"['Arms_Block_A_02', 'Arms_Block_A_02', 'Arms_Block_A_02', 'Arms_Block_A_02', 'Arms_Block_A_02', 'Arms_Block_A_02', 'Head_Block_A_02', 'Arms_Block_A_02', 'Arms_Block_A_02', 'Arms_Block_A_02', 'Legs_Block_A_02', 'Arms_Block_A_02', 'Head_Block_A_02', 'Arms_Block_A_02', 'Arms_Block_A_02', 'Other_Block_A_02', 'Legs_Block_A_02', 'Arms_Block_A_02', 'Arms_Block_A_02', 'Arms_Block_A_02', 'Legs_Block_A_02', 'Arms_Block_A_02', 'Legs_Block_A_02']","[0.001433699857443571, 2.4951765001751482, 6.094017900060862, 11.175463499967009, 19.88933870010078, 25.586425099987537, 87.79854089999571, 99.81228070007637, 116.65709420014173, 118.73884609993547, 124.22103470005095, 125.62060299981385, 128.51930889999494, 143.28051420021802, 146.11226340010762, 148.9785020998679, 153.8441317002289, 156.77619670005515, 193.0465636998415, 196.57892080023885, 199.64430889999494, 205.6593364002183, 207.0416012001224]",23,23,0.00143369985744357,TRUE,arm,removed early timestamp and paired first movement,22,22,0,0,16,2,4,1,15,2,4,1,22,TRUE,OK,
DO13UE03_A_LB.csv,data/s_files/psychopy/DO13UE03_A_LB.csv,DO13UE03,A,LB,03,Klicks_Block_A_03.clicked_name,Klicks_Block_A_03.time,A,TRUE,"['Legs_Block_A_03', 'Arms_Block_A_03', 'Arms_Block_A_03', 'Arms_Block_A_03', 'Other_Block_A_03', 'Other_Block_A_03', 'Arms_Block_A_03', 'Other_Block_A_03', 'Legs_Block_A_03', 'Legs_Block_A_03', 'Other_Block_A_03', 'Arms_Block_A_03', 'Arms_Block_A_03', 'Arms_Block_A_03', 'Arms_Block_A_03', 'Legs_Block_A_03', 'Other_Block_A_03', 'Arms_Block_A_03', 'Arms_Block_A_03', 'Arms_Block_A_03', 'Arms_Block_A_03', 'Arms_Block_A_03', 'Arms_Block_A_03', 'Other_Block_A_03', 'Head_Block_A_03', 'Arms_Block_A_03', 'Legs_Block_A_03', 'Arms_Block_A_03', 'Arms_Block_A_03', 'Legs_Block_A_03', 'Arms_Block_A_03', 'Legs_Block_A_03', 'Arms_Block_A_03', 'Head_Block_A_03', 'Arms_Block_A_03', 'Arms_Block_A_03', 'Arms_Block_A_03', 'Arms_Block_A_03', 'Arms_Block_A_03', 'Arms_Block_A_03', 'Legs_Block_A_03', 'Arms_Block_A_03', 'Arms_Block_A_03']","[0.0005045998841524124, 5.764323499985039, 8.030105200130492, 9.91282430011779, 11.396420900244266, 11.7129579000175, 17.561072300188243, 18.559880999848247, 22.992255399934947, 26.741115000098944, 28.690018999855965, 39.51944829989225, 42.568407400045544, 48.63298600027338, 57.41421200009063, 62.77827690029517, 63.894397399853915, 65.57735250005499, 78.44018319994211, 94.05079520028085, 99.2323056999594, 114.29387430008501, 114.61147399991751, 118.05928590008989, 118.89331329986453, 121.89206060022116, 126.73972130008042, 144.0673258001916, 146.19967850018293, 149.86536920024082, 158.11354399984702, 167.9256903999485, 169.59177900012583, 175.84027739986777, 176.97257880028337, 180.37224509986117, 189.30314429989085, 191.03489870019257, 192.51734460005537, 193.80053659994155, 195.3673825999722, 197.8488028002903, 202.01518690027297]",43,43,5.0459988415241e-4,TRUE,leg,removed early timestamp and paired first movement,42,42,0,0,27,2,8,6,27,2,7,6,42,TRUE,OK,
DO13UE03_A_LB.csv,data/s_files/psychopy/DO13UE03_A_LB.csv,DO13UE03,A,LB,04,Klicks_Block_A_04.clicked_name,Klicks_Block_A_04.time,A,TRUE,"['Arms_Block_A_04', 'Legs_Block_A_04', 'Arms_Block_A_04', 'Arms_Block_A_04', 'Head_Block_A_04', 'Arms_Block_A_04', 'Legs_Block_A_04', 'Legs_Block_A_04', 'Arms_Block_A_04', 'Legs_Block_A_04', 'Arms_Block_A_04', 'Arms_Block_A_04', 'Arms_Block_A_04', 'Arms_Block_A_04', 'Other_Block_A_04', 'Legs_Block_A_04', 'Arms_Block_A_04', 'Arms_Block_A_04', 'Arms_Block_A_04', 'Arms_Block_A_04', 'Legs_Block_A_04', 'Arms_Block_A_04', 'Head_Block_A_04', 'Head_Block_A_04', 'Arms_Block_A_04', 'Legs_Block_A_04', 'Arms_Block_A_04', 'Legs_Block_A_04', 'Legs_Block_A_04', 'Arms_Block_A_04', 'Arms_Block_A_04', 'Legs_Block_A_04', 'Head_Block_A_04', 'Arms_Block_A_04', 'Arms_Block_A_04', 'Legs_Block_A_04', 'Arms_Block_A_04', 'Other_Block_A_04', 'Arms_Block_A_04', 'Arms_Block_A_04', 'Legs_Block_A_04', 'Arms_Block_A_04', 'Other_Block_A_04', 'Arms_Block_A_04', 'Arms_Block_A_04', 'Legs_Block_A_04', 'Arms_Block_A_04', 'Other_Block_A_04', 'Arms_Block_A_04', 'Arms_Block_A_04', 'Arms_Block_A_04', 'Other_Block_A_04']","[0.0005264999344944954, 3.5146850999444723, 4.7981153996661305, 5.864266499876976, 11.12833429966122, 12.744678899645805, 16.261027399916202, 17.976127799600363, 23.175305399578065, 24.358439499977976, 26.089687699917704, 30.438328799791634, 32.40447099972516, 33.63789609959349, 49.798781799618155, 51.58148659998551, 54.147084599826485, 55.3144516996108, 60.962012299802154, 77.87280029989779, 79.68943579960614, 85.6369343996048, 91.23506969958544, 92.53416159981862, 93.95120439957827, 96.21616569999605, 106.28073180001229, 112.11092769959942, 117.34281079983339, 119.65823329985142, 123.42381519963965, 128.33908909978345, 137.0197779997252, 138.0356957996264, 140.8178278999403, 150.94809839967638, 155.46291329991072, 162.6947750998661, 163.97670409968123, 166.34249139996246, 168.97589809959754, 176.75614799978212, 187.95188529975712, 189.30248710000888, 189.73448589956388, 196.63288289960474, 198.1816427996382, 199.76490429975092, 201.84704469982535, 202.84787369985133, 204.34649079991505, 209.9774798997678]",52,52,5.2649993449449e-4,TRUE,arm,removed early timestamp and paired first movement,51,51,0,0,30,4,13,5,29,4,13,5,51,TRUE,OK,
DO13UE03_B_HB.csv,data/s_files/psychopy/DO13UE03_B_HB.csv,DO13UE03,B,HB,01,Klicks_Block_B_01.clicked_name,Klicks_Block_B_01.time,B,TRUE,"['Head_Block_B_01', 'Arms_Block_B_01', 'Arms_Block_B_01', 'Arms_Block_B_01', 'Legs_Block_B_01', 'Legs_Block_B_01', 'Arms_Block_B_01', 'Arms_Block_B_01', 'Other_Block_B_01', 'Arms_Block_B_01', 'Arms_Block_B_01', 'Legs_Block_B_01', 'Arms_Block_B_01', 'Legs_Block_B_01', 'Arms_Block_B_01', 'Legs_Block_B_01', 'Arms_Block_B_01', 'Arms_Block_B_01', 'Arms_Block_B_01', 'Legs_Block_B_01', 'Arms_Block_B_01', 'Legs_Block_B_01', 'Arms_Block_B_01', 'Other_Block_B_01', 'Arms_Block_B_01', 'Arms_Block_B_01', 'Arms_Block_B_01', 'Arms_Block_B_01', 'Arms_Block_B_01', 'Arms_Block_B_01', 'Legs_Block_B_01', 'Other_Block_B_01', 'Arms_Block_B_01', 'Head_Block_B_01', 'Arms_Block_B_01', 'Arms_Block_B_01', 'Arms_Block_B_01', 'Legs_Block_B_01', 'Arms_Block_B_01', 'Arms_Block_B_01', 'Legs_Block_B_01', 'Other_Block_B_01', 'Legs_Block_B_01', 'Legs_Block_B_01', 'Legs_Block_B_01', 'Arms_Block_B_01']","[0.0005874000489711761, 3.9317274000495672, 4.113063000142574, 5.845686399843544, 13.726398600265384, 16.02553110010922, 21.04071530001238, 22.474526000209153, 27.188848200254142, 34.10368649987504, 37.451858799904585, 40.651190700009465, 48.79808250023052, 51.280660199932754, 56.51233260007575, 64.92727770004421, 67.04178539989516, 86.41934610018507, 88.96862620022148, 90.86736429994926, 104.16233849991113, 105.06212210003287, 108.52848940016702, 109.61037820018828, 110.51104340003803, 115.67671520030126, 117.35848789988086, 126.88822830002755, 143.39983549993485, 146.21487799985334, 147.99782760022208, 150.6137866000645, 153.41567140026018, 155.14517570007592, 157.51130719995126, 163.05928409984335, 174.63890650030226, 176.18873560009524, 178.9535437002778, 179.48848860012367, 185.1018538000062, 197.397730700206, 204.5466940999031, 204.9123394000344, 206.11259680008516, 207.97748439991847]",46,46,5.8740004897117e-4,TRUE,head,removed early timestamp and paired first movement,45,45,0,0,27,2,13,4,27,1,13,4,45,TRUE,OK,
DO13UE03_B_HB.csv,data/s_files/psychopy/DO13UE03_B_HB.csv,DO13UE03,B,HB,02,Klicks_Block_B_02.clicked_name,Klicks_Block_B_02.time,B,TRUE,"['Arms_Block_B_02', 'Arms_Block_B_02', 'Arms_Block_B_02', 'Arms_Block_B_02', 'Arms_Block_B_02', 'Arms_Block_B_02', 'Legs_Block_B_02', 'Arms_Block_B_02', 'Other_Block_B_02', 'Legs_Block_B_02', 'Arms_Block_B_02', 'Head_Block_B_02', 'Arms_Block_B_02', 'Other_Block_B_02', 'Other_Block_B_02', 'Head_Block_B_02', 'Head_Block_B_02', 'Arms_Block_B_02', 'Other_Block_B_02', 'Arms_Block_B_02', 'Other_Block_B_02', 'Arms_Block_B_02', 'Head_Block_B_02', 'Arms_Block_B_02', 'Arms_Block_B_02', 'Arms_Block_B_02', 'Arms_Block_B_02', 'Head_Block_B_02', 'Arms_Block_B_02', 'Arms_Block_B_02', 'Legs_Block_B_02', 'Arms_Block_B_02', 'Arms_Block_B_02', 'Arms_Block_B_02', 'Arms_Block_B_02', 'Legs_Block_B_02', 'Arms_Block_B_02', 'Legs_Block_B_02', 'Arms_Block_B_02', 'Arms_Block_B_02', 'Arms_Block_B_02', 'Legs_Block_B_02', 'Legs_Block_B_02', 'Other_Block_B_02', 'Legs_Block_B_02']","[0.0006488002836704254, 21.19342980021611, 24.774148299824446, 26.07375180022791, 38.4360719001852, 41.86894250009209, 43.11769940005615, 50.65007770014927, 51.71500890003517, 52.99773530010134, 54.01459390018135, 60.89547199988738, 62.02827819995582, 62.71117680007592, 69.6590541000478, 70.99097889987752, 72.49166810000315, 81.27147440006956, 85.20453329989687, 89.31968710012734, 96.16661740001291, 97.66655129985884, 99.36609800020233, 103.1315275002271, 111.86145820003003, 134.23688889993355, 136.81936090020463, 139.0856535001658, 147.13240290014073, 149.51598330028355, 154.81438660016283, 158.6792848999612, 163.46087600011379, 166.36103110015392, 167.75928450003266, 176.72230450017378, 192.45136089995503, 193.66688509983942, 195.99924180004746, 196.7999415001832, 197.64888580003753, 200.09780539991334, 200.71448280010372, 207.8786390000023, 208.76254160003737]",45,45,6.4880028367042e-4,TRUE,arm,removed early timestamp and paired first movement,44,44,0,0,26,5,8,6,25,5,8,6,44,TRUE,OK,
DO13UE03_B_HB.csv,data/s_files/psychopy/DO13UE03_B_HB.csv,DO13UE03,B,HB,03,Klicks_Block_B_03.clicked_name,Klicks_Block_B_03.time,B,TRUE,"['Arms_Block_B_03', 'Arms_Block_B_03', 'Arms_Block_B_03', 'Legs_Block_B_03', 'Arms_Block_B_03', 'Arms_Block_B_03', 'Arms_Block_B_03', 'Arms_Block_B_03', 'Legs_Block_B_03', 'Arms_Block_B_03', 'Arms_Block_B_03', 'Arms_Block_B_03', 'Arms_Block_B_03', 'Arms_Block_B_03', 'Head_Block_B_03', 'Legs_Block_B_03', 'Other_Block_B_03', 'Arms_Block_B_03', 'Arms_Block_B_03', 'Arms_Block_B_03', 'Legs_Block_B_03', 'Legs_Block_B_03', 'Legs_Block_B_03', 'Other_Block_B_03', 'Other_Block_B_03', 'Legs_Block_B_03', 'Arms_Block_B_03', 'Head_Block_B_03', 'Head_Block_B_03', 'Arms_Block_B_03', 'Arms_Block_B_03', 'Other_Block_B_03', 'Arms_Block_B_03', 'Other_Block_B_03', 'Arms_Block_B_03', 'Arms_Block_B_03', 'Other_Block_B_03', 'Arms_Block_B_03', 'Other_Block_B_03', 'Other_Block_B_03', 'Arms_Block_B_03', 'Arms_Block_B_03']","[0.0005069002509117126, 40.68648779997602, 60.27908800030127, 68.74432029994205, 70.47577519994229, 70.74222879996523, 74.40808309987187, 78.5229302002117, 79.38917690003291, 83.6040900000371, 83.93778089992702, 85.87136350013316, 93.31906339991838, 93.65100480010733, 95.50053730001673, 97.8342070998624, 99.86724570021033, 107.91312440019101, 108.5147293000482, 110.21333080017939, 112.04462200030684, 123.50833189999685, 123.7922306000255, 126.0570237999782, 137.20264769997448, 138.16916779987514, 139.4020080002956, 141.9511645999737, 144.80182649986818, 145.8831795998849, 149.61560259992257, 162.42782310023904, 166.2261041002348, 170.69199040019885, 175.89042440010235, 181.8883132999763, 186.16922539984807, 188.43707220023498, 198.81522440025583, 203.5301520000212, 206.37952039996162, 207.27907859999686]",42,42,5.0690025091171e-4,TRUE,arm,removed early timestamp and paired first movement,41,41,0,0,24,3,7,8,23,3,7,8,41,TRUE,OK,
DO13UE03_B_HB.csv,data/s_files/psychopy/DO13UE03_B_HB.csv,DO13UE03,B,HB,04,Klicks_Block_B_04.clicked_name,Klicks_Block_B_04.time,B,TRUE,"['Head_Block_B_04', 'Arms_Block_B_04', 'Arms_Block_B_04', 'Arms_Block_B_04', 'Legs_Block_B_04', 'Arms_Block_B_04', 'Arms_Block_B_04', 'Arms_Block_B_04', 'Arms_Block_B_04', 'Other_Block_B_04', 'Other_Block_B_04', 'Legs_Block_B_04', 'Legs_Block_B_04', 'Arms_Block_B_04', 'Arms_Block_B_04', 'Arms_Block_B_04', 'Arms_Block_B_04', 'Arms_Block_B_04', 'Other_Block_B_04', 'Other_Block_B_04', 'Other_Block_B_04', 'Legs_Block_B_04', 'Arms_Block_B_04', 'Other_Block_B_04', 'Head_Block_B_04', 'Arms_Block_B_04', 'Head_Block_B_04', 'Other_Block_B_04', 'Head_Block_B_04', 'Arms_Block_B_04', 'Arms_Block_B_04', 'Other_Block_B_04', 'Arms_Block_B_04', 'Other_Block_B_04', 'Arms_Block_B_04', 'Arms_Block_B_04', 'Legs_Block_B_04', 'Other_Block_B_04', 'Arms_Block_B_04', 'Arms_Block_B_04', 'Arms_Block_B_04', 'Head_Block_B_04', 'Arms_Block_B_04', 'Arms_Block_B_04', 'Head_Block_B_04', 'Legs_Block_B_04', 'Other_Block_B_04', 'Arms_Block_B_04', 'Arms_Block_B_04', 'Legs_Block_B_04', 'Arms_Block_B_04', 'Arms_Block_B_04', 'Other_Block_B_04', 'Arms_Block_B_04', 'Arms_Block_B_04', 'Legs_Block_B_04', 'Other_Block_B_04', 'Arms_Block_B_04', 'Other_Block_B_04', 'Head_Block_B_04', 'Arms_Block_B_04', 'Arms_Block_B_04', 'Arms_Block_B_04', 'Legs_Block_B_04', 'Other_Block_B_04', 'Arms_Block_B_04', 'Arms_Block_B_04', 'Arms_Block_B_04', 'Other_Block_B_04', 'Arms_Block_B_04', 'Arms_Block_B_04', 'Legs_Block_B_04', 'Head_Block_B_04', 'Other_Block_B_04']","[0.0004680999554693699, 1.7990072998218238, 3.683579699601978, 6.097944299690425, 10.047606299631298, 11.29616849962622, 13.063148399814963, 18.859552399720997, 20.092471099924296, 22.808390399906784, 24.891234699636698, 26.107676399871707, 27.207116900011897, 28.07337909983471, 28.35681220004335, 30.05586940003559, 30.28941069962457, 31.672297399956733, 33.438556199893355, 33.704293799586594, 37.32144659990445, 39.22025949973613, 46.633729099761695, 58.64711829973385, 59.68112429976463, 61.429719700012356, 62.295298199635, 63.04564969986677, 65.51082379976287, 69.2275183997117, 70.52584409993142, 71.65873269969597, 83.13867829972878, 85.6204928997904, 86.68668060004711, 87.96967859985307, 90.13575069978833, 92.66811369964853, 94.21751749981195, 96.16820159973577, 97.11769809992984, 99.24925379967317, 102.66501099988818, 105.09761699987575, 108.48114009993151, 109.47863220004365, 112.8610262000002, 122.24199240002781, 123.57534869993106, 126.82389839971438, 132.12133959960192, 137.75268769962713, 138.9359252997674, 141.9851352996193, 143.6343339998275, 145.6671676998958, 154.38055290002376, 155.6804622998461, 157.69611769961193, 158.59557050000876, 160.12841579969972, 160.59718120004982, 161.74496779963374, 165.51092909974977, 168.26028349995613, 174.45755029981956, 182.90408409992233, 185.01995479967445, 189.78706619981676, 192.13578329980373, 193.817855599802, 195.91712739970535, 197.6492530000396, 199.2652833997272]",74,74,4.6809995546936e-4,TRUE,head,removed early timestamp and paired first movement,73,73,0,0,39,8,10,17,39,7,10,17,73,TRUE,OK,
EL30AD28_A_LB.csv,data/s_files/psychopy/EL30AD28_A_LB.csv,EL30AD28,A,LB,01,Klicks_Block_A_01.clicked_name,Klicks_Block_A_01.time,A,TRUE,"['Head_Block_A_01', 'Other_Block_A_01']","[0.0010732999071478844, 141.55788029998075]",2,2,0.00107329990714788,TRUE,head,removed early timestamp and paired first movement,1,1,0,0,0,1,0,1,0,0,0,1,1,TRUE,OK,
EL30AD28_A_LB.csv,data/s_files/psychopy/EL30AD28_A_LB.csv,EL30AD28,A,LB,02,Klicks_Block_A_02.clicked_name,Klicks_Block_A_02.time,A,TRUE,"['Legs_Block_A_02', 'Arms_Block_A_02', 'Other_Block_A_02']","[0.0013334000250324607, 96.755592099973, 164.76479749998543]",3,3,0.00133340002503246,TRUE,leg,removed early timestamp and paired first movement,2,2,0,0,1,0,1,1,1,0,0,1,2,TRUE,OK,
EL30AD28_A_LB.csv,data/s_files/psychopy/EL30AD28_A_LB.csv,EL30AD28,A,LB,03,Klicks_Block_A_03.clicked_name,Klicks_Block_A_03.time,A,TRUE,"['Arms_Block_A_03', 'Arms_Block_A_03', 'Other_Block_A_03', 'Arms_Block_A_03', 'Other_Block_A_03']","[0.0021591000258922577, 111.52832279994618, 130.06518899998628, 164.56903040001635, 165.54081040003803]",5,5,0.00215910002589225,TRUE,arm,removed early timestamp and paired first movement,4,4,0,0,3,0,0,2,2,0,0,2,4,TRUE,OK,
EL30AD28_A_LB.csv,data/s_files/psychopy/EL30AD28_A_LB.csv,EL30AD28,A,LB,04,Klicks_Block_A_04.clicked_name,Klicks_Block_A_04.time,A,TRUE,"['Arms_Block_A_04', 'Other_Block_A_04', 'Head_Block_A_04']","[0.003802899969741702, 65.4014866000507, 145.7133721000282]",3,3,0.0038028999697417,TRUE,arm,removed early timestamp and paired first movement,2,2,0,0,1,1,0,1,0,1,0,1,2,TRUE,OK,
EL30AD28_B_HB.csv,data/s_files/psychopy/EL30AD28_B_HB.csv,EL30AD28,B,HB,01,Klicks_Block_B_01.clicked_name,Klicks_Block_B_01.time,B,TRUE,"['Legs_Block_B_01', 'Arms_Block_B_01', 'Other_Block_B_01']","[0.0016904000658541918, 48.45829740003683, 177.4146749000065]",3,3,0.00169040006585419,TRUE,leg,removed early timestamp and paired first movement,2,2,0,0,1,0,1,1,1,0,0,1,2,TRUE,OK,
EL30AD28_B_HB.csv,data/s_files/psychopy/EL30AD28_B_HB.csv,EL30AD28,B,HB,02,Klicks_Block_B_02.clicked_name,Klicks_Block_B_02.time,B,TRUE,"['Legs_Block_B_02', 'Other_Block_B_02', 'Legs_Block_B_02', 'Other_Block_B_02', 'Legs_Block_B_02']","[0.004595499951392412, 92.68865799997002, 114.07874210004229, 151.60772530001123, 207.20942950004246]",5,5,0.00459549995139241,TRUE,leg,removed early timestamp and paired first movement,4,4,0,0,0,0,3,2,0,0,2,2,4,TRUE,OK,
EL30AD28_B_HB.csv,data/s_files/psychopy/EL30AD28_B_HB.csv,EL30AD28,B,HB,03,Klicks_Block_B_03.clicked_name,Klicks_Block_B_03.time,B,TRUE,"['Legs_Block_B_03', 'Legs_Block_B_03', 'Other_Block_B_03', 'Other_Block_B_03', 'Other_Block_B_03', 'Legs_Block_B_03']","[0.0019863999914377928, 78.06045240000822, 87.73718129994813, 119.57303129998036, 179.47535720001906, 184.42208799999207]",6,6,0.00198639999143779,TRUE,leg,removed early timestamp and paired first movement,5,5,0,0,0,0,3,3,0,0,2,3,5,TRUE,OK,
EL30AD28_B_HB.csv,data/s_files/psychopy/EL30AD28_B_HB.csv,EL30AD28,B,HB,04,Klicks_Block_B_04.clicked_name,Klicks_Block_B_04.time,B,TRUE,"['Legs_Block_B_04', 'Other_Block_B_04', 'Legs_Block_B_04', 'Legs_Block_B_04', 'Legs_Block_B_04', 'Legs_Block_B_04', 'Other_Block_B_04']","[0.002350799972191453, 42.3687695999397, 68.57240749988705, 73.33160679996945, 78.43655159999616, 155.98103729996365, 179.2059988999972]",7,7,0.00235079997219145,TRUE,leg,removed early timestamp and paired first movement,6,6,0,0,0,0,5,2,0,0,4,2,6,TRUE,OK,
HE20ÜB06_A_LB.csv,data/s_files/psychopy/HE20ÜB06_A_LB.csv,HE20ÜB06,A,LB,01,Klicks_Block_A_01.clicked_name,Klicks_Block_A_01.time,A,TRUE,"['Other_Block_A_01', 'Other_Block_A_01', 'Legs_Block_A_01', 'Legs_Block_A_01']","[0.005619200179353356, 67.32706880010664, 168.6261185000185, 180.72167380014434]",4,4,0.00561920017935335,TRUE,other,removed early timestamp and paired first movement,3,3,0,0,0,0,2,2,0,0,2,1,3,TRUE,OK,
HE20ÜB06_A_LB.csv,data/s_files/psychopy/HE20ÜB06_A_LB.csv,HE20ÜB06,A,LB,02,Klicks_Block_A_02.clicked_name,Klicks_Block_A_02.time,A,TRUE,"['Other_Block_A_02', 'Other_Block_A_02', 'Arms_Block_A_02']","[0.0005741999484598637, 101.13213569996879, 113.7613109999802]",3,3,5.7419994845986e-4,TRUE,other,removed early timestamp and paired first movement,2,2,0,0,1,0,0,2,1,0,0,1,2,TRUE,OK,
HE20ÜB06_A_LB.csv,data/s_files/psychopy/HE20ÜB06_A_LB.csv,HE20ÜB06,A,LB,03,Klicks_Block_A_03.clicked_name,Klicks_Block_A_03.time,A,TRUE,"['Head_Block_A_03', 'Arms_Block_A_03']","[0.0005604000762104988, 30.039143099915236]",2,2,5.6040007621049e-4,TRUE,head,removed early timestamp and paired first movement,1,1,0,0,1,1,0,0,1,0,0,0,1,TRUE,OK,
HE20ÜB06_A_LB.csv,data/s_files/psychopy/HE20ÜB06_A_LB.csv,HE20ÜB06,A,LB,04,Klicks_Block_A_04.clicked_name,Klicks_Block_A_04.time,A,TRUE,"['Head_Block_A_04', 'Head_Block_A_04', 'Legs_Block_A_04']","[0.0005834000185132027, 75.12429510010406, 176.37331250007264]",3,3,5.834000185132e-4,TRUE,head,removed early timestamp and paired first movement,2,2,0,0,0,2,1,0,0,1,1,0,2,TRUE,OK,
HE20ÜB06_B_HB.csv,data/s_files/psychopy/HE20ÜB06_B_HB.csv,HE20ÜB06,B,HB,01,Klicks_Block_B_01.clicked_name,Klicks_Block_B_01.time,B,TRUE,"['Head_Block_B_01', 'Head_Block_B_01', 'Arms_Block_B_01', 'Arms_Block_B_01', 'Other_Block_B_01']","[0.0006548999808728695, 65.72772850003093, 148.38474440015852, 168.64263340015896, 188.31922870012932]",5,5,6.5489998087286e-4,TRUE,head,removed early timestamp and paired first movement,4,4,0,0,2,2,0,1,2,1,0,1,4,TRUE,OK,
HE20ÜB06_B_HB.csv,data/s_files/psychopy/HE20ÜB06_B_HB.csv,HE20ÜB06,B,HB,02,Klicks_Block_B_02.clicked_name,Klicks_Block_B_02.time,B,TRUE,"['Other_Block_B_02', 'Arms_Block_B_02', 'Head_Block_B_02']","[0.0004970000591129065, 193.73246859991923, 208.67816890007816]",3,3,4.970000591129e-4,TRUE,other,removed early timestamp and paired first movement,2,2,0,0,1,1,0,1,1,1,0,0,2,TRUE,OK,
HE20ÜB06_B_HB.csv,data/s_files/psychopy/HE20ÜB06_B_HB.csv,HE20ÜB06,B,HB,03,Klicks_Block_B_03.clicked_name,Klicks_Block_B_03.time,B,TRUE,"['Head_Block_B_03', 'Other_Block_B_03', 'Other_Block_B_03', 'Other_Block_B_03']","[0.0005614000838249922, 41.48424810008146, 88.0850941000972, 104.08007220015861, 177.5879419001285]",4,5,5.6140008382499e-4,TRUE,NA,removed early timestamp; retained all movement names,4,4,0,0,0,1,0,3,0,1,0,3,4,TRUE,OK,
HE20ÜB06_B_HB.csv,data/s_files/psychopy/HE20ÜB06_B_HB.csv,HE20ÜB06,B,HB,04,Klicks_Block_B_04.clicked_name,Klicks_Block_B_04.time,B,TRUE,"['Head_Block_B_04', 'Arms_Block_B_04', 'Legs_Block_B_04', 'Arms_Block_B_04', 'Legs_Block_B_04', 'Other_Block_B_04']","[0.0007724000606685877, 25.52421010006219, 49.18273860006593, 128.43940300005488, 153.097589999903, 201.88213640009053]",6,6,7.7240006066858e-4,TRUE,head,removed early timestamp and paired first movement,5,5,0,0,2,1,2,1,2,0,2,1,5,TRUE,OK,
IN06UE25_A_HB.csv,data/s_files/psychopy/IN06UE25_A_HB.csv,IN06UE25,A,HB,01,Klicks_Block_A_01.clicked_name,Klicks_Block_A_01.time,A,TRUE,['Head_Block_A_01'],[0.001941499998793006],1,1,0.001941499998793,TRUE,head,removed early timestamp and paired first movement,0,0,0,0,0,1,0,0,0,0,0,0,0,TRUE,OK,
IN06UE25_A_HB.csv,data/s_files/psychopy/IN06UE25_A_HB.csv,IN06UE25,A,HB,02,Klicks_Block_A_02.clicked_name,Klicks_Block_A_02.time,A,TRUE,[],[0.001445799833163619],0,1,0.00144579983316361,TRUE,NA,removed early timestamp; retained all movement names,0,0,0,0,0,0,0,0,0,0,0,0,0,TRUE,OK,
IN06UE25_A_HB.csv,data/s_files/psychopy/IN06UE25_A_HB.csv,IN06UE25,A,HB,03,Klicks_Block_A_03.clicked_name,Klicks_Block_A_03.time,A,TRUE,[],[0.004828300094231963],0,1,0.00482830009423196,TRUE,NA,removed early timestamp; retained all movement names,0,0,0,0,0,0,0,0,0,0,0,0,0,TRUE,OK,
IN06UE25_A_HB.csv,data/s_files/psychopy/IN06UE25_A_HB.csv,IN06UE25,A,HB,04,Klicks_Block_A_04.clicked_name,Klicks_Block_A_04.time,A,TRUE,[],[0.000990200089290738],0,1,9.9020008929073e-4,TRUE,NA,removed early timestamp; retained all movement names,0,0,0,0,0,0,0,0,0,0,0,0,0,TRUE,OK,
IN06UE25_B_LB.csv,data/s_files/psychopy/IN06UE25_B_LB.csv,IN06UE25,B,LB,01,Klicks_Block_B_01.clicked_name,Klicks_Block_B_01.time,B,TRUE,['Head_Block_B_01'],[0.0021104998886585236],1,1,0.00211049988865852,TRUE,head,removed early timestamp and paired first movement,0,0,0,0,0,1,0,0,0,0,0,0,0,TRUE,OK,
IN06UE25_B_LB.csv,data/s_files/psychopy/IN06UE25_B_LB.csv,IN06UE25,B,LB,02,Klicks_Block_B_02.clicked_name,Klicks_Block_B_02.time,B,TRUE,[],[0.0016804998740553856],0,1,0.00168049987405538,TRUE,NA,removed early timestamp; retained all movement names,0,0,0,0,0,0,0,0,0,0,0,0,0,TRUE,OK,
IN06UE25_B_LB.csv,data/s_files/psychopy/IN06UE25_B_LB.csv,IN06UE25,B,LB,03,Klicks_Block_B_03.clicked_name,Klicks_Block_B_03.time,B,TRUE,[],[0.0020055000204592943],0,1,0.00200550002045929,TRUE,NA,removed early timestamp; retained all movement names,0,0,0,0,0,0,0,0,0,0,0,0,0,TRUE,OK,
IN06UE25_B_LB.csv,data/s_files/psychopy/IN06UE25_B_LB.csv,IN06UE25,B,LB,04,Klicks_Block_B_04.clicked_name,Klicks_Block_B_04.time,B,TRUE,[],[0.0024973000399768353],0,1,0.00249730003997683,TRUE,NA,removed early timestamp; retained all movement names,0,0,0,0,0,0,0,0,0,0,0,0,0,TRUE,OK,
JE06AD10_A_LB.csv,data/s_files/psychopy/JE06AD10_A_LB.csv,JE06AD10,A,LB,01,Klicks_Block_A_01.clicked_name,Klicks_Block_A_01.time,A,TRUE,"['Other_Block_A_01', 'Other_Block_A_01', 'Other_Block_A_01']","[0.0005768999690189958, 122.3751379000023, 161.4774657000089]",3,3,5.7689996901899e-4,TRUE,other,removed early timestamp and paired first movement,2,2,0,0,0,0,0,3,0,0,0,2,2,TRUE,OK,
JE06AD10_A_LB.csv,data/s_files/psychopy/JE06AD10_A_LB.csv,JE06AD10,A,LB,02,Klicks_Block_A_02.clicked_name,Klicks_Block_A_02.time,A,TRUE,"['Other_Block_A_02', 'Other_Block_A_02', 'Arms_Block_A_02', 'Other_Block_A_02']","[0.0005001999670639634, 73.52438820002135, 147.63425330002792, 181.555278899963]",4,4,5.0019996706396e-4,TRUE,other,removed early timestamp and paired first movement,3,3,0,0,1,0,0,3,1,0,0,2,3,TRUE,OK,
JE06AD10_A_LB.csv,data/s_files/psychopy/JE06AD10_A_LB.csv,JE06AD10,A,LB,03,Klicks_Block_A_03.clicked_name,Klicks_Block_A_03.time,A,TRUE,"['Other_Block_A_03', 'Head_Block_A_03']","[0.000505700008943677, 100.03406740003265, 149.9848631999921, 204.54748670000117]",2,4,5.0570000894367e-4,TRUE,NA,removed early timestamp; retained all movement names,2,3,1,0,0,1,0,1,0,1,0,1,2,TRUE,WARNING,1 timestamp(s) cannot be matched to clicked_name
JE06AD10_A_LB.csv,data/s_files/psychopy/JE06AD10_A_LB.csv,JE06AD10,A,LB,04,Klicks_Block_A_04.clicked_name,Klicks_Block_A_04.time,A,TRUE,['Other_Block_A_04'],"[0.0005005999701097608, 60.86268599994946]",1,2,5.0059997010976e-4,TRUE,NA,removed early timestamp; retained all movement names,1,1,0,0,0,0,0,1,0,0,0,1,1,TRUE,OK,
JE06AD10_B_HB.csv,data/s_files/psychopy/JE06AD10_B_HB.csv,JE06AD10,B,HB,01,Klicks_Block_B_01.clicked_name,Klicks_Block_B_01.time,B,TRUE,"['Other_Block_B_01', 'Other_Block_B_01', 'Head_Block_B_01', 'Head_Block_B_01']","[0.0005766999674960971, 15.860799300018698, 135.4043453000486, 164.31031029997393]",4,4,5.7669996749609e-4,TRUE,other,removed early timestamp and paired first movement,3,3,0,0,0,2,0,2,0,2,0,1,3,TRUE,OK,
JE06AD10_B_HB.csv,data/s_files/psychopy/JE06AD10_B_HB.csv,JE06AD10,B,HB,02,Klicks_Block_B_02.clicked_name,Klicks_Block_B_02.time,B,TRUE,"['Arms_Block_B_02', 'Legs_Block_B_02', 'Other_Block_B_02', 'Head_Block_B_02', 'Other_Block_B_02', 'Head_Block_B_02']","[0.000546799972653389, 69.57661350001581, 76.67385509994347, 88.90267189999577, 152.16459509998094, 197.73266259999946, 204.1305560999317]",6,7,5.4679997265338e-4,TRUE,NA,removed early timestamp; retained all movement names,6,6,0,0,1,2,1,2,1,2,1,2,6,TRUE,OK,
JE06AD10_B_HB.csv,data/s_files/psychopy/JE06AD10_B_HB.csv,JE06AD10,B,HB,03,Klicks_Block_B_03.clicked_name,Klicks_Block_B_03.time,B,TRUE,[],[0.0005173999816179276],0,1,5.1739998161792e-4,TRUE,NA,removed early timestamp; retained all movement names,0,0,0,0,0,0,0,0,0,0,0,0,0,TRUE,OK,
JE06AD10_B_HB.csv,data/s_files/psychopy/JE06AD10_B_HB.csv,JE06AD10,B,HB,04,Klicks_Block_B_04.clicked_name,Klicks_Block_B_04.time,B,TRUE,[],[0.0005465999711304903],0,1,5.4659997113049e-4,TRUE,NA,removed early timestamp; retained all movement names,0,0,0,0,0,0,0,0,0,0,0,0,0,TRUE,OK,
JO26EI26_A_HB.csv,data/s_files/psychopy/JO26EI26_A_HB.csv,JO26EI26,A,HB,01,Klicks_Block_A_01.clicked_name,Klicks_Block_A_01.time,A,TRUE,['Arms_Block_A_01'],[0.0018819000106304884],1,1,0.00188190001063048,TRUE,arm,removed early timestamp and paired first movement,0,0,0,0,1,0,0,0,0,0,0,0,0,TRUE,OK,
JO26EI26_A_HB.csv,data/s_files/psychopy/JO26EI26_A_HB.csv,JO26EI26,A,HB,02,Klicks_Block_A_02.clicked_name,Klicks_Block_A_02.time,A,TRUE,['Other_Block_A_02'],[0.0005323998630046844],1,1,5.3239986300468e-4,TRUE,other,removed early timestamp and paired first movement,0,0,0,0,0,0,0,1,0,0,0,0,0,TRUE,OK,
JO26EI26_A_HB.csv,data/s_files/psychopy/JO26EI26_A_HB.csv,JO26EI26,A,HB,03,Klicks_Block_A_03.clicked_name,Klicks_Block_A_03.time,A,TRUE,['Other_Block_A_03'],[0.0006569998804479837],1,1,6.5699988044798e-4,TRUE,other,removed early timestamp and paired first movement,0,0,0,0,0,0,0,1,0,0,0,0,0,TRUE,OK,
JO26EI26_A_HB.csv,data/s_files/psychopy/JO26EI26_A_HB.csv,JO26EI26,A,HB,04,Klicks_Block_A_04.clicked_name,Klicks_Block_A_04.time,A,TRUE,['Other_Block_A_04'],[0.000505700008943677],1,1,5.0570000894367e-4,TRUE,other,removed early timestamp and paired first movement,0,0,0,0,0,0,0,1,0,0,0,0,0,TRUE,OK,
JO26EI26_B_LB.csv,data/s_files/psychopy/JO26EI26_B_LB.csv,JO26EI26,B,LB,01,Klicks_Block_B_01.clicked_name,Klicks_Block_B_01.time,B,TRUE,[],[0.0005444998387247324],0,1,5.4449983872473e-4,TRUE,NA,removed early timestamp; retained all movement names,0,0,0,0,0,0,0,0,0,0,0,0,0,TRUE,OK,
JO26EI26_B_LB.csv,data/s_files/psychopy/JO26EI26_B_LB.csv,JO26EI26,B,LB,02,Klicks_Block_B_02.clicked_name,Klicks_Block_B_02.time,B,TRUE,[],[0.000484999967738986],0,1,4.8499996773898e-4,TRUE,NA,removed early timestamp; retained all movement names,0,0,0,0,0,0,0,0,0,0,0,0,0,TRUE,OK,
JO26EI26_B_LB.csv,data/s_files/psychopy/JO26EI26_B_LB.csv,JO26EI26,B,LB,03,Klicks_Block_B_03.clicked_name,Klicks_Block_B_03.time,B,TRUE,[],[0.000498700188472867],0,1,4.9870018847286e-4,TRUE,NA,removed early timestamp; retained all movement names,0,0,0,0,0,0,0,0,0,0,0,0,0,TRUE,OK,
JO26EI26_B_LB.csv,data/s_files/psychopy/JO26EI26_B_LB.csv,JO26EI26,B,LB,04,Klicks_Block_B_04.clicked_name,Klicks_Block_B_04.time,B,TRUE,[],[0.0005463999696075916],0,1,5.4639996960759e-4,TRUE,NA,removed early timestamp; retained all movement names,0,0,0,0,0,0,0,0,0,0,0,0,0,TRUE,OK,
JU20ÜC09_A_LB.csv,data/s_files/psychopy/JU20ÜC09_A_LB.csv,JU20ÜC09,A,LB,01,Klicks_Block_A_01.clicked_name,Klicks_Block_A_01.time,A,TRUE,"['Other_Block_A_01', 'Legs_Block_A_01']","[0.0006538999732583761, 6.8801587000489235]",2,2,6.5389997325837e-4,TRUE,other,removed early timestamp and paired first movement,1,1,0,0,0,0,1,1,0,0,1,0,1,TRUE,OK,
JU20ÜC09_A_LB.csv,data/s_files/psychopy/JU20ÜC09_A_LB.csv,JU20ÜC09,A,LB,02,Klicks_Block_A_02.clicked_name,Klicks_Block_A_02.time,A,TRUE,['Head_Block_A_02'],[0.0004913001321256161],1,1,4.9130013212561e-4,TRUE,head,removed early timestamp and paired first movement,0,0,0,0,0,1,0,0,0,0,0,0,0,TRUE,OK,
JU20ÜC09_A_LB.csv,data/s_files/psychopy/JU20ÜC09_A_LB.csv,JU20ÜC09,A,LB,03,Klicks_Block_A_03.clicked_name,Klicks_Block_A_03.time,A,TRUE,"['Head_Block_A_03', 'Head_Block_A_03', 'Legs_Block_A_03', 'Arms_Block_A_03', 'Head_Block_A_03', 'Other_Block_A_03', 'Other_Block_A_03']","[0.000600599916651845, 9.695968999993056, 124.90577129996382, 132.75383340008557, 135.60314920009114, 136.93639799999073, 158.52762529999018]",7,7,6.0059991665184e-4,TRUE,head,removed early timestamp and paired first movement,6,6,0,0,1,3,1,2,1,2,1,2,6,TRUE,OK,
JU20ÜC09_A_LB.csv,data/s_files/psychopy/JU20ÜC09_A_LB.csv,JU20ÜC09,A,LB,04,Klicks_Block_A_04.clicked_name,Klicks_Block_A_04.time,A,TRUE,['Head_Block_A_04'],[0.0005552000366151333],1,1,5.5520003661513e-4,TRUE,head,removed early timestamp and paired first movement,0,0,0,0,0,1,0,0,0,0,0,0,0,TRUE,OK,
JU20ÜC09_B_HB.csv,data/s_files/psychopy/JU20ÜC09_B_HB.csv,JU20ÜC09,B,HB,01,Klicks_Block_B_01.clicked_name,Klicks_Block_B_01.time,B,TRUE,"['Head_Block_B_01', 'Other_Block_B_01', 'Other_Block_B_01']","[0.0006241998635232449, 160.34542879997753, 201.9979966999963]",3,3,6.2419986352324e-4,TRUE,head,removed early timestamp and paired first movement,2,2,0,0,0,1,0,2,0,0,0,2,2,TRUE,OK,
JU20ÜC09_B_HB.csv,data/s_files/psychopy/JU20ÜC09_B_HB.csv,JU20ÜC09,B,HB,02,Klicks_Block_B_02.clicked_name,Klicks_Block_B_02.time,B,TRUE,"['Other_Block_B_02', 'Other_Block_B_02']","[0.0005846000276505947, 121.65917339990847]",2,2,5.8460002765059e-4,TRUE,other,removed early timestamp and paired first movement,1,1,0,0,0,0,0,2,0,0,0,1,1,TRUE,OK,
JU20ÜC09_B_HB.csv,data/s_files/psychopy/JU20ÜC09_B_HB.csv,JU20ÜC09,B,HB,03,Klicks_Block_B_03.clicked_name,Klicks_Block_B_03.time,B,TRUE,"['Other_Block_B_03', 'Other_Block_B_03', 'Other_Block_B_03']","[0.0005175999831408262, 162.84457389987074, 164.0940231999848]",3,3,5.1759998314082e-4,TRUE,other,removed early timestamp and paired first movement,2,2,0,0,0,0,0,3,0,0,0,2,2,TRUE,OK,
JU20ÜC09_B_HB.csv,data/s_files/psychopy/JU20ÜC09_B_HB.csv,JU20ÜC09,B,HB,04,Klicks_Block_B_04.clicked_name,Klicks_Block_B_04.time,B,TRUE,"['Other_Block_B_04', 'Arms_Block_B_04', 'Head_Block_B_04', 'Head_Block_B_04', 'Other_Block_B_04', 'Head_Block_B_04', 'Head_Block_B_04']","[0.00044700014404952526, 92.8687451002188, 122.0420493001584, 123.05852620000951, 140.15271160006523, 142.0366799000185, 142.56983790011145]",7,7,4.4700014404952e-4,TRUE,other,removed early timestamp and paired first movement,6,6,0,0,1,4,0,2,1,4,0,1,6,TRUE,OK,
KA09ÜH17_A_HB.csv,data/s_files/psychopy/KA09ÜH17_A_HB.csv,KA09ÜH17,A,HB,01,Klicks_Block_A_01.clicked_name,Klicks_Block_A_01.time,A,TRUE,"['Head_Block_A_01', 'Other_Block_A_01']","[0.0006079999729990959, 182.5380655999761]",2,2,6.0799997299909e-4,TRUE,head,removed early timestamp and paired first movement,1,1,0,0,0,1,0,1,0,0,0,1,1,TRUE,OK,
KA09ÜH17_A_HB.csv,data/s_files/psychopy/KA09ÜH17_A_HB.csv,KA09ÜH17,A,HB,02,Klicks_Block_A_02.clicked_name,Klicks_Block_A_02.time,A,TRUE,"['Arms_Block_A_02', 'Other_Block_A_02', 'Other_Block_A_02']","[0.0004936999175697565, 15.926091399975121, 172.28995979996398, 187.5845821998082]",3,4,4.9369991756975e-4,TRUE,NA,removed early timestamp; retained all movement names,3,3,0,0,1,0,0,2,1,0,0,2,3,TRUE,OK,
KA09ÜH17_A_HB.csv,data/s_files/psychopy/KA09ÜH17_A_HB.csv,KA09ÜH17,A,HB,03,Klicks_Block_A_03.clicked_name,Klicks_Block_A_03.time,A,TRUE,"['Other_Block_A_03', 'Legs_Block_A_03', 'Arms_Block_A_03']","[0.0005232000257819891, 97.53335160017014, 177.13987840013579]",3,3,5.2320002578198e-4,TRUE,other,removed early timestamp and paired first movement,2,2,0,0,1,0,1,1,1,0,1,0,2,TRUE,OK,
KA09ÜH17_A_HB.csv,data/s_files/psychopy/KA09ÜH17_A_HB.csv,KA09ÜH17,A,HB,04,Klicks_Block_A_04.clicked_name,Klicks_Block_A_04.time,A,TRUE,"['Arms_Block_A_04', 'Other_Block_A_04', 'Arms_Block_A_04']","[0.0005634000990539789, 23.225877600023523, 25.91028430010192]",3,3,5.6340009905397e-4,TRUE,arm,removed early timestamp and paired first movement,2,2,0,0,2,0,0,1,1,0,0,1,2,TRUE,OK,
KA09ÜH17_B_LB.csv,data/s_files/psychopy/KA09ÜH17_B_LB.csv,KA09ÜH17,B,LB,01,Klicks_Block_B_01.clicked_name,Klicks_Block_B_01.time,B,TRUE,"['Head_Block_B_01', 'Other_Block_B_01']","[0.0005942999850958586, 112.51074799988419]",2,2,5.9429998509585e-4,TRUE,head,removed early timestamp and paired first movement,1,1,0,0,0,1,0,1,0,0,0,1,1,TRUE,OK,
KA09ÜH17_B_LB.csv,data/s_files/psychopy/KA09ÜH17_B_LB.csv,KA09ÜH17,B,LB,02,Klicks_Block_B_02.clicked_name,Klicks_Block_B_02.time,B,TRUE,"['Arms_Block_B_02', 'Other_Block_B_02', 'Legs_Block_B_02']","[0.0004524998366832733, 87.40241859992966, 135.95283839991316]",3,3,4.5249983668327e-4,TRUE,arm,removed early timestamp and paired first movement,2,2,0,0,1,0,1,1,0,0,1,1,2,TRUE,OK,
KA09ÜH17_B_LB.csv,data/s_files/psychopy/KA09ÜH17_B_LB.csv,KA09ÜH17,B,LB,03,Klicks_Block_B_03.clicked_name,Klicks_Block_B_03.time,B,TRUE,"['Arms_Block_B_03', 'Other_Block_B_03']","[0.00045469985343515873, 12.062178199877962, 78.99230899987742]",2,3,4.5469985343515e-4,TRUE,NA,removed early timestamp; retained all movement names,2,2,0,0,1,0,0,1,1,0,0,1,2,TRUE,OK,
KA09ÜH17_B_LB.csv,data/s_files/psychopy/KA09ÜH17_B_LB.csv,KA09ÜH17,B,LB,04,Klicks_Block_B_04.clicked_name,Klicks_Block_B_04.time,B,TRUE,"['Other_Block_B_04', 'Arms_Block_B_04', 'Legs_Block_B_04']","[0.0005306999664753675, 78.27354550012387, 92.401585200103, 171.008582000155]",3,4,5.3069996647536e-4,TRUE,NA,removed early timestamp; retained all movement names,3,3,0,0,1,0,1,1,1,0,1,1,3,TRUE,OK,
KA14RE15_A_HB.csv,data/s_files/psychopy/KA14RE15_A_HB.csv,KA14RE15,A,HB,01,Klicks_Block_A_01.clicked_name,Klicks_Block_A_01.time,A,TRUE,"['Head_Block_A_01', 'Other_Block_A_01']","[0.0024721999652683735, 93.86065209994558]",2,2,0.00247219996526837,TRUE,head,removed early timestamp and paired first movement,1,1,0,0,0,1,0,1,0,0,0,1,1,TRUE,OK,
KA14RE15_A_HB.csv,data/s_files/psychopy/KA14RE15_A_HB.csv,KA14RE15,A,HB,02,Klicks_Block_A_02.clicked_name,Klicks_Block_A_02.time,A,TRUE,"['Other_Block_A_02', 'Arms_Block_A_02']","[0.0033596999710425735, 155.2949793000007]",2,2,0.00335969997104257,TRUE,other,removed early timestamp and paired first movement,1,1,0,0,1,0,0,1,1,0,0,0,1,TRUE,OK,
KA14RE15_A_HB.csv,data/s_files/psychopy/KA14RE15_A_HB.csv,KA14RE15,A,HB,03,Klicks_Block_A_03.clicked_name,Klicks_Block_A_03.time,A,TRUE,"['Arms_Block_A_03', 'Other_Block_A_03', 'Other_Block_A_03', 'Arms_Block_A_03']","[0.002478600014001131, 75.40864100004546, 125.77696309995372, 161.60994490003213]",4,4,0.00247860001400113,TRUE,arm,removed early timestamp and paired first movement,3,3,0,0,2,0,0,2,1,0,0,2,3,TRUE,OK,
KA14RE15_A_HB.csv,data/s_files/psychopy/KA14RE15_A_HB.csv,KA14RE15,A,HB,04,Klicks_Block_A_04.clicked_name,Klicks_Block_A_04.time,A,TRUE,"['Arms_Block_A_04', 'Arms_Block_A_04', 'Arms_Block_A_04']","[0.0015345000429078937, 19.839238499989733, 196.2209686000133]",3,3,0.00153450004290789,TRUE,arm,removed early timestamp and paired first movement,2,2,0,0,3,0,0,0,2,0,0,0,2,TRUE,OK,
KA14RE15_B_LB.csv,data/s_files/psychopy/KA14RE15_B_LB.csv,KA14RE15,B,LB,01,Klicks_Block_B_01.clicked_name,Klicks_Block_B_01.time,B,TRUE,"['Head_Block_B_01', 'Arms_Block_B_01']","[0.003497399971820414, 158.0123300999403]",2,2,0.00349739997182041,TRUE,head,removed early timestamp and paired first movement,1,1,0,0,1,1,0,0,1,0,0,0,1,TRUE,OK,
KA14RE15_B_LB.csv,data/s_files/psychopy/KA14RE15_B_LB.csv,KA14RE15,B,LB,02,Klicks_Block_B_02.clicked_name,Klicks_Block_B_02.time,B,TRUE,"['Arms_Block_B_02', 'Other_Block_B_02', 'Other_Block_B_02', 'Head_Block_B_02', 'Other_Block_B_02']","[0.005828899913467467, 13.248351899906993, 73.97205819992814, 87.81278679997195, 118.87826969998423]",5,5,0.00582889991346746,TRUE,arm,removed early timestamp and paired first movement,4,4,0,0,1,1,0,3,0,1,0,3,4,TRUE,OK,
KA14RE15_B_LB.csv,data/s_files/psychopy/KA14RE15_B_LB.csv,KA14RE15,B,LB,03,Klicks_Block_B_03.clicked_name,Klicks_Block_B_03.time,B,TRUE,"['Other_Block_B_03', 'Other_Block_B_03', 'Other_Block_B_03']","[0.001077100052498281, 85.84830209997017, 148.0245833999943, 174.06655039999168]",3,4,0.00107710005249828,TRUE,NA,removed early timestamp; retained all movement names,3,3,0,0,0,0,0,3,0,0,0,3,3,TRUE,OK,
KA14RE15_B_LB.csv,data/s_files/psychopy/KA14RE15_B_LB.csv,KA14RE15,B,LB,04,Klicks_Block_B_04.clicked_name,Klicks_Block_B_04.time,B,TRUE,"['Other_Block_B_04', 'Other_Block_B_04', 'Legs_Block_B_04', 'Other_Block_B_04', 'Arms_Block_B_04', 'Head_Block_B_04']","[0.0016738000558689237, 56.55235730006825, 67.35790429997724, 106.77090030000545, 126.69382190005854, 187.5502434000373]",6,6,0.00167380005586892,TRUE,other,removed early timestamp and paired first movement,5,5,0,0,1,1,1,3,1,1,1,2,5,TRUE,OK,
KE30IE06_A_LB.csv,data/s_files/psychopy/KE30IE06_A_LB.csv,KE30IE06,A,LB,01,Klicks_Block_A_01.clicked_name,Klicks_Block_A_01.time,A,TRUE,['Other_Block_A_01'],[0.004724200116470456],1,1,0.00472420011647045,TRUE,other,removed early timestamp and paired first movement,0,0,0,0,0,0,0,1,0,0,0,0,0,TRUE,OK,
KE30IE06_A_LB.csv,data/s_files/psychopy/KE30IE06_A_LB.csv,KE30IE06,A,LB,02,Klicks_Block_A_02.clicked_name,Klicks_Block_A_02.time,A,TRUE,['Arms_Block_A_02'],[0.0005407000426203012],1,1,0.00054070004262030005,TRUE,arm,removed early timestamp and paired first movement,0,0,0,0,1,0,0,0,0,0,0,0,0,TRUE,OK,
KE30IE06_A_LB.csv,data/s_files/psychopy/KE30IE06_A_LB.csv,KE30IE06,A,LB,03,Klicks_Block_A_03.clicked_name,Klicks_Block_A_03.time,A,TRUE,['Arms_Block_A_03'],[0.0005270000547170639],1,1,5.2700005471706e-4,TRUE,arm,removed early timestamp and paired first movement,0,0,0,0,1,0,0,0,0,0,0,0,0,TRUE,OK,
KE30IE06_A_LB.csv,data/s_files/psychopy/KE30IE06_A_LB.csv,KE30IE06,A,LB,04,Klicks_Block_A_04.clicked_name,Klicks_Block_A_04.time,A,TRUE,"['Other_Block_A_04', 'Other_Block_A_04']","[0.0004986999556422234, 76.72475640010089]",2,2,4.9869995564222e-4,TRUE,other,removed early timestamp and paired first movement,1,1,0,0,0,0,0,2,0,0,0,1,1,TRUE,OK,
KE30IE06_B_HB.csv,data/s_files/psychopy/KE30IE06_B_HB.csv,KE30IE06,B,HB,01,Klicks_Block_B_01.clicked_name,Klicks_Block_B_01.time,B,TRUE,['Head_Block_B_01'],[0.0005375000182539225],1,1,5.3750001825392e-4,TRUE,head,removed early timestamp and paired first movement,0,0,0,0,0,1,0,0,0,0,0,0,0,TRUE,OK,
KE30IE06_B_HB.csv,data/s_files/psychopy/KE30IE06_B_HB.csv,KE30IE06,B,HB,02,Klicks_Block_B_02.clicked_name,Klicks_Block_B_02.time,B,TRUE,"['Arms_Block_B_02', 'Other_Block_B_02', 'Other_Block_B_02']","[0.0006242000963538885, 76.64082169998437, 83.62023060000502]",3,3,6.2420009635388e-4,TRUE,arm,removed early timestamp and paired first movement,2,2,0,0,1,0,0,2,0,0,0,2,2,TRUE,OK,
KE30IE06_B_HB.csv,data/s_files/psychopy/KE30IE06_B_HB.csv,KE30IE06,B,HB,03,Klicks_Block_B_03.clicked_name,Klicks_Block_B_03.time,B,TRUE,"['Other_Block_B_03', 'Head_Block_B_03']","[0.0006172000430524349, 127.90620100009255]",2,2,6.1720004305243e-4,TRUE,other,removed early timestamp and paired first movement,1,1,0,0,0,1,0,1,0,1,0,0,1,TRUE,OK,
KE30IE06_B_HB.csv,data/s_files/psychopy/KE30IE06_B_HB.csv,KE30IE06,B,HB,04,Klicks_Block_B_04.clicked_name,Klicks_Block_B_04.time,B,TRUE,"['Head_Block_B_04', 'Head_Block_B_04']","[0.0004718999844044447, 131.1722753997892]",2,2,4.7189998440444e-4,TRUE,head,removed early timestamp and paired first movement,1,1,0,0,0,2,0,0,0,1,0,0,1,TRUE,OK,
KO24IE08_A_HB.csv,data/s_files/psychopy/KO24IE08_A_HB.csv,KO24IE08,A,HB,01,Klicks_Block_A_01.clicked_name,Klicks_Block_A_01.time,A,TRUE,['Arms_Block_A_01'],[0.0006208999548107386],1,1,6.2089995481073e-4,TRUE,arm,removed early timestamp and paired first movement,0,0,0,0,1,0,0,0,0,0,0,0,0,TRUE,OK,
KO24IE08_A_HB.csv,data/s_files/psychopy/KO24IE08_A_HB.csv,KO24IE08,A,HB,02,Klicks_Block_A_02.clicked_name,Klicks_Block_A_02.time,A,TRUE,['Arms_Block_A_02'],[0.0005414000479504466],1,1,5.4140004795044e-4,TRUE,arm,removed early timestamp and paired first movement,0,0,0,0,1,0,0,0,0,0,0,0,0,TRUE,OK,
KO24IE08_A_HB.csv,data/s_files/psychopy/KO24IE08_A_HB.csv,KO24IE08,A,HB,03,Klicks_Block_A_03.clicked_name,Klicks_Block_A_03.time,A,TRUE,"['Arms_Block_A_03', 'Arms_Block_A_03']","[0.0004870999837294221, 68.8433160999557, 206.3634770999197]",2,3,4.8709998372942e-4,TRUE,NA,removed early timestamp; retained all movement names,2,2,0,0,2,0,0,0,2,0,0,0,2,TRUE,OK,
KO24IE08_A_HB.csv,data/s_files/psychopy/KO24IE08_A_HB.csv,KO24IE08,A,HB,04,Klicks_Block_A_04.clicked_name,Klicks_Block_A_04.time,A,TRUE,"['Arms_Block_A_04', 'Other_Block_A_04']","[0.0005097000394016504, 149.15036249998957]",2,2,5.0970003940165e-4,TRUE,arm,removed early timestamp and paired first movement,1,1,0,0,1,0,0,1,0,0,0,1,1,TRUE,OK,
KO24IE08_B_LB.csv,data/s_files/psychopy/KO24IE08_B_LB.csv,KO24IE08,B,LB,01,Klicks_Block_B_01.clicked_name,Klicks_Block_B_01.time,B,TRUE,"['Other_Block_B_01', 'Other_Block_B_01']","[0.0005870000459253788, 93.58341860002838]",2,2,5.8700004592537e-4,TRUE,other,removed early timestamp and paired first movement,1,1,0,0,0,0,0,2,0,0,0,1,1,TRUE,OK,
KO24IE08_B_LB.csv,data/s_files/psychopy/KO24IE08_B_LB.csv,KO24IE08,B,LB,02,Klicks_Block_B_02.clicked_name,Klicks_Block_B_02.time,B,TRUE,['Other_Block_B_02'],[0.0004455000162124634],1,1,4.4550001621246e-4,TRUE,other,removed early timestamp and paired first movement,0,0,0,0,0,0,0,1,0,0,0,0,0,TRUE,OK,
KO24IE08_B_LB.csv,data/s_files/psychopy/KO24IE08_B_LB.csv,KO24IE08,B,LB,03,Klicks_Block_B_03.clicked_name,Klicks_Block_B_03.time,B,TRUE,['Arms_Block_B_03'],[0.0005238000303506851],1,1,5.2380003035068e-4,TRUE,arm,removed early timestamp and paired first movement,0,0,0,0,1,0,0,0,0,0,0,0,0,TRUE,OK,
KO24IE08_B_LB.csv,data/s_files/psychopy/KO24IE08_B_LB.csv,KO24IE08,B,LB,04,Klicks_Block_B_04.clicked_name,Klicks_Block_B_04.time,B,TRUE,['Other_Block_B_04'],"[0.0005516998935490847, 14.876097799977288]",1,2,5.5169989354908e-4,TRUE,NA,removed early timestamp; retained all movement names,1,1,0,0,0,0,0,1,0,0,0,1,1,TRUE,OK,
LE11ON12_A_HB.csv,data/s_files/psychopy/LE11ON12_A_HB.csv,LE11ON12,A,HB,01,Klicks_Block_A_01.clicked_name,Klicks_Block_A_01.time,A,TRUE,"['Head_Block_A_01', 'Arms_Block_A_01', 'Other_Block_A_01', 'Arms_Block_A_01']","[0.0022100999485701323, 165.99117220006883, 195.68044809997082, 198.86253979988396]",4,4,0.00221009994857013,TRUE,head,removed early timestamp and paired first movement,3,3,0,0,2,1,0,1,2,0,0,1,3,TRUE,OK,
LE11ON12_A_HB.csv,data/s_files/psychopy/LE11ON12_A_HB.csv,LE11ON12,A,HB,02,Klicks_Block_A_02.clicked_name,Klicks_Block_A_02.time,A,TRUE,"['Arms_Block_A_02', 'Other_Block_A_02', 'Arms_Block_A_02', 'Other_Block_A_02', 'Other_Block_A_02']","[0.0008023001719266176, 41.98554950021207, 72.94175150012597, 93.46935440017842, 127.43622050015256]",5,5,8.0230017192661e-4,TRUE,arm,removed early timestamp and paired first movement,4,4,0,0,2,0,0,3,1,0,0,3,4,TRUE,OK,
LE11ON12_A_HB.csv,data/s_files/psychopy/LE11ON12_A_HB.csv,LE11ON12,A,HB,03,Klicks_Block_A_03.clicked_name,Klicks_Block_A_03.time,A,TRUE,"['Legs_Block_A_03', 'Arms_Block_A_03']","[0.002451100153848529, 32.18433169997297]",2,2,0.00245110015384852,TRUE,leg,removed early timestamp and paired first movement,1,1,0,0,1,0,1,0,1,0,0,0,1,TRUE,OK,
LE11ON12_A_HB.csv,data/s_files/psychopy/LE11ON12_A_HB.csv,LE11ON12,A,HB,04,Klicks_Block_A_04.clicked_name,Klicks_Block_A_04.time,A,TRUE,"['Legs_Block_A_04', 'Other_Block_A_04', 'Arms_Block_A_04']","[0.0027417000383138657, 26.053963999962434, 78.72077540005557]",3,3,0.00274170003831386,TRUE,leg,removed early timestamp and paired first movement,2,2,0,0,1,0,1,1,1,0,0,1,2,TRUE,OK,
LE11ON12_B_LB.csv,data/s_files/psychopy/LE11ON12_B_LB.csv,LE11ON12,B,LB,01,Klicks_Block_A_01.clicked_name,Klicks_Block_A_01.time,A,FALSE,"['Arms_Block_A_01', 'Head_Block_A_01', 'Arms_Block_A_01', 'Arms_Block_A_01', 'Other_Block_A_01', 'Arms_Block_A_01', 'Arms_Block_A_01', 'Arms_Block_A_01', 'Arms_Block_A_01', 'Legs_Block_A_01']","[0.0012610000558197498, 14.324727999977767, 15.641555499983951, 72.98869070014916, 77.58679480012506, 129.0864788000472, 132.96833950001746, 133.9847178000491, 154.72776530007832, 157.87623040005565]",10,10,0.00126100005581974,TRUE,arm,removed early timestamp and paired first movement,9,9,0,0,7,1,1,1,6,1,1,1,9,TRUE,WARNING,internal A/B header differs from standardized filename
LE11ON12_B_LB.csv,data/s_files/psychopy/LE11ON12_B_LB.csv,LE11ON12,B,LB,02,Klicks_Block_A_02.clicked_name,Klicks_Block_A_02.time,A,FALSE,"['Arms_Block_A_02', 'Other_Block_A_02', 'Arms_Block_A_02', 'Other_Block_A_02', 'Arms_Block_A_02']","[0.0018810001201927662, 16.42585190013051, 36.535342200193554, 42.74976190016605, 43.13377519999631]",5,5,0.00188100012019276,TRUE,arm,removed early timestamp and paired first movement,4,4,0,0,3,0,0,2,2,0,0,2,4,TRUE,WARNING,internal A/B header differs from standardized filename
LE11ON12_B_LB.csv,data/s_files/psychopy/LE11ON12_B_LB.csv,LE11ON12,B,LB,03,Klicks_Block_A_03.clicked_name,Klicks_Block_A_03.time,A,FALSE,"['Arms_Block_A_03', 'Other_Block_A_03']","[0.002905600005760789, 21.466864000074565]",2,2,0.00290560000576078,TRUE,arm,removed early timestamp and paired first movement,1,1,0,0,1,0,0,1,0,0,0,1,1,TRUE,WARNING,internal A/B header differs from standardized filename
LE11ON12_B_LB.csv,data/s_files/psychopy/LE11ON12_B_LB.csv,LE11ON12,B,LB,04,Klicks_Block_A_04.clicked_name,Klicks_Block_A_04.time,A,FALSE,"['Legs_Block_A_04', 'Arms_Block_A_04']","[0.0008316999301314354, 7.195547699928284]",2,2,8.3169993013143e-4,TRUE,leg,removed early timestamp and paired first movement,1,1,0,0,1,0,1,0,1,0,0,0,1,TRUE,WARNING,internal A/B header differs from standardized filename
MA25UT20_A_HB.csv,data/s_files/psychopy/MA25UT20_A_HB.csv,MA25UT20,A,HB,01,Klicks_Block_A_01.clicked_name,Klicks_Block_A_01.time,A,TRUE,"['Legs_Block_A_01', 'Legs_Block_A_01', 'Other_Block_A_01']","[0.0005948999896645546, 78.09028569981456, 177.3896060998086]",3,3,5.9489998966455e-4,TRUE,leg,removed early timestamp and paired first movement,2,2,0,0,0,0,2,1,0,0,1,1,2,TRUE,OK,
MA25UT20_A_HB.csv,data/s_files/psychopy/MA25UT20_A_HB.csv,MA25UT20,A,HB,02,Klicks_Block_A_02.clicked_name,Klicks_Block_A_02.time,A,TRUE,"['Arms_Block_A_02', 'Other_Block_A_02', 'Other_Block_A_02', 'Legs_Block_A_02']","[0.0005908000748604536, 90.06911749998108, 112.64478079997934, 195.8331909000408]",4,4,5.9080007486045e-4,TRUE,arm,removed early timestamp and paired first movement,3,3,0,0,1,0,1,2,0,0,1,2,3,TRUE,OK,
MA25UT20_A_HB.csv,data/s_files/psychopy/MA25UT20_A_HB.csv,MA25UT20,A,HB,03,Klicks_Block_A_03.clicked_name,Klicks_Block_A_03.time,A,TRUE,"['Legs_Block_A_03', 'Arms_Block_A_03', 'Other_Block_A_03', 'Legs_Block_A_03', 'Other_Block_A_03']","[0.0005183999892324209, 64.32873199996538, 82.15561229991727, 99.74941869988106, 198.81593599985354]",5,5,0.00051839998923242005,TRUE,leg,removed early timestamp and paired first movement,4,4,0,0,1,0,2,2,1,0,1,2,4,TRUE,OK,
MA25UT20_A_HB.csv,data/s_files/psychopy/MA25UT20_A_HB.csv,MA25UT20,A,HB,04,Klicks_Block_A_04.clicked_name,Klicks_Block_A_04.time,A,TRUE,"['Legs_Block_A_04', 'Other_Block_A_04', 'Arms_Block_A_04']","[0.0005131999496370554, 68.26187840010971, 190.285460999934]",3,3,5.1319994963705e-4,TRUE,leg,removed early timestamp and paired first movement,2,2,0,0,1,0,1,1,1,0,0,1,2,TRUE,OK,
MA25UT20_B_LB.csv,data/s_files/psychopy/MA25UT20_B_LB.csv,MA25UT20,B,LB,01,Klicks_Block_B_01.clicked_name,Klicks_Block_B_01.time,B,TRUE,"['Legs_Block_B_01', 'Legs_Block_B_01', 'Other_Block_B_01', 'Arms_Block_B_01']","[0.0006566999945789576, 96.25014070002362, 146.30011559999548, 207.9124958999455]",4,4,6.5669999457895e-4,TRUE,leg,removed early timestamp and paired first movement,3,3,0,0,1,0,2,1,1,0,1,1,3,TRUE,OK,
MA25UT20_B_LB.csv,data/s_files/psychopy/MA25UT20_B_LB.csv,MA25UT20,B,LB,02,Klicks_Block_B_02.clicked_name,Klicks_Block_B_02.time,B,TRUE,"['Legs_Block_B_02', 'Legs_Block_B_02', 'Arms_Block_B_02', 'Arms_Block_B_02', 'Other_Block_B_02']","[0.0005437999498099089, 57.99711530003697, 117.76001189998351, 142.9352474999614, 173.97413489990868]",5,5,5.437999498099e-4,TRUE,leg,removed early timestamp and paired first movement,4,4,0,0,2,0,2,1,2,0,1,1,4,TRUE,OK,
MA25UT20_B_LB.csv,data/s_files/psychopy/MA25UT20_B_LB.csv,MA25UT20,B,LB,03,Klicks_Block_B_03.clicked_name,Klicks_Block_B_03.time,B,TRUE,"['Other_Block_B_03', 'Arms_Block_B_03', 'Arms_Block_B_03', 'Legs_Block_B_03', 'Other_Block_B_03', 'Legs_Block_B_03']","[0.0008157000411301851, 38.75310919992626, 50.49919930007309, 89.93543400010094, 140.38519879989326, 148.24929250008427, 149.215640099952, 172.6577799001243]",6,8,8.1570004113018e-4,TRUE,NA,removed early timestamp; retained all movement names,6,7,1,0,2,0,2,2,2,0,2,2,6,TRUE,WARNING,1 timestamp(s) cannot be matched to clicked_name
MA25UT20_B_LB.csv,data/s_files/psychopy/MA25UT20_B_LB.csv,MA25UT20,B,LB,04,Klicks_Block_B_04.clicked_name,Klicks_Block_B_04.time,B,TRUE,"['Legs_Block_B_04', 'Legs_Block_B_04', 'Arms_Block_B_04', 'Other_Block_B_04']","[0.00047850003466010094, 49.23146060016006, 114.27612240007147, 141.66701880004257]",4,4,4.785000346601e-4,TRUE,leg,removed early timestamp and paired first movement,3,3,0,0,1,0,2,1,1,0,1,1,3,TRUE,OK,
MI27ER17_A_LB.csv,data/s_files/psychopy/MI27ER17_A_LB.csv,MI27ER17,A,LB,01,Klicks_Block_A_01.clicked_name,Klicks_Block_A_01.time,A,TRUE,"['Head_Block_A_01', 'Legs_Block_A_01']","[0.0006365000735968351, 59.129222200019285]",2,2,6.3650007359683e-4,TRUE,head,removed early timestamp and paired first movement,1,1,0,0,0,1,1,0,0,0,1,0,1,TRUE,OK,
MI27ER17_A_LB.csv,data/s_files/psychopy/MI27ER17_A_LB.csv,MI27ER17,A,LB,02,Klicks_Block_A_02.clicked_name,Klicks_Block_A_02.time,A,TRUE,"['Legs_Block_A_02', 'Arms_Block_A_02']","[0.0005655998829752207, 84.0713486999739]",2,2,5.6559988297522e-4,TRUE,leg,removed early timestamp and paired first movement,1,1,0,0,1,0,1,0,1,0,0,0,1,TRUE,OK,
MI27ER17_A_LB.csv,data/s_files/psychopy/MI27ER17_A_LB.csv,MI27ER17,A,LB,03,Klicks_Block_A_03.clicked_name,Klicks_Block_A_03.time,A,TRUE,"['Arms_Block_A_03', 'Other_Block_A_03']","[0.0004968999419361353, 121.82531300000846]",2,2,4.9689994193613e-4,TRUE,arm,removed early timestamp and paired first movement,1,1,0,0,1,0,0,1,0,0,0,1,1,TRUE,OK,
MI27ER17_A_LB.csv,data/s_files/psychopy/MI27ER17_A_LB.csv,MI27ER17,A,LB,04,Klicks_Block_A_04.clicked_name,Klicks_Block_A_04.time,A,TRUE,"['Other_Block_A_04', 'Legs_Block_A_04', 'Arms_Block_A_04', 'Legs_Block_A_04', 'Legs_Block_A_04']","[0.0004575001075863838, 85.77263969997875, 89.3694911999628, 110.42932990007102, 196.65014740009792]",5,5,4.5750010758638e-4,TRUE,other,removed early timestamp and paired first movement,4,4,0,0,1,0,3,1,1,0,3,0,4,TRUE,OK,
MI27ER17_B_HB.csv,data/s_files/psychopy/MI27ER17_B_HB.csv,MI27ER17,B,HB,01,Klicks_Block_B_01.clicked_name,Klicks_Block_B_01.time,B,TRUE,"['Head_Block_B_01', 'Other_Block_B_01', 'Other_Block_B_01', 'Arms_Block_B_01']","[0.0006401999853551388, 96.0346075000707, 107.29729679995216, 182.03845259989612]",4,4,6.4019998535513e-4,TRUE,head,removed early timestamp and paired first movement,3,3,0,0,1,1,0,2,1,0,0,2,3,TRUE,OK,
MI27ER17_B_HB.csv,data/s_files/psychopy/MI27ER17_B_HB.csv,MI27ER17,B,HB,02,Klicks_Block_B_02.clicked_name,Klicks_Block_B_02.time,B,TRUE,"['Arms_Block_B_02', 'Legs_Block_B_02', 'Arms_Block_B_02']","[0.0005721000488847494, 101.21569760004058, 202.24856159999035]",3,3,5.7210004888474e-4,TRUE,arm,removed early timestamp and paired first movement,2,2,0,0,2,0,1,0,1,0,1,0,2,TRUE,OK,
MI27ER17_B_HB.csv,data/s_files/psychopy/MI27ER17_B_HB.csv,MI27ER17,B,HB,03,Klicks_Block_B_03.clicked_name,Klicks_Block_B_03.time,B,TRUE,"['Arms_Block_B_03', 'Legs_Block_B_03', 'Legs_Block_B_03', 'Arms_Block_B_03']","[0.0004974000621587038, 5.398148000007495, 70.57608120003715, 145.40149200009182]",4,4,4.974000621587e-4,TRUE,arm,removed early timestamp and paired first movement,3,3,0,0,2,0,2,0,1,0,2,0,3,TRUE,OK,
MI27ER17_B_HB.csv,data/s_files/psychopy/MI27ER17_B_HB.csv,MI27ER17,B,HB,04,Klicks_Block_B_04.clicked_name,Klicks_Block_B_04.time,B,TRUE,"['Arms_Block_B_04', 'Legs_Block_B_04', 'Arms_Block_B_04']","[0.0004718999844044447, 107.13046810007654, 166.99468349991366]",3,3,4.7189998440444e-4,TRUE,arm,removed early timestamp and paired first movement,2,2,0,0,2,0,1,0,1,0,1,0,2,TRUE,OK,
NF16CH30_A_LB.csv,data/s_files/psychopy/NF16CH30_A_LB.csv,NF16CH30,A,LB,01,Klicks_Block_A_01.clicked_name,Klicks_Block_A_01.time,A,TRUE,"['Legs_Block_A_01', 'Legs_Block_A_01', 'Legs_Block_A_01', 'Legs_Block_A_01', 'Legs_Block_A_01', 'Legs_Block_A_01']","[0.0006956001743674278, 63.67880220012739, 104.81374980020337, 106.3298388000112, 127.05620220000856, 157.79611810017377]",6,6,6.9560017436742e-4,TRUE,leg,removed early timestamp and paired first movement,5,5,0,0,0,0,6,0,0,0,5,0,5,TRUE,OK,
NF16CH30_A_LB.csv,data/s_files/psychopy/NF16CH30_A_LB.csv,NF16CH30,A,LB,02,Klicks_Block_A_02.clicked_name,Klicks_Block_A_02.time,A,TRUE,"['Legs_Block_A_02', 'Legs_Block_A_02', 'Legs_Block_A_02', 'Legs_Block_A_02', 'Legs_Block_A_02', 'Other_Block_A_02']","[0.0006048998329788446, 57.5140487998724, 84.48859660001472, 114.76158339995891, 160.4458006999921, 185.85385959991254]",6,6,6.0489983297884e-4,TRUE,leg,removed early timestamp and paired first movement,5,5,0,0,0,0,5,1,0,0,4,1,5,TRUE,OK,
NF16CH30_A_LB.csv,data/s_files/psychopy/NF16CH30_A_LB.csv,NF16CH30,A,LB,03,Klicks_Block_A_03.clicked_name,Klicks_Block_A_03.time,A,TRUE,"['Legs_Block_A_03', 'Legs_Block_A_03', 'Legs_Block_A_03']","[0.0004841999616473913, 34.105063599999994, 96.81821479997598]",3,3,4.8419996164739e-4,TRUE,leg,removed early timestamp and paired first movement,2,2,0,0,0,0,3,0,0,0,2,0,2,TRUE,OK,
NF16CH30_A_LB.csv,data/s_files/psychopy/NF16CH30_A_LB.csv,NF16CH30,A,LB,04,Klicks_Block_A_04.clicked_name,Klicks_Block_A_04.time,A,TRUE,"['Legs_Block_A_04', 'Other_Block_A_04', 'Legs_Block_A_04']","[0.0004859000910073519, 106.4470152000431, 141.0522352999542]",3,3,4.8590009100735e-4,TRUE,leg,removed early timestamp and paired first movement,2,2,0,0,0,0,2,1,0,0,1,1,2,TRUE,OK,
NF16CH30_B_HB.csv,data/s_files/psychopy/NF16CH30_B_HB.csv,NF16CH30,B,HB,01,Klicks_Block_B_01.clicked_name,Klicks_Block_B_01.time,B,TRUE,"['Head_Block_B_01', 'Legs_Block_B_01', 'Legs_Block_B_01', 'Legs_Block_B_01', 'Legs_Block_B_01']","[0.0005254000425338745, 55.413883900037035, 109.57947900006548, 127.65659400005825, 185.97008880018257]",5,5,5.2540004253387e-4,TRUE,head,removed early timestamp and paired first movement,4,4,0,0,0,1,4,0,0,0,4,0,4,TRUE,OK,
NF16CH30_B_HB.csv,data/s_files/psychopy/NF16CH30_B_HB.csv,NF16CH30,B,HB,02,Klicks_Block_B_02.clicked_name,Klicks_Block_B_02.time,B,TRUE,"['Legs_Block_B_02', 'Legs_Block_B_02', 'Arms_Block_B_02', 'Legs_Block_B_02', 'Arms_Block_B_02', 'Legs_Block_B_02']","[0.00048019993118941784, 38.52034579985775, 87.8859476998914, 125.35678489995189, 160.21187879983336, 172.82412819983438]",6,6,4.8019993118941e-4,TRUE,leg,removed early timestamp and paired first movement,5,5,0,0,2,0,4,0,2,0,3,0,5,TRUE,OK,
NF16CH30_B_HB.csv,data/s_files/psychopy/NF16CH30_B_HB.csv,NF16CH30,B,HB,03,Klicks_Block_B_03.clicked_name,Klicks_Block_B_03.time,B,TRUE,"['Legs_Block_B_03', 'Other_Block_B_03', 'Arms_Block_B_03', 'Legs_Block_B_03', 'Other_Block_B_03', 'Arms_Block_B_03', 'Legs_Block_B_03']","[0.0005151000805199146, 30.15619370015338, 60.79585840017535, 136.93697260017507, 161.54621160007082, 182.54000550019555, 202.1478187001776]",7,7,5.1510008051991e-4,TRUE,leg,removed early timestamp and paired first movement,6,6,0,0,2,0,3,2,2,0,2,2,6,TRUE,OK,
NF16CH30_B_HB.csv,data/s_files/psychopy/NF16CH30_B_HB.csv,NF16CH30,B,HB,04,Klicks_Block_B_04.clicked_name,Klicks_Block_B_04.time,B,TRUE,"['Legs_Block_B_04', 'Legs_Block_B_04', 'Arms_Block_B_04', 'Arms_Block_B_04', 'Legs_Block_B_04', 'Legs_Block_B_04', 'Other_Block_B_04', 'Arms_Block_B_04']","[0.0005733000580221415, 14.545613000169396, 35.58798329997808, 58.930690500186756, 101.18319730018266, 116.6438320002053, 135.75413880008273, 166.92706040013582]",8,8,5.7330005802214e-4,TRUE,leg,removed early timestamp and paired first movement,7,7,0,0,3,0,4,1,3,0,3,1,7,TRUE,OK,
PE16IN18_A_LB.csv,data/s_files/psychopy/PE16IN18_A_LB.csv,PE16IN18,A,LB,01,Klicks_Block_A_01.clicked_name,Klicks_Block_A_01.time,A,TRUE,"['Head_Block_A_01', 'Arms_Block_A_01']","[0.0010870001278817654, 116.02939590020105]",2,2,0.00108700012788176,TRUE,head,removed early timestamp and paired first movement,1,1,0,0,1,1,0,0,1,0,0,0,1,TRUE,OK,
PE16IN18_A_LB.csv,data/s_files/psychopy/PE16IN18_A_LB.csv,PE16IN18,A,LB,02,Klicks_Block_A_02.clicked_name,Klicks_Block_A_02.time,A,TRUE,['Arms_Block_A_02'],[0.0013465997762978077],1,1,0.0013465997762978,TRUE,arm,removed early timestamp and paired first movement,0,0,0,0,1,0,0,0,0,0,0,0,0,TRUE,OK,
PE16IN18_A_LB.csv,data/s_files/psychopy/PE16IN18_A_LB.csv,PE16IN18,A,LB,03,Klicks_Block_A_03.clicked_name,Klicks_Block_A_03.time,A,TRUE,"['Arms_Block_A_03', 'Head_Block_A_03', 'Head_Block_A_03']","[0.0021927999332547188, 84.78129319986328, 200.42286319984123]",3,3,0.00219279993325471,TRUE,arm,removed early timestamp and paired first movement,2,2,0,0,1,2,0,0,0,2,0,0,2,TRUE,OK,
PE16IN18_A_LB.csv,data/s_files/psychopy/PE16IN18_A_LB.csv,PE16IN18,A,LB,04,Klicks_Block_A_04.clicked_name,Klicks_Block_A_04.time,A,TRUE,"['Head_Block_A_04', 'Head_Block_A_04', 'Head_Block_A_04', 'Arms_Block_A_04']","[0.0013268999755382538, 107.27985609974712, 125.09738059993833, 188.35437220009044]",4,4,0.00132689997553825,TRUE,head,removed early timestamp and paired first movement,3,3,0,0,1,3,0,0,1,2,0,0,3,TRUE,OK,
PE16IN18_B_HB.csv,data/s_files/psychopy/PE16IN18_B_HB.csv,PE16IN18,B,HB,01,Klicks_Block_B_01.clicked_name,Klicks_Block_B_01.time,B,TRUE,"['Head_Block_B_01', 'Head_Block_B_01']","[0.00219290005043149, 19.831151799764484]",2,2,0.00219290005043149,TRUE,head,removed early timestamp and paired first movement,1,1,0,0,0,2,0,0,0,1,0,0,1,TRUE,OK,
PE16IN18_B_HB.csv,data/s_files/psychopy/PE16IN18_B_HB.csv,PE16IN18,B,HB,02,Klicks_Block_B_02.clicked_name,Klicks_Block_B_02.time,B,TRUE,"['Head_Block_B_02', 'Head_Block_B_02', 'Head_Block_B_02', 'Head_Block_B_02']","[0.002513399813324213, 140.90203989995643, 150.23642600001767, 194.50950859999284]",4,4,0.00251339981332421,TRUE,head,removed early timestamp and paired first movement,3,3,0,0,0,4,0,0,0,3,0,0,3,TRUE,OK,
PE16IN18_B_HB.csv,data/s_files/psychopy/PE16IN18_B_HB.csv,PE16IN18,B,HB,03,Klicks_Block_B_03.clicked_name,Klicks_Block_B_03.time,B,TRUE,"['Head_Block_B_03', 'Head_Block_B_03', 'Head_Block_B_03']","[0.0022209002636373043, 28.254969500005245, 44.63635200029239]",3,3,0.0022209002636373,TRUE,head,removed early timestamp and paired first movement,2,2,0,0,0,3,0,0,0,2,0,0,2,TRUE,OK,
PE16IN18_B_HB.csv,data/s_files/psychopy/PE16IN18_B_HB.csv,PE16IN18,B,HB,04,Klicks_Block_B_04.clicked_name,Klicks_Block_B_04.time,B,TRUE,"['Head_Block_B_04', 'Head_Block_B_04']","[0.00167859997600317, 54.71235870011151]",2,2,0.00167859997600317,TRUE,head,removed early timestamp and paired first movement,1,1,0,0,0,2,0,0,0,1,0,0,1,TRUE,OK,
RE13ON18_A_HB.csv,data/s_files/psychopy/RE13ON18_A_HB.csv,RE13ON18,A,HB,01,Klicks_Block_A_01.clicked_name,Klicks_Block_A_01.time,A,TRUE,"['Arms_Block_A_01', 'Arms_Block_A_01', 'Arms_Block_A_01', 'Head_Block_A_01', 'Other_Block_A_01', 'Arms_Block_A_01', 'Other_Block_A_01']","[0.0006599999032914639, 4.347744100028649, 7.913696599891409, 11.896352299954742, 34.4055975000374, 101.69841179996729, 144.96666469983757, 181.97072279988788]",7,8,6.5999990329146e-4,TRUE,NA,removed early timestamp; retained all movement names,7,7,0,0,4,1,0,2,4,1,0,2,7,TRUE,OK,
RE13ON18_A_HB.csv,data/s_files/psychopy/RE13ON18_A_HB.csv,RE13ON18,A,HB,02,Klicks_Block_A_02.clicked_name,Klicks_Block_A_02.time,A,TRUE,"['Legs_Block_A_02', 'Arms_Block_A_02', 'Other_Block_A_02', 'Head_Block_A_02']","[0.0004982000682502985, 27.9589007999748, 67.96017860015854, 185.73681590007618]",4,4,4.9820006825029e-4,TRUE,leg,removed early timestamp and paired first movement,3,3,0,0,1,1,1,1,1,1,0,1,3,TRUE,OK,
RE13ON18_A_HB.csv,data/s_files/psychopy/RE13ON18_A_HB.csv,RE13ON18,A,HB,03,Klicks_Block_A_03.clicked_name,Klicks_Block_A_03.time,A,TRUE,"['Head_Block_A_03', 'Arms_Block_A_03', 'Other_Block_A_03', 'Arms_Block_A_03']","[0.0005505001172423363, 57.66231909999624, 116.36527519999072, 200.98207759996876]",4,4,5.5050011724233e-4,TRUE,head,removed early timestamp and paired first movement,3,3,0,0,2,1,0,1,2,0,0,1,3,TRUE,OK,
RE13ON18_A_HB.csv,data/s_files/psychopy/RE13ON18_A_HB.csv,RE13ON18,A,HB,04,Klicks_Block_A_04.clicked_name,Klicks_Block_A_04.time,A,TRUE,"['Head_Block_A_04', 'Arms_Block_A_04', 'Legs_Block_A_04']","[0.00047389999963343143, 123.8427001000382, 151.44888630020432]",3,3,4.7389999963343e-4,TRUE,head,removed early timestamp and paired first movement,2,2,0,0,1,1,1,0,1,0,1,0,2,TRUE,OK,
RE13ON18_B_LB.csv,data/s_files/psychopy/RE13ON18_B_LB.csv,RE13ON18,B,LB,01,Klicks_Block_B_01.clicked_name,Klicks_Block_B_01.time,B,TRUE,"['Head_Block_B_01', 'Arms_Block_B_01', 'Arms_Block_B_01', 'Head_Block_B_01']","[0.0005677998997271061, 57.21349180000834, 82.888339899946, 175.4233446000144]",4,4,5.677998997271e-4,TRUE,head,removed early timestamp and paired first movement,3,3,0,0,2,2,0,0,2,1,0,0,3,TRUE,OK,
RE13ON18_B_LB.csv,data/s_files/psychopy/RE13ON18_B_LB.csv,RE13ON18,B,LB,02,Klicks_Block_B_02.clicked_name,Klicks_Block_B_02.time,B,TRUE,"['Head_Block_B_02', 'Legs_Block_B_02', 'Other_Block_B_02', 'Arms_Block_B_02', 'Other_Block_B_02']","[0.0006939000450074673, 13.845074300188571, 95.0499526001513, 170.22589390003122, 200.29677939997055]",5,5,6.9390004500746e-4,TRUE,head,removed early timestamp and paired first movement,4,4,0,0,1,1,1,2,1,0,1,2,4,TRUE,OK,
RE13ON18_B_LB.csv,data/s_files/psychopy/RE13ON18_B_LB.csv,RE13ON18,B,LB,03,Klicks_Block_B_03.clicked_name,Klicks_Block_B_03.time,B,TRUE,"['Other_Block_B_03', 'Legs_Block_B_03', 'Arms_Block_B_03', 'Arms_Block_B_03']","[0.000497099943459034, 71.6088393998798, 188.50245949998498, 197.88304289989173]",4,4,4.9709994345903e-4,TRUE,other,removed early timestamp and paired first movement,3,3,0,0,2,0,1,1,2,0,1,0,3,TRUE,OK,
RE13ON18_B_LB.csv,data/s_files/psychopy/RE13ON18_B_LB.csv,RE13ON18,B,LB,04,Klicks_Block_B_04.clicked_name,Klicks_Block_B_04.time,B,TRUE,"['Arms_Block_B_04', 'Legs_Block_B_04', 'Legs_Block_B_04']","[0.0005864000413566828, 80.20575580000877, 130.95487389992923]",3,3,5.8640004135668e-4,TRUE,arm,removed early timestamp and paired first movement,2,2,0,0,1,0,2,0,0,0,2,0,2,TRUE,OK,
SA09OR12_A_LB.csv,data/s_files/psychopy/SA09OR12_A_LB.csv,SA09OR12,A,LB,01,Klicks_Block_A_01.clicked_name,Klicks_Block_A_01.time,A,TRUE,"['Head_Block_A_01', 'Legs_Block_A_01', 'Head_Block_A_01', 'Head_Block_A_01', 'Head_Block_A_01', 'Arms_Block_A_01']","[0.000687899999320507, 21.59382910002023, 122.87547380011529, 142.867679100018, 195.766717400169, 196.76840070006438]",6,6,6.878999993205e-4,TRUE,head,removed early timestamp and paired first movement,5,5,0,0,1,4,1,0,1,3,1,0,5,TRUE,OK,
SA09OR12_A_LB.csv,data/s_files/psychopy/SA09OR12_A_LB.csv,SA09OR12,A,LB,02,Klicks_Block_A_02.clicked_name,Klicks_Block_A_02.time,A,TRUE,"['Head_Block_A_02', 'Head_Block_A_02', 'Arms_Block_A_02']","[0.0005536000244319439, 38.186748899985105, 39.42045099986717, 86.33703669998795]",3,4,5.5360002443194e-4,TRUE,NA,removed early timestamp; retained all movement names,3,3,0,0,1,2,0,0,1,2,0,0,3,TRUE,OK,
SA09OR12_A_LB.csv,data/s_files/psychopy/SA09OR12_A_LB.csv,SA09OR12,A,LB,03,Klicks_Block_A_03.clicked_name,Klicks_Block_A_03.time,A,TRUE,['Legs_Block_A_03'],"[0.0005856000352650881, 65.8943080001045, 123.72397260018624, 124.22389090014622, 195.08340040012263]",1,5,5.8560003526508e-4,TRUE,NA,removed early timestamp; retained all movement names,1,4,3,0,0,0,1,0,0,0,1,0,1,TRUE,WARNING,3 timestamp(s) cannot be matched to clicked_name
SA09OR12_A_LB.csv,data/s_files/psychopy/SA09OR12_A_LB.csv,SA09OR12,A,LB,04,Klicks_Block_A_04.clicked_name,Klicks_Block_A_04.time,A,TRUE,"['Legs_Block_A_04', 'Legs_Block_A_04', 'Arms_Block_A_04']","[0.0005095000378787518, 55.765071500092745, 164.6116285000462, 189.81923670019023]",3,4,5.0950003787875e-4,TRUE,NA,removed early timestamp; retained all movement names,3,3,0,0,1,0,2,0,1,0,2,0,3,TRUE,OK,
SA09OR12_B_HB.csv,data/s_files/psychopy/SA09OR12_B_HB.csv,SA09OR12,B,HB,01,Klicks_Block_B_01.clicked_name,Klicks_Block_B_01.time,B,TRUE,"['Head_Block_B_01', 'Head_Block_B_01', 'Other_Block_B_01', 'Legs_Block_B_01', 'Arms_Block_B_01', 'Arms_Block_B_01', 'Other_Block_B_01', 'Head_Block_B_01']","[0.0006350001785904169, 43.56757350009866, 88.06989630009048, 102.5143185001798, 105.0970071000047, 134.63794220006093, 143.55022300011478, 157.82913810014725]",8,8,6.3500017859041e-4,TRUE,head,removed early timestamp and paired first movement,7,7,0,0,2,3,1,2,2,2,1,2,7,TRUE,OK,
SA09OR12_B_HB.csv,data/s_files/psychopy/SA09OR12_B_HB.csv,SA09OR12,B,HB,02,Klicks_Block_B_02.clicked_name,Klicks_Block_B_02.time,B,TRUE,"['Other_Block_B_02', 'Legs_Block_B_02']","[0.0005051000043749809, 23.526267200009897, 150.78324830019847]",2,3,5.0510000437498e-4,TRUE,NA,removed early timestamp; retained all movement names,2,2,0,0,0,0,1,1,0,0,1,1,2,TRUE,OK,
SA09OR12_B_HB.csv,data/s_files/psychopy/SA09OR12_B_HB.csv,SA09OR12,B,HB,03,Klicks_Block_B_03.clicked_name,Klicks_Block_B_03.time,B,TRUE,"['Head_Block_B_03', 'Arms_Block_B_03', 'Head_Block_B_03', 'Other_Block_B_03']","[0.0005631998647004366, 108.46230819984339, 116.74139779992402, 146.03158279997297]",4,4,5.6319986470043e-4,TRUE,head,removed early timestamp and paired first movement,3,3,0,0,1,2,0,1,1,1,0,1,3,TRUE,OK,
SA09OR12_B_HB.csv,data/s_files/psychopy/SA09OR12_B_HB.csv,SA09OR12,B,HB,04,Klicks_Block_B_04.clicked_name,Klicks_Block_B_04.time,B,TRUE,['Head_Block_B_04'],"[0.0004634000360965729, 46.51738029997796]",1,2,4.6340003609657e-4,TRUE,NA,removed early timestamp; retained all movement names,1,1,0,0,0,1,0,0,0,1,0,0,1,TRUE,OK,
SI21ÜR22_A_HB.csv,data/s_files/psychopy/SI21ÜR22_A_HB.csv,SI21ÜR22,A,HB,01,Klicks_Block_A_01.clicked_name,Klicks_Block_A_01.time,A,TRUE,"['Arms_Block_A_01', 'Arms_Block_A_01', 'Head_Block_A_01', 'Other_Block_A_01', 'Arms_Block_A_01', 'Arms_Block_A_01', 'Other_Block_A_01', 'Arms_Block_A_01', 'Arms_Block_A_01', 'Legs_Block_A_01', 'Other_Block_A_01', 'Other_Block_A_01']","[0.0024345999117940664, 31.85211080010049, 43.0489443000406, 77.86952359997667, 86.03293260000646, 90.18363919993863, 137.38222500006668, 140.14800169994123, 148.34616050007753, 152.5108394001145, 162.39183899993077, 193.94670050009154]",12,12,0.00243459991179406,TRUE,arm,removed early timestamp and paired first movement,11,11,0,0,6,1,1,4,5,1,1,4,11,TRUE,OK,
SI21ÜR22_A_HB.csv,data/s_files/psychopy/SI21ÜR22_A_HB.csv,SI21ÜR22,A,HB,02,Klicks_Block_A_02.clicked_name,Klicks_Block_A_02.time,A,TRUE,"['Legs_Block_A_02', 'Head_Block_A_02', 'Arms_Block_A_02', 'Head_Block_A_02', 'Other_Block_A_02', 'Other_Block_A_02', 'Other_Block_A_02', 'Other_Block_A_02', 'Arms_Block_A_02', 'Other_Block_A_02', 'Other_Block_A_02', 'Other_Block_A_02', 'Head_Block_A_02', 'Head_Block_A_02', 'Other_Block_A_02', 'Head_Block_A_02', 'Head_Block_A_02', 'Arms_Block_A_02', 'Arms_Block_A_02']","[0.0011269000824540854, 22.57509719999507, 24.574029800016433, 30.821717499988154, 35.8703022999689, 44.83514579990879, 58.04624089994468, 74.22462189989164, 80.27278380002826, 84.35339149995707, 97.86730520008132, 106.8128885999322, 109.54627249995247, 131.18797670002095, 141.01874540001154, 145.56647580000572, 154.0633080000989, 187.8860496999696, 189.63469560001977]",19,19,0.00112690008245408,TRUE,leg,removed early timestamp and paired first movement,18,18,0,0,4,6,1,8,4,6,0,8,18,TRUE,OK,
SI21ÜR22_A_HB.csv,data/s_files/psychopy/SI21ÜR22_A_HB.csv,SI21ÜR22,A,HB,03,Klicks_Block_A_03.clicked_name,Klicks_Block_A_03.time,A,TRUE,"['Arms_Block_A_03', 'Head_Block_A_03', 'Other_Block_A_03', 'Other_Block_A_03', 'Arms_Block_A_03', 'Other_Block_A_03', 'Head_Block_A_03', 'Legs_Block_A_03', 'Legs_Block_A_03', 'Arms_Block_A_03', 'Other_Block_A_03', 'Arms_Block_A_03', 'Head_Block_A_03', 'Head_Block_A_03', 'Arms_Block_A_03', 'Other_Block_A_03', 'Arms_Block_A_03', 'Arms_Block_A_03', 'Head_Block_A_03', 'Legs_Block_A_03', 'Other_Block_A_03', 'Head_Block_A_03', 'Other_Block_A_03', 'Other_Block_A_03', 'Other_Block_A_03', 'Arms_Block_A_03', 'Arms_Block_A_03', 'Arms_Block_A_03', 'Head_Block_A_03']","[0.002271000063046813, 10.319134300108999, 13.752636400051415, 21.34979510004632, 35.74590740003623, 37.14363980013877, 43.85851399996318, 45.52410070016049, 56.05498500005342, 57.722635300131515, 66.46717249997891, 98.60878939996473, 100.30685480008833, 107.57165910000913, 109.02042150008492, 114.351070899982, 118.21646820008755, 146.2732836001087, 157.03633829997852, 159.07083450001664, 161.4709012999665, 164.00152739998884, 165.8766406001523, 177.52955600013956, 181.87951590004377, 185.27799960016273, 187.12653710017912, 191.7749208000023, 198.63937210012227]",29,29,0.00227100006304681,TRUE,arm,removed early timestamp and paired first movement,28,28,0,0,10,7,3,9,9,7,3,9,28,TRUE,OK,
SI21ÜR22_A_HB.csv,data/s_files/psychopy/SI21ÜR22_A_HB.csv,SI21ÜR22,A,HB,04,Klicks_Block_A_04.clicked_name,Klicks_Block_A_04.time,A,TRUE,"['Legs_Block_A_04', 'Other_Block_A_04', 'Other_Block_A_04', 'Arms_Block_A_04', 'Head_Block_A_04', 'Arms_Block_A_04', 'Head_Block_A_04', 'Arms_Block_A_04', 'Legs_Block_A_04', 'Other_Block_A_04', 'Other_Block_A_04', 'Head_Block_A_04', 'Arms_Block_A_04', 'Head_Block_A_04', 'Arms_Block_A_04', 'Legs_Block_A_04', 'Arms_Block_A_04', 'Arms_Block_A_04', 'Arms_Block_A_04', 'Other_Block_A_04', 'Arms_Block_A_04', 'Arms_Block_A_04', 'Arms_Block_A_04', 'Arms_Block_A_04', 'Arms_Block_A_04', 'Arms_Block_A_04', 'Arms_Block_A_04', 'Legs_Block_A_04', 'Arms_Block_A_04', 'Legs_Block_A_04', 'Arms_Block_A_04', 'Other_Block_A_04', 'Arms_Block_A_04']","[0.0023576999083161354, 10.578116100048646, 31.58289030008018, 32.83239210001193, 34.4490515999496, 36.14937989995815, 44.76200659992173, 53.62627839995548, 55.49173970008269, 56.84228219999932, 68.1039054999128, 69.76994549995288, 70.87237080000341, 82.26644290005788, 83.26577949989587, 94.66279019997455, 98.44440419995226, 111.69497229997069, 119.55397709994577, 121.43764999997802, 128.41788109997287, 134.4316179000307, 151.49321969994344, 154.62557750009, 171.00648300000466, 172.81894999998622, 185.13186930003576, 186.94748390000314, 189.6162785999477, 192.66198790003546, 195.6948076998815, 200.57749999989755, 203.30857799993828]",33,33,0.00235769990831613,TRUE,leg,removed early timestamp and paired first movement,32,32,0,0,18,4,5,6,18,4,4,6,32,TRUE,OK,
SI21ÜR22_B_LB.csv,data/s_files/psychopy/SI21ÜR22_B_LB.csv,SI21ÜR22,B,LB,01,Klicks_Block_B_01.clicked_name,Klicks_Block_B_01.time,B,TRUE,"['Legs_Block_B_01', 'Head_Block_B_01', 'Arms_Block_B_01', 'Other_Block_B_01', 'Arms_Block_B_01', 'Arms_Block_B_01', 'Arms_Block_B_01', 'Head_Block_B_01', 'Other_Block_B_01', 'Legs_Block_B_01', 'Arms_Block_B_01', 'Arms_Block_B_01', 'Arms_Block_B_01', 'Other_Block_B_01', 'Arms_Block_B_01', 'Legs_Block_B_01', 'Legs_Block_B_01', 'Arms_Block_B_01', 'Arms_Block_B_01']","[0.0022029001265764236, 17.607782500097528, 22.53992459992878, 24.388620200101286, 47.06564379995689, 57.76075730007142, 68.09033549996093, 72.75682320003398, 73.95525930006988, 97.36693429993466, 99.18204370001331, 124.80526009993628, 126.88750900002196, 158.161370200105, 159.50961420009844, 180.3869805999566, 182.46875300002284, 187.11886049993336, 196.51397530012764]",19,19,0.00220290012657642,TRUE,leg,removed early timestamp and paired first movement,18,18,0,0,10,2,4,3,10,2,3,3,18,TRUE,OK,
SI21ÜR22_B_LB.csv,data/s_files/psychopy/SI21ÜR22_B_LB.csv,SI21ÜR22,B,LB,02,Klicks_Block_B_02.clicked_name,Klicks_Block_B_02.time,B,TRUE,"['Arms_Block_B_02', 'Other_Block_B_02', 'Arms_Block_B_02', 'Arms_Block_B_02', 'Legs_Block_B_02', 'Arms_Block_B_02', 'Head_Block_B_02', 'Other_Block_B_02', 'Other_Block_B_02', 'Arms_Block_B_02', 'Arms_Block_B_02', 'Head_Block_B_02', 'Arms_Block_B_02', 'Other_Block_B_02']","[0.0023632000666111708, 8.959847599966452, 11.29239990003407, 24.105751800118014, 42.782462999923155, 43.932423300109804, 45.63097870000638, 47.715813799994066, 99.71298650000244, 107.4603995999787, 116.67568779992871, 118.62413859996013, 147.43016889994033, 191.72017080010846]",14,14,0.00236320006661117,TRUE,arm,removed early timestamp and paired first movement,13,13,0,0,7,2,1,4,6,2,1,4,13,TRUE,OK,
SI21ÜR22_B_LB.csv,data/s_files/psychopy/SI21ÜR22_B_LB.csv,SI21ÜR22,B,LB,03,Klicks_Block_B_03.clicked_name,Klicks_Block_B_03.time,B,TRUE,"['Head_Block_B_03', 'Arms_Block_B_03', 'Head_Block_B_03', 'Head_Block_B_03', 'Other_Block_B_03', 'Legs_Block_B_03', 'Arms_Block_B_03', 'Other_Block_B_03', 'Other_Block_B_03', 'Head_Block_B_03', 'Other_Block_B_03', 'Head_Block_B_03', 'Arms_Block_B_03', 'Head_Block_B_03', 'Legs_Block_B_03', 'Other_Block_B_03', 'Arms_Block_B_03', 'Other_Block_B_03', 'Other_Block_B_03', 'Arms_Block_B_03', 'Head_Block_B_03', 'Other_Block_B_03']","[0.0033730000723153353, 10.038361700018868, 14.785865999991074, 37.6441163001582, 39.44401470012963, 42.342268500011414, 49.14002469996922, 53.156501500168815, 65.25188000011258, 68.16716940002516, 80.47965930006467, 93.64262449997477, 107.77347000013106, 110.01938199996948, 117.58348240004852, 131.7631163999904, 145.45792960003018, 148.22531590005383, 161.30294490000233, 165.76798080001026, 167.20084680011496, 172.5496223999653]",22,22,0.00337300007231533,TRUE,head,removed early timestamp and paired first movement,21,21,0,0,5,7,2,8,5,6,2,8,21,TRUE,OK,
SI21ÜR22_B_LB.csv,data/s_files/psychopy/SI21ÜR22_B_LB.csv,SI21ÜR22,B,LB,04,Klicks_Block_B_04.clicked_name,Klicks_Block_B_04.time,B,TRUE,"['Legs_Block_B_04', 'Other_Block_B_04', 'Arms_Block_B_04', 'Arms_Block_B_04', 'Legs_Block_B_04', 'Arms_Block_B_04', 'Head_Block_B_04', 'Arms_Block_B_04', 'Other_Block_B_04', 'Other_Block_B_04', 'Other_Block_B_04', 'Head_Block_B_04', 'Arms_Block_B_04', 'Other_Block_B_04', 'Legs_Block_B_04', 'Arms_Block_B_04', 'Arms_Block_B_04', 'Other_Block_B_04', 'Arms_Block_B_04', 'Arms_Block_B_04', 'Other_Block_B_04']","[0.002305000089108944, 15.429396300110966, 17.887443700106815, 23.568868200061843, 39.280304100131616, 40.36294090002775, 46.49578470014967, 48.54367500008084, 56.87675520009361, 67.38746090000495, 88.33228350011632, 99.67869710014202, 106.14185080002062, 110.80778210004792, 116.6573002000805, 129.59986310009845, 155.8948961000424, 179.60018620011397, 181.28266620007344, 207.0738516000565, 209.04018740006723]",21,21,0.00230500008910894,TRUE,leg,removed early timestamp and paired first movement,20,20,0,0,9,2,3,7,9,2,2,7,20,TRUE,OK,
SI22IE06_A_LB.csv,data/s_files/psychopy/SI22IE06_A_LB.csv,SI22IE06,A,LB,01,Klicks_Block_A_01.clicked_name,Klicks_Block_A_01.time,A,TRUE,['Other_Block_A_01'],[0.0013576000001194188],1,1,0.00135760000011941,TRUE,other,removed early timestamp and paired first movement,0,0,0,0,0,0,0,1,0,0,0,0,0,TRUE,OK,
SI22IE06_A_LB.csv,data/s_files/psychopy/SI22IE06_A_LB.csv,SI22IE06,A,LB,02,Klicks_Block_A_02.clicked_name,Klicks_Block_A_02.time,A,TRUE,"['Arms_Block_A_02', 'Other_Block_A_02']","[0.0009623999999348598, 119.12644069999988]",2,2,9.6239999993485e-4,TRUE,arm,removed early timestamp and paired first movement,1,1,0,0,1,0,0,1,0,0,0,1,1,TRUE,OK,
SI22IE06_A_LB.csv,data/s_files/psychopy/SI22IE06_A_LB.csv,SI22IE06,A,LB,03,Klicks_Block_A_03.clicked_name,Klicks_Block_A_03.time,A,TRUE,"['Arms_Block_A_03', 'Arms_Block_A_03', 'Other_Block_A_03']","[0.001063599999724829, 16.378449400000136, 203.95346019999988]",3,3,0.00106359999972482,TRUE,arm,removed early timestamp and paired first movement,2,2,0,0,2,0,0,1,1,0,0,1,2,TRUE,OK,
SI22IE06_A_LB.csv,data/s_files/psychopy/SI22IE06_A_LB.csv,SI22IE06,A,LB,04,Klicks_Block_A_04.clicked_name,Klicks_Block_A_04.time,A,TRUE,"['Arms_Block_A_04', 'Arms_Block_A_04', 'Other_Block_A_04', 'Arms_Block_A_04', 'Arms_Block_A_04', 'Other_Block_A_04']","[0.001846900000145979, 8.3284735000002, 77.85647840000001, 95.44814059999999, 148.19671000000017, 181.85235160000002]",6,6,0.00184690000014597,TRUE,arm,removed early timestamp and paired first movement,5,5,0,0,4,0,0,2,3,0,0,2,5,TRUE,OK,
SI22IE06_B_HB.csv,data/s_files/psychopy/SI22IE06_B_HB.csv,SI22IE06,B,HB,01,Klicks_Block_B_01.clicked_name,Klicks_Block_B_01.time,B,TRUE,"['Other_Block_B_01', 'Arms_Block_B_01', 'Arms_Block_B_01', 'Legs_Block_B_01', 'Arms_Block_B_01']","[0.0025653999996393395, 112.75828719999981, 150.177999, 174.13667209999994, 197.89570920000006]",5,5,0.00256539999963933,TRUE,other,removed early timestamp and paired first movement,4,4,0,0,3,0,1,1,3,0,1,0,4,TRUE,OK,
SI22IE06_B_HB.csv,data/s_files/psychopy/SI22IE06_B_HB.csv,SI22IE06,B,HB,02,Klicks_Block_B_02.clicked_name,Klicks_Block_B_02.time,B,TRUE,"['Arms_Block_B_02', 'Arms_Block_B_02', 'Arms_Block_B_02', 'Legs_Block_B_02', 'Arms_Block_B_02', 'Arms_Block_B_02', 'Arms_Block_B_02']","[0.0022251000000323984, 19.356087000000116, 40.21812099999988, 51.26187750000008, 107.99245950000022, 158.02532500000052, 198.18026120000013]",7,7,0.00222510000003239,TRUE,arm,removed early timestamp and paired first movement,6,6,0,0,6,0,1,0,5,0,1,0,6,TRUE,OK,
SI22IE06_B_HB.csv,data/s_files/psychopy/SI22IE06_B_HB.csv,SI22IE06,B,HB,03,Klicks_Block_B_03.clicked_name,Klicks_Block_B_03.time,B,TRUE,"['Legs_Block_B_03', 'Arms_Block_B_03', 'Arms_Block_B_03', 'Arms_Block_B_03', 'Arms_Block_B_03', 'Arms_Block_B_03', 'Legs_Block_B_03', 'Other_Block_B_03']","[0.002146300000276824, 58.65782750000017, 69.57316310000078, 96.89556630000061, 130.9839034000006, 155.79110300000048, 173.23550830000022, 186.09777480000048]",8,8,0.00214630000027682,TRUE,leg,removed early timestamp and paired first movement,7,7,0,0,5,0,2,1,5,0,1,1,7,TRUE,OK,
SI22IE06_B_HB.csv,data/s_files/psychopy/SI22IE06_B_HB.csv,SI22IE06,B,HB,04,Klicks_Block_B_04.clicked_name,Klicks_Block_B_04.time,B,TRUE,"['Arms_Block_B_04', 'Other_Block_B_04', 'Arms_Block_B_04', 'Arms_Block_B_04', 'Arms_Block_B_04', 'Arms_Block_B_04', 'Head_Block_B_04', 'Arms_Block_B_04', 'Other_Block_B_04', 'Arms_Block_B_04']","[0.0008244999999078573, 10.04656630000045, 25.191424100000404, 62.91204860000016, 85.75436230000014, 107.36451089999991, 134.30457730000035, 160.26249030000054, 183.25489770000058, 204.43267900000046]",10,10,8.2449999990785e-4,TRUE,arm,removed early timestamp and paired first movement,9,9,0,0,7,1,0,2,6,1,0,2,9,TRUE,OK,
TA17ER04_A_LB.csv,data/s_files/psychopy/TA17ER04_A_LB.csv,TA17ER04,A,LB,01,Klicks_Block_A_01.clicked_name,Klicks_Block_A_01.time,A,TRUE,['Legs_Block_A_01'],[0.0005846999119967222],1,1,5.8469991199672e-4,TRUE,leg,removed early timestamp and paired first movement,0,0,0,0,0,0,1,0,0,0,0,0,0,TRUE,OK,
TA17ER04_A_LB.csv,data/s_files/psychopy/TA17ER04_A_LB.csv,TA17ER04,A,LB,02,Klicks_Block_A_02.clicked_name,Klicks_Block_A_02.time,A,TRUE,"['Arms_Block_A_02', 'Other_Block_A_02', 'Other_Block_A_02']","[0.0005332001019269228, 87.53788159997202, 88.06998170004226]",3,3,5.3320010192692e-4,TRUE,arm,removed early timestamp and paired first movement,2,2,0,0,1,0,0,2,0,0,0,2,2,TRUE,OK,
TA17ER04_A_LB.csv,data/s_files/psychopy/TA17ER04_A_LB.csv,TA17ER04,A,LB,03,Klicks_Block_A_03.clicked_name,Klicks_Block_A_03.time,A,TRUE,"['Arms_Block_A_03', 'Other_Block_A_03', 'Other_Block_A_03']","[0.0005365000106394291, 178.82372610014863, 193.48417980014347]",3,3,5.3650001063942e-4,TRUE,arm,removed early timestamp and paired first movement,2,2,0,0,1,0,0,2,0,0,0,2,2,TRUE,OK,
TA17ER04_A_LB.csv,data/s_files/psychopy/TA17ER04_A_LB.csv,TA17ER04,A,LB,04,Klicks_Block_A_04.clicked_name,Klicks_Block_A_04.time,A,TRUE,"['Other_Block_A_04', 'Other_Block_A_04']","[0.0005405999254435301, 95.7661294999998]",2,2,5.4059992544353e-4,TRUE,other,removed early timestamp and paired first movement,1,1,0,0,0,0,0,2,0,0,0,1,1,TRUE,OK,
TA17ER04_B_HB.csv,data/s_files/psychopy/TA17ER04_B_HB.csv,TA17ER04,B,HB,01,Klicks_Block_B_01.clicked_name,Klicks_Block_B_01.time,B,TRUE,"['Other_Block_B_01', 'Arms_Block_B_01', 'Other_Block_B_01', 'Arms_Block_B_01']","[0.0006510999519377947, 45.46651659999043, 120.92506669997238, 128.37176809995435]",4,4,6.5109995193779e-4,TRUE,other,removed early timestamp and paired first movement,3,3,0,0,2,0,0,2,2,0,0,1,3,TRUE,OK,
TA17ER04_B_HB.csv,data/s_files/psychopy/TA17ER04_B_HB.csv,TA17ER04,B,HB,02,Klicks_Block_B_02.clicked_name,Klicks_Block_B_02.time,B,TRUE,"['Legs_Block_B_02', 'Other_Block_B_02', 'Head_Block_B_02', 'Other_Block_B_02']","[0.0005051998887211084, 36.33819709997624, 69.7758508999832, 110.42870679986663]",4,4,5.051998887211e-4,TRUE,leg,removed early timestamp and paired first movement,3,3,0,0,0,1,1,2,0,1,0,2,3,TRUE,OK,
TA17ER04_B_HB.csv,data/s_files/psychopy/TA17ER04_B_HB.csv,TA17ER04,B,HB,03,Klicks_Block_B_03.clicked_name,Klicks_Block_B_03.time,B,TRUE,"['Arms_Block_B_03', 'Other_Block_B_03', 'Other_Block_B_03', 'Other_Block_B_03']","[0.0004908998962491751, 83.65552200004458, 166.6602815000806, 187.61964610009454]",4,4,4.9089989624917e-4,TRUE,arm,removed early timestamp and paired first movement,3,3,0,0,1,0,0,3,0,0,0,3,3,TRUE,OK,
TA17ER04_B_HB.csv,data/s_files/psychopy/TA17ER04_B_HB.csv,TA17ER04,B,HB,04,Klicks_Block_B_04.clicked_name,Klicks_Block_B_04.time,B,TRUE,"['Arms_Block_B_04', 'Other_Block_B_04']","[0.000615699915215373, 178.68892609979957]",2,2,6.1569991521537e-4,TRUE,arm,removed early timestamp and paired first movement,1,1,0,0,1,0,0,1,0,0,0,1,1,TRUE,OK,
UL01RL21_A_HB.csv,data/s_files/psychopy/UL01RL21_A_HB.csv,UL01RL21,A,HB,01,Klicks_Block_A_01.clicked_name,Klicks_Block_A_01.time,A,TRUE,"['Head_Block_A_01', 'Legs_Block_A_01']","[0.002711599925532937, 26.770332199987024]",2,2,0.00271159992553293,TRUE,head,removed early timestamp and paired first movement,1,1,0,0,0,1,1,0,0,0,1,0,1,TRUE,OK,
UL01RL21_A_HB.csv,data/s_files/psychopy/UL01RL21_A_HB.csv,UL01RL21,A,HB,02,Klicks_Block_A_02.clicked_name,Klicks_Block_A_02.time,A,TRUE,"['Arms_Block_A_02', 'Other_Block_A_02', 'Arms_Block_A_02']","[0.003467300208285451, 68.9532161001116, 111.88899500016123, 155.99183270009235]",3,4,0.00346730020828545,TRUE,NA,removed early timestamp; retained all movement names,3,3,0,0,2,0,0,1,2,0,0,1,3,TRUE,OK,
UL01RL21_A_HB.csv,data/s_files/psychopy/UL01RL21_A_HB.csv,UL01RL21,A,HB,03,Klicks_Block_A_03.clicked_name,Klicks_Block_A_03.time,A,TRUE,"['Arms_Block_A_03', 'Other_Block_A_03', 'Arms_Block_A_03']","[0.0010319000575691462, 102.36443429999053, 187.13552040001377]",3,3,0.00103190005756914,TRUE,arm,removed early timestamp and paired first movement,2,2,0,0,2,0,0,1,1,0,0,1,2,TRUE,OK,
UL01RL21_A_HB.csv,data/s_files/psychopy/UL01RL21_A_HB.csv,UL01RL21,A,HB,04,Klicks_Block_A_04.clicked_name,Klicks_Block_A_04.time,A,TRUE,"['Arms_Block_A_04', 'Other_Block_A_04']","[0.0018914001993834972, 93.76499529997818]",2,2,0.00189140019938349,TRUE,arm,removed early timestamp and paired first movement,1,1,0,0,1,0,0,1,0,0,0,1,1,TRUE,OK,
UL01RL21_B_LB.csv,data/s_files/psychopy/UL01RL21_B_LB.csv,UL01RL21,B,LB,01,Klicks_Block_B_01.clicked_name,Klicks_Block_B_01.time,B,TRUE,"['Head_Block_B_01', 'Arms_Block_B_01']","[0.002569400006905198, 200.51423810003325]",2,2,0.00256940000690519,TRUE,head,removed early timestamp and paired first movement,1,1,0,0,1,1,0,0,1,0,0,0,1,TRUE,OK,
UL01RL21_B_LB.csv,data/s_files/psychopy/UL01RL21_B_LB.csv,UL01RL21,B,LB,02,Klicks_Block_B_02.clicked_name,Klicks_Block_B_02.time,B,TRUE,['Arms_Block_B_02'],[0.002259999979287386],1,1,0.00225999997928738,TRUE,arm,removed early timestamp and paired first movement,0,0,0,0,1,0,0,0,0,0,0,0,0,TRUE,OK,
UL01RL21_B_LB.csv,data/s_files/psychopy/UL01RL21_B_LB.csv,UL01RL21,B,LB,03,Klicks_Block_B_03.clicked_name,Klicks_Block_B_03.time,B,TRUE,"['Legs_Block_B_03', 'Other_Block_B_03']","[0.0020022999960929155, 90.61470390018076, 97.89841020014137]",2,3,0.00200229999609291,TRUE,NA,removed early timestamp; retained all movement names,2,2,0,0,0,0,1,1,0,0,1,1,2,TRUE,OK,
UL01RL21_B_LB.csv,data/s_files/psychopy/UL01RL21_B_LB.csv,UL01RL21,B,LB,04,Klicks_Block_B_04.clicked_name,Klicks_Block_B_04.time,B,TRUE,"['Other_Block_B_04', 'Legs_Block_B_04']","[0.0024191001430153847, 173.55102879996412, 200.47987919999287]",2,3,0.00241910014301538,TRUE,NA,removed early timestamp; retained all movement names,2,2,0,0,0,0,1,1,0,0,1,1,2,TRUE,OK,
UL22ON24_A_LB.csv,data/s_files/psychopy/UL22ON24_A_LB.csv,UL22ON24,A,LB,01,Klicks_Block_A_01.clicked_name,Klicks_Block_A_01.time,A,TRUE,"['Head_Block_A_01', 'Arms_Block_A_01', 'Legs_Block_A_01', 'Arms_Block_A_01']","[0.0006381000857800245, 117.70950999995694, 173.29075170005672, 201.19827820011415]",4,4,6.3810008578002e-4,TRUE,head,removed early timestamp and paired first movement,3,3,0,0,2,1,1,0,2,0,1,0,3,TRUE,OK,
UL22ON24_A_LB.csv,data/s_files/psychopy/UL22ON24_A_LB.csv,UL22ON24,A,LB,02,Klicks_Block_A_02.clicked_name,Klicks_Block_A_02.time,A,TRUE,['Arms_Block_A_02'],"[0.000497099943459034, 83.40513120009564]",1,2,4.9709994345903e-4,TRUE,NA,removed early timestamp; retained all movement names,1,1,0,0,1,0,0,0,1,0,0,0,1,TRUE,OK,
UL22ON24_A_LB.csv,data/s_files/psychopy/UL22ON24_A_LB.csv,UL22ON24,A,LB,03,Klicks_Block_A_03.clicked_name,Klicks_Block_A_03.time,A,TRUE,"['Arms_Block_A_03', 'Head_Block_A_03', 'Arms_Block_A_03']","[0.0005629998631775379, 16.31119169993326, 116.01267249998637]",3,3,5.6299986317753e-4,TRUE,arm,removed early timestamp and paired first movement,2,2,0,0,2,1,0,0,1,1,0,0,2,TRUE,OK,
UL22ON24_A_LB.csv,data/s_files/psychopy/UL22ON24_A_LB.csv,UL22ON24,A,LB,04,Klicks_Block_A_04.clicked_name,Klicks_Block_A_04.time,A,TRUE,"['Arms_Block_A_04', 'Other_Block_A_04', 'Legs_Block_A_04']","[0.0005626000929623842, 128.07379789999686, 165.511422800133]",3,3,5.6260009296238e-4,TRUE,arm,removed early timestamp and paired first movement,2,2,0,0,1,0,1,1,0,0,1,1,2,TRUE,OK,
UL22ON24_B_HB.csv,data/s_files/psychopy/UL22ON24_B_HB.csv,UL22ON24,B,HB,01,Klicks_Block_B_01.clicked_name,Klicks_Block_B_01.time,B,TRUE,"['Arms_Block_B_01', 'Legs_Block_B_01', 'Arms_Block_B_01', 'Arms_Block_B_01', 'Other_Block_B_01']","[0.00070980004966259, 141.0020062001422, 155.248523700051, 183.87081079999916, 194.60082809999585]",5,5,7.0980004966259e-4,TRUE,arm,removed early timestamp and paired first movement,4,4,0,0,3,0,1,1,2,0,1,1,4,TRUE,OK,
UL22ON24_B_HB.csv,data/s_files/psychopy/UL22ON24_B_HB.csv,UL22ON24,B,HB,02,Klicks_Block_B_02.clicked_name,Klicks_Block_B_02.time,B,TRUE,"['Legs_Block_B_02', 'Arms_Block_B_02', 'Arms_Block_B_02', 'Legs_Block_B_02', 'Arms_Block_B_02', 'Arms_Block_B_02', 'Other_Block_B_02', 'Arms_Block_B_02']","[0.00048120017163455486, 12.530514300102368, 54.36591690010391, 97.30097410012968, 105.23303889995441, 108.99605219997466, 180.93812029995024, 206.59862540010363]",8,8,4.8120017163455e-4,TRUE,leg,removed early timestamp and paired first movement,7,7,0,0,5,0,2,1,5,0,1,1,7,TRUE,OK,
UL22ON24_B_HB.csv,data/s_files/psychopy/UL22ON24_B_HB.csv,UL22ON24,B,HB,03,Klicks_Block_B_03.clicked_name,Klicks_Block_B_03.time,B,TRUE,"['Arms_Block_B_03', 'Arms_Block_B_03', 'Arms_Block_B_03', 'Arms_Block_B_03', 'Other_Block_B_03', 'Legs_Block_B_03', 'Other_Block_B_03', 'Legs_Block_B_03', 'Arms_Block_B_03']","[0.0004952000454068184, 30.472549499943852, 76.14049939997494, 86.60363640007563, 138.9190549000632, 145.2506450000219, 167.62665650015697, 176.5896209999919, 193.25259439996444]",9,9,4.9520004540681e-4,TRUE,arm,removed early timestamp and paired first movement,8,8,0,0,5,0,2,2,4,0,2,2,8,TRUE,OK,
UL22ON24_B_HB.csv,data/s_files/psychopy/UL22ON24_B_HB.csv,UL22ON24,B,HB,04,Klicks_Block_B_04.clicked_name,Klicks_Block_B_04.time,B,TRUE,"['Arms_Block_B_04', 'Arms_Block_B_04', 'Arms_Block_B_04', 'Other_Block_B_04', 'Other_Block_B_04', 'Arms_Block_B_04']","[0.0005049998871982098, 32.00607919995673, 83.3045981999021, 129.43915129988454, 174.0388352998998, 191.83324189996347]",6,6,5.049998871982e-4,TRUE,arm,removed early timestamp and paired first movement,5,5,0,0,4,0,0,2,3,0,0,2,5,TRUE,OK,
UR31EM17_A_LB.csv,data/s_files/psychopy/UR31EM17_A_LB.csv,UR31EM17,A,LB,01,Klicks_Block_A_01.clicked_name,Klicks_Block_A_01.time,A,TRUE,"['Arms_Block_A_01', 'Arms_Block_A_01', 'Other_Block_A_01', 'Arms_Block_A_01', 'Arms_Block_A_01']","[0.0005964001175016165, 96.95142480009235, 109.54623629990965, 146.73347690002993, 200.05011159996502]",5,5,5.9640011750161e-4,TRUE,arm,removed early timestamp and paired first movement,4,4,0,0,4,0,0,1,3,0,0,1,4,TRUE,OK,
UR31EM17_A_LB.csv,data/s_files/psychopy/UR31EM17_A_LB.csv,UR31EM17,A,LB,02,Klicks_Block_A_02.clicked_name,Klicks_Block_A_02.time,A,TRUE,"['Other_Block_A_02', 'Other_Block_A_02', 'Other_Block_A_02']","[0.0005471999756991863, 77.63819369999692, 139.95121189998463]",3,3,5.4719997569918e-4,TRUE,other,removed early timestamp and paired first movement,2,2,0,0,0,0,0,3,0,0,0,2,2,TRUE,OK,
UR31EM17_A_LB.csv,data/s_files/psychopy/UR31EM17_A_LB.csv,UR31EM17,A,LB,03,Klicks_Block_A_03.clicked_name,Klicks_Block_A_03.time,A,TRUE,['Other_Block_A_03'],[0.0005169999785721302],1,1,5.1699997857213e-4,TRUE,other,removed early timestamp and paired first movement,0,0,0,0,0,0,0,1,0,0,0,0,0,TRUE,OK,
UR31EM17_A_LB.csv,data/s_files/psychopy/UR31EM17_A_LB.csv,UR31EM17,A,LB,04,Klicks_Block_A_04.clicked_name,Klicks_Block_A_04.time,A,TRUE,"['Other_Block_A_04', 'Other_Block_A_04']","[0.0005264999344944954, 111.96231829980388, 205.19886099989526]",2,3,5.2649993449449e-4,TRUE,NA,removed early timestamp; retained all movement names,2,2,0,0,0,0,0,2,0,0,0,2,2,TRUE,OK,
UR31EM17_B_HB.csv,data/s_files/psychopy/UR31EM17_B_HB.csv,UR31EM17,B,HB,01,Klicks_Block_B_01.clicked_name,Klicks_Block_B_01.time,B,TRUE,"['Head_Block_B_01', 'Other_Block_B_01', 'Arms_Block_B_01', 'Arms_Block_B_01', 'Other_Block_B_01', 'Other_Block_B_01']","[0.0006406998727470636, 38.669703899882734, 53.91428310004994, 70.12544269999489, 87.27040569996461, 95.93360650003888]",6,6,6.4069987274706e-4,TRUE,head,removed early timestamp and paired first movement,5,5,0,0,2,1,0,3,2,0,0,3,5,TRUE,OK,
UR31EM17_B_HB.csv,data/s_files/psychopy/UR31EM17_B_HB.csv,UR31EM17,B,HB,02,Klicks_Block_B_02.clicked_name,Klicks_Block_B_02.time,B,TRUE,"['Other_Block_B_02', 'Arms_Block_B_02', 'Other_Block_B_02']","[0.0005880999378859997, 36.45487779984251, 131.18797799991444]",3,3,5.8809993788599e-4,TRUE,other,removed early timestamp and paired first movement,2,2,0,0,1,0,0,2,1,0,0,1,2,TRUE,OK,
UR31EM17_B_HB.csv,data/s_files/psychopy/UR31EM17_B_HB.csv,UR31EM17,B,HB,03,Klicks_Block_B_03.clicked_name,Klicks_Block_B_03.time,B,TRUE,"['Other_Block_B_03', 'Arms_Block_B_03', 'Other_Block_B_03']","[0.0005211001262068748, 97.61893799994141, 138.23849979997613]",3,3,5.2110012620687e-4,TRUE,other,removed early timestamp and paired first movement,2,2,0,0,1,0,0,2,1,0,0,1,2,TRUE,OK,
UR31EM17_B_HB.csv,data/s_files/psychopy/UR31EM17_B_HB.csv,UR31EM17,B,HB,04,Klicks_Block_B_04.clicked_name,Klicks_Block_B_04.time,B,TRUE,"['Other_Block_B_04', 'Other_Block_B_04', 'Arms_Block_B_04', 'Other_Block_B_04']","[0.0005199001170694828, 46.01647190004587, 61.561314300168306, 161.16254990012385]",4,4,5.1990011706948e-4,TRUE,other,removed early timestamp and paired first movement,3,3,0,0,1,0,0,3,1,0,0,2,3,TRUE,OK,
