survey_year,source_file,source_row,response_id,ID_original,ID,inclusion_status,trial_order,scale,position,condition,timepoint,item,item_original,item_value,item_missing,item_non_numeric,item_non_integer,item_out_of_range,expected_missing,item_status,item_note
2026,limesurvey_2026_deidentified.csv,12,30,aa11aa11,AA11AA11,EXCLUDED,HB_LB,MSBS,A,HB,baseline,01,1 - stimme überhaupt nicht zu,1,FALSE,FALSE,FALSE,FALSE,FALSE,EXCLUDED_SOURCE_ROW,
2026,limesurvey_2026_deidentified.csv,12,30,aa11aa11,AA11AA11,EXCLUDED,HB_LB,MSBS,A,HB,baseline,03,1 - stimme überhaupt nicht zu,1,FALSE,FALSE,FALSE,FALSE,FALSE,EXCLUDED_SOURCE_ROW,
2026,limesurvey_2026_deidentified.csv,12,30,aa11aa11,AA11AA11,EXCLUDED,HB_LB,MSBS,A,HB,baseline,09,1 - stimme überhaupt nicht zu,1,FALSE,FALSE,FALSE,FALSE,FALSE,EXCLUDED_SOURCE_ROW,
2026,limesurvey_2026_deidentified.csv,12,30,aa11aa11,AA11AA11,EXCLUDED,HB_LB,MSBS,A,HB,baseline,10,1 - stimme überhaupt nicht zu,1,FALSE,FALSE,FALSE,FALSE,FALSE,EXCLUDED_SOURCE_ROW,
2026,limesurvey_2026_deidentified.csv,12,30,aa11aa11,AA11AA11,EXCLUDED,HB_LB,MSBS,A,HB,baseline,22,1 - stimme überhaupt nicht zu,1,FALSE,FALSE,FALSE,FALSE,FALSE,EXCLUDED_SOURCE_ROW,
2026,limesurvey_2026_deidentified.csv,12,30,aa11aa11,AA11AA11,EXCLUDED,HB_LB,MSBS,A,HB,baseline,23,1 - stimme überhaupt nicht zu,1,FALSE,FALSE,FALSE,FALSE,FALSE,EXCLUDED_SOURCE_ROW,
2026,limesurvey_2026_deidentified.csv,12,30,aa11aa11,AA11AA11,EXCLUDED,HB_LB,MSBS,A,HB,baseline,24,1 - stimme überhaupt nicht zu,1,FALSE,FALSE,FALSE,FALSE,FALSE,EXCLUDED_SOURCE_ROW,
2026,limesurvey_2026_deidentified.csv,12,30,aa11aa11,AA11AA11,EXCLUDED,HB_LB,MSBS,A,HB,baseline,28,1 - stimme überhaupt nicht zu,1,FALSE,FALSE,FALSE,FALSE,FALSE,EXCLUDED_SOURCE_ROW,
2026,limesurvey_2026_deidentified.csv,12,30,aa11aa11,AA11AA11,EXCLUDED,HB_LB,MSBS,A,HB,post,01,1 - stimme überhaupt nicht zu,1,FALSE,FALSE,FALSE,FALSE,FALSE,EXCLUDED_SOURCE_ROW,
2026,limesurvey_2026_deidentified.csv,12,30,aa11aa11,AA11AA11,EXCLUDED,HB_LB,MSBS,A,HB,post,03,1 - stimme überhaupt nicht zu,1,FALSE,FALSE,FALSE,FALSE,FALSE,EXCLUDED_SOURCE_ROW,
2026,limesurvey_2026_deidentified.csv,12,30,aa11aa11,AA11AA11,EXCLUDED,HB_LB,MSBS,A,HB,post,09,1 - stimme überhaupt nicht zu,1,FALSE,FALSE,FALSE,FALSE,FALSE,EXCLUDED_SOURCE_ROW,
2026,limesurvey_2026_deidentified.csv,12,30,aa11aa11,AA11AA11,EXCLUDED,HB_LB,MSBS,A,HB,post,10,1 - stimme überhaupt nicht zu,1,FALSE,FALSE,FALSE,FALSE,FALSE,EXCLUDED_SOURCE_ROW,
2026,limesurvey_2026_deidentified.csv,12,30,aa11aa11,AA11AA11,EXCLUDED,HB_LB,MSBS,A,HB,post,22,1 - stimme überhaupt nicht zu,1,FALSE,FALSE,FALSE,FALSE,FALSE,EXCLUDED_SOURCE_ROW,
2026,limesurvey_2026_deidentified.csv,12,30,aa11aa11,AA11AA11,EXCLUDED,HB_LB,MSBS,A,HB,post,23,1 - stimme überhaupt nicht zu,1,FALSE,FALSE,FALSE,FALSE,FALSE,EXCLUDED_SOURCE_ROW,
2026,limesurvey_2026_deidentified.csv,12,30,aa11aa11,AA11AA11,EXCLUDED,HB_LB,MSBS,A,HB,post,24,1 - stimme überhaupt nicht zu,1,FALSE,FALSE,FALSE,FALSE,FALSE,EXCLUDED_SOURCE_ROW,
2026,limesurvey_2026_deidentified.csv,12,30,aa11aa11,AA11AA11,EXCLUDED,HB_LB,MSBS,A,HB,post,28,1 - stimme überhaupt nicht zu,1,FALSE,FALSE,FALSE,FALSE,FALSE,EXCLUDED_SOURCE_ROW,
2026,limesurvey_2026_deidentified.csv,12,30,aa11aa11,AA11AA11,EXCLUDED,HB_LB,MSBS,B,LB,baseline,01,1 - stimme überhaupt nicht zu,1,FALSE,FALSE,FALSE,FALSE,FALSE,EXCLUDED_SOURCE_ROW,
2026,limesurvey_2026_deidentified.csv,12,30,aa11aa11,AA11AA11,EXCLUDED,HB_LB,MSBS,B,LB,baseline,03,1 - stimme überhaupt nicht zu,1,FALSE,FALSE,FALSE,FALSE,FALSE,EXCLUDED_SOURCE_ROW,
2026,limesurvey_2026_deidentified.csv,12,30,aa11aa11,AA11AA11,EXCLUDED,HB_LB,MSBS,B,LB,baseline,09,1 - stimme überhaupt nicht zu,1,FALSE,FALSE,FALSE,FALSE,FALSE,EXCLUDED_SOURCE_ROW,
2026,limesurvey_2026_deidentified.csv,12,30,aa11aa11,AA11AA11,EXCLUDED,HB_LB,MSBS,B,LB,baseline,10,1 - stimme überhaupt nicht zu,1,FALSE,FALSE,FALSE,FALSE,FALSE,EXCLUDED_SOURCE_ROW,
2026,limesurvey_2026_deidentified.csv,12,30,aa11aa11,AA11AA11,EXCLUDED,HB_LB,MSBS,B,LB,baseline,22,1 - stimme überhaupt nicht zu,1,FALSE,FALSE,FALSE,FALSE,FALSE,EXCLUDED_SOURCE_ROW,
2026,limesurvey_2026_deidentified.csv,12,30,aa11aa11,AA11AA11,EXCLUDED,HB_LB,MSBS,B,LB,baseline,23,1 - stimme überhaupt nicht zu,1,FALSE,FALSE,FALSE,FALSE,FALSE,EXCLUDED_SOURCE_ROW,
2026,limesurvey_2026_deidentified.csv,12,30,aa11aa11,AA11AA11,EXCLUDED,HB_LB,MSBS,B,LB,baseline,24,1 - stimme überhaupt nicht zu,1,FALSE,FALSE,FALSE,FALSE,FALSE,EXCLUDED_SOURCE_ROW,
2026,limesurvey_2026_deidentified.csv,12,30,aa11aa11,AA11AA11,EXCLUDED,HB_LB,MSBS,B,LB,baseline,28,1 - stimme überhaupt nicht zu,1,FALSE,FALSE,FALSE,FALSE,FALSE,EXCLUDED_SOURCE_ROW,
2026,limesurvey_2026_deidentified.csv,12,30,aa11aa11,AA11AA11,EXCLUDED,HB_LB,MSBS,B,LB,post,01,,,TRUE,FALSE,FALSE,FALSE,FALSE,EXCLUDED_SOURCE_ROW,
2026,limesurvey_2026_deidentified.csv,12,30,aa11aa11,AA11AA11,EXCLUDED,HB_LB,MSBS,B,LB,post,03,,,TRUE,FALSE,FALSE,FALSE,FALSE,EXCLUDED_SOURCE_ROW,
2026,limesurvey_2026_deidentified.csv,12,30,aa11aa11,AA11AA11,EXCLUDED,HB_LB,MSBS,B,LB,post,09,,,TRUE,FALSE,FALSE,FALSE,FALSE,EXCLUDED_SOURCE_ROW,
2026,limesurvey_2026_deidentified.csv,12,30,aa11aa11,AA11AA11,EXCLUDED,HB_LB,MSBS,B,LB,post,10,,,TRUE,FALSE,FALSE,FALSE,FALSE,EXCLUDED_SOURCE_ROW,
2026,limesurvey_2026_deidentified.csv,12,30,aa11aa11,AA11AA11,EXCLUDED,HB_LB,MSBS,B,LB,post,22,,,TRUE,FALSE,FALSE,FALSE,FALSE,EXCLUDED_SOURCE_ROW,
2026,limesurvey_2026_deidentified.csv,12,30,aa11aa11,AA11AA11,EXCLUDED,HB_LB,MSBS,B,LB,post,23,,,TRUE,FALSE,FALSE,FALSE,FALSE,EXCLUDED_SOURCE_ROW,
2026,limesurvey_2026_deidentified.csv,12,30,aa11aa11,AA11AA11,EXCLUDED,HB_LB,MSBS,B,LB,post,24,,,TRUE,FALSE,FALSE,FALSE,FALSE,EXCLUDED_SOURCE_ROW,
2026,limesurvey_2026_deidentified.csv,12,30,aa11aa11,AA11AA11,EXCLUDED,HB_LB,MSBS,B,LB,post,28,,,TRUE,FALSE,FALSE,FALSE,FALSE,EXCLUDED_SOURCE_ROW,
2026,limesurvey_2026_deidentified.csv,12,30,aa11aa11,AA11AA11,EXCLUDED,HB_LB,SBPS,,,trait,01,1 - stimme überhaupt nicht zu,1,FALSE,FALSE,FALSE,FALSE,FALSE,EXCLUDED_SOURCE_ROW,
2026,limesurvey_2026_deidentified.csv,12,30,aa11aa11,AA11AA11,EXCLUDED,HB_LB,SBPS,,,trait,02,1 - stimme überhaupt nicht zu,1,FALSE,FALSE,FALSE,FALSE,FALSE,EXCLUDED_SOURCE_ROW,
2026,limesurvey_2026_deidentified.csv,12,30,aa11aa11,AA11AA11,EXCLUDED,HB_LB,SBPS,,,trait,03,1 - stimme überhaupt nicht zu,1,FALSE,FALSE,FALSE,FALSE,FALSE,EXCLUDED_SOURCE_ROW,
2026,limesurvey_2026_deidentified.csv,12,30,aa11aa11,AA11AA11,EXCLUDED,HB_LB,SBPS,,,trait,04,1 - stimme überhaupt nicht zu,1,FALSE,FALSE,FALSE,FALSE,FALSE,EXCLUDED_SOURCE_ROW,
2026,limesurvey_2026_deidentified.csv,12,30,aa11aa11,AA11AA11,EXCLUDED,HB_LB,SBPS,,,trait,05,1 - stimme überhaupt nicht zu,1,FALSE,FALSE,FALSE,FALSE,FALSE,EXCLUDED_SOURCE_ROW,
2026,limesurvey_2026_deidentified.csv,12,30,aa11aa11,AA11AA11,EXCLUDED,HB_LB,SBPS,,,trait,06,1 - stimme überhaupt nicht zu,1,FALSE,FALSE,FALSE,FALSE,FALSE,EXCLUDED_SOURCE_ROW,
2026,limesurvey_2026_deidentified.csv,12,30,aa11aa11,AA11AA11,EXCLUDED,HB_LB,SBPS,,,trait,07,1 - stimme überhaupt nicht zu,1,FALSE,FALSE,FALSE,FALSE,FALSE,EXCLUDED_SOURCE_ROW,
2026,limesurvey_2026_deidentified.csv,12,30,aa11aa11,AA11AA11,EXCLUDED,HB_LB,SBPS,,,trait,08,1 - stimme überhaupt nicht zu,1,FALSE,FALSE,FALSE,FALSE,FALSE,EXCLUDED_SOURCE_ROW,
2026,limesurvey_2026_deidentified.csv,9,25,BA05AI17,BA05AI17,EXCLUDED,,MSBS,A,,baseline,01,,,TRUE,FALSE,FALSE,FALSE,FALSE,EXCLUDED_SOURCE_ROW,
2026,limesurvey_2026_deidentified.csv,9,25,BA05AI17,BA05AI17,EXCLUDED,,MSBS,B,,baseline,01,,,TRUE,FALSE,FALSE,FALSE,FALSE,EXCLUDED_SOURCE_ROW,
2026,limesurvey_2026_deidentified.csv,9,25,BA05AI17,BA05AI17,EXCLUDED,,MSBS,A,,baseline,03,,,TRUE,FALSE,FALSE,FALSE,FALSE,EXCLUDED_SOURCE_ROW,
2026,limesurvey_2026_deidentified.csv,9,25,BA05AI17,BA05AI17,EXCLUDED,,MSBS,B,,baseline,03,,,TRUE,FALSE,FALSE,FALSE,FALSE,EXCLUDED_SOURCE_ROW,
2026,limesurvey_2026_deidentified.csv,9,25,BA05AI17,BA05AI17,EXCLUDED,,MSBS,A,,baseline,09,,,TRUE,FALSE,FALSE,FALSE,FALSE,EXCLUDED_SOURCE_ROW,
2026,limesurvey_2026_deidentified.csv,9,25,BA05AI17,BA05AI17,EXCLUDED,,MSBS,B,,baseline,09,,,TRUE,FALSE,FALSE,FALSE,FALSE,EXCLUDED_SOURCE_ROW,
2026,limesurvey_2026_deidentified.csv,9,25,BA05AI17,BA05AI17,EXCLUDED,,MSBS,A,,baseline,10,,,TRUE,FALSE,FALSE,FALSE,FALSE,EXCLUDED_SOURCE_ROW,
2026,limesurvey_2026_deidentified.csv,9,25,BA05AI17,BA05AI17,EXCLUDED,,MSBS,B,,baseline,10,,,TRUE,FALSE,FALSE,FALSE,FALSE,EXCLUDED_SOURCE_ROW,
2026,limesurvey_2026_deidentified.csv,9,25,BA05AI17,BA05AI17,EXCLUDED,,MSBS,A,,baseline,22,,,TRUE,FALSE,FALSE,FALSE,FALSE,EXCLUDED_SOURCE_ROW,
2026,limesurvey_2026_deidentified.csv,9,25,BA05AI17,BA05AI17,EXCLUDED,,MSBS,B,,baseline,22,,,TRUE,FALSE,FALSE,FALSE,FALSE,EXCLUDED_SOURCE_ROW,
2026,limesurvey_2026_deidentified.csv,9,25,BA05AI17,BA05AI17,EXCLUDED,,MSBS,A,,baseline,23,,,TRUE,FALSE,FALSE,FALSE,FALSE,EXCLUDED_SOURCE_ROW,
2026,limesurvey_2026_deidentified.csv,9,25,BA05AI17,BA05AI17,EXCLUDED,,MSBS,B,,baseline,23,,,TRUE,FALSE,FALSE,FALSE,FALSE,EXCLUDED_SOURCE_ROW,
2026,limesurvey_2026_deidentified.csv,9,25,BA05AI17,BA05AI17,EXCLUDED,,MSBS,A,,baseline,24,,,TRUE,FALSE,FALSE,FALSE,FALSE,EXCLUDED_SOURCE_ROW,
2026,limesurvey_2026_deidentified.csv,9,25,BA05AI17,BA05AI17,EXCLUDED,,MSBS,B,,baseline,24,,,TRUE,FALSE,FALSE,FALSE,FALSE,EXCLUDED_SOURCE_ROW,
2026,limesurvey_2026_deidentified.csv,9,25,BA05AI17,BA05AI17,EXCLUDED,,MSBS,A,,baseline,28,,,TRUE,FALSE,FALSE,FALSE,FALSE,EXCLUDED_SOURCE_ROW,
2026,limesurvey_2026_deidentified.csv,9,25,BA05AI17,BA05AI17,EXCLUDED,,MSBS,B,,baseline,28,,,TRUE,FALSE,FALSE,FALSE,FALSE,EXCLUDED_SOURCE_ROW,
2026,limesurvey_2026_deidentified.csv,9,25,BA05AI17,BA05AI17,EXCLUDED,,MSBS,A,,post,01,,,TRUE,FALSE,FALSE,FALSE,FALSE,EXCLUDED_SOURCE_ROW,
2026,limesurvey_2026_deidentified.csv,9,25,BA05AI17,BA05AI17,EXCLUDED,,MSBS,B,,post,01,,,TRUE,FALSE,FALSE,FALSE,FALSE,EXCLUDED_SOURCE_ROW,
2026,limesurvey_2026_deidentified.csv,9,25,BA05AI17,BA05AI17,EXCLUDED,,MSBS,A,,post,03,,,TRUE,FALSE,FALSE,FALSE,FALSE,EXCLUDED_SOURCE_ROW,
2026,limesurvey_2026_deidentified.csv,9,25,BA05AI17,BA05AI17,EXCLUDED,,MSBS,B,,post,03,,,TRUE,FALSE,FALSE,FALSE,FALSE,EXCLUDED_SOURCE_ROW,
2026,limesurvey_2026_deidentified.csv,9,25,BA05AI17,BA05AI17,EXCLUDED,,MSBS,A,,post,09,,,TRUE,FALSE,FALSE,FALSE,FALSE,EXCLUDED_SOURCE_ROW,
2026,limesurvey_2026_deidentified.csv,9,25,BA05AI17,BA05AI17,EXCLUDED,,MSBS,B,,post,09,,,TRUE,FALSE,FALSE,FALSE,FALSE,EXCLUDED_SOURCE_ROW,
2026,limesurvey_2026_deidentified.csv,9,25,BA05AI17,BA05AI17,EXCLUDED,,MSBS,A,,post,10,,,TRUE,FALSE,FALSE,FALSE,FALSE,EXCLUDED_SOURCE_ROW,
2026,limesurvey_2026_deidentified.csv,9,25,BA05AI17,BA05AI17,EXCLUDED,,MSBS,B,,post,10,,,TRUE,FALSE,FALSE,FALSE,FALSE,EXCLUDED_SOURCE_ROW,
2026,limesurvey_2026_deidentified.csv,9,25,BA05AI17,BA05AI17,EXCLUDED,,MSBS,A,,post,22,,,TRUE,FALSE,FALSE,FALSE,FALSE,EXCLUDED_SOURCE_ROW,
2026,limesurvey_2026_deidentified.csv,9,25,BA05AI17,BA05AI17,EXCLUDED,,MSBS,B,,post,22,,,TRUE,FALSE,FALSE,FALSE,FALSE,EXCLUDED_SOURCE_ROW,
2026,limesurvey_2026_deidentified.csv,9,25,BA05AI17,BA05AI17,EXCLUDED,,MSBS,A,,post,23,,,TRUE,FALSE,FALSE,FALSE,FALSE,EXCLUDED_SOURCE_ROW,
2026,limesurvey_2026_deidentified.csv,9,25,BA05AI17,BA05AI17,EXCLUDED,,MSBS,B,,post,23,,,TRUE,FALSE,FALSE,FALSE,FALSE,EXCLUDED_SOURCE_ROW,
2026,limesurvey_2026_deidentified.csv,9,25,BA05AI17,BA05AI17,EXCLUDED,,MSBS,A,,post,24,,,TRUE,FALSE,FALSE,FALSE,FALSE,EXCLUDED_SOURCE_ROW,
2026,limesurvey_2026_deidentified.csv,9,25,BA05AI17,BA05AI17,EXCLUDED,,MSBS,B,,post,24,,,TRUE,FALSE,FALSE,FALSE,FALSE,EXCLUDED_SOURCE_ROW,
2026,limesurvey_2026_deidentified.csv,9,25,BA05AI17,BA05AI17,EXCLUDED,,MSBS,A,,post,28,,,TRUE,FALSE,FALSE,FALSE,FALSE,EXCLUDED_SOURCE_ROW,
2026,limesurvey_2026_deidentified.csv,9,25,BA05AI17,BA05AI17,EXCLUDED,,MSBS,B,,post,28,,,TRUE,FALSE,FALSE,FALSE,FALSE,EXCLUDED_SOURCE_ROW,
2026,limesurvey_2026_deidentified.csv,9,25,BA05AI17,BA05AI17,EXCLUDED,,SBPS,,,trait,01,,,TRUE,FALSE,FALSE,FALSE,FALSE,EXCLUDED_SOURCE_ROW,
2026,limesurvey_2026_deidentified.csv,9,25,BA05AI17,BA05AI17,EXCLUDED,,SBPS,,,trait,02,,,TRUE,FALSE,FALSE,FALSE,FALSE,EXCLUDED_SOURCE_ROW,
2026,limesurvey_2026_deidentified.csv,9,25,BA05AI17,BA05AI17,EXCLUDED,,SBPS,,,trait,03,,,TRUE,FALSE,FALSE,FALSE,FALSE,EXCLUDED_SOURCE_ROW,
2026,limesurvey_2026_deidentified.csv,9,25,BA05AI17,BA05AI17,EXCLUDED,,SBPS,,,trait,04,,,TRUE,FALSE,FALSE,FALSE,FALSE,EXCLUDED_SOURCE_ROW,
2026,limesurvey_2026_deidentified.csv,9,25,BA05AI17,BA05AI17,EXCLUDED,,SBPS,,,trait,05,,,TRUE,FALSE,FALSE,FALSE,FALSE,EXCLUDED_SOURCE_ROW,
2026,limesurvey_2026_deidentified.csv,9,25,BA05AI17,BA05AI17,EXCLUDED,,SBPS,,,trait,06,,,TRUE,FALSE,FALSE,FALSE,FALSE,EXCLUDED_SOURCE_ROW,
2026,limesurvey_2026_deidentified.csv,9,25,BA05AI17,BA05AI17,EXCLUDED,,SBPS,,,trait,07,,,TRUE,FALSE,FALSE,FALSE,FALSE,EXCLUDED_SOURCE_ROW,
2026,limesurvey_2026_deidentified.csv,9,25,BA05AI17,BA05AI17,EXCLUDED,,SBPS,,,trait,08,,,TRUE,FALSE,FALSE,FALSE,FALSE,EXCLUDED_SOURCE_ROW,
2026,limesurvey_2026_deidentified.csv,5,21,KA11BE12,KA11BE12,EXCLUDED,LB_HB,MSBS,B,HB,baseline,01,,,TRUE,FALSE,FALSE,FALSE,FALSE,EXCLUDED_SOURCE_ROW,
2026,limesurvey_2026_deidentified.csv,5,21,KA11BE12,KA11BE12,EXCLUDED,LB_HB,MSBS,B,HB,baseline,03,,,TRUE,FALSE,FALSE,FALSE,FALSE,EXCLUDED_SOURCE_ROW,
2026,limesurvey_2026_deidentified.csv,5,21,KA11BE12,KA11BE12,EXCLUDED,LB_HB,MSBS,B,HB,baseline,09,,,TRUE,FALSE,FALSE,FALSE,FALSE,EXCLUDED_SOURCE_ROW,
2026,limesurvey_2026_deidentified.csv,5,21,KA11BE12,KA11BE12,EXCLUDED,LB_HB,MSBS,B,HB,baseline,10,,,TRUE,FALSE,FALSE,FALSE,FALSE,EXCLUDED_SOURCE_ROW,
2026,limesurvey_2026_deidentified.csv,5,21,KA11BE12,KA11BE12,EXCLUDED,LB_HB,MSBS,B,HB,baseline,22,,,TRUE,FALSE,FALSE,FALSE,FALSE,EXCLUDED_SOURCE_ROW,
2026,limesurvey_2026_deidentified.csv,5,21,KA11BE12,KA11BE12,EXCLUDED,LB_HB,MSBS,B,HB,baseline,23,,,TRUE,FALSE,FALSE,FALSE,FALSE,EXCLUDED_SOURCE_ROW,
2026,limesurvey_2026_deidentified.csv,5,21,KA11BE12,KA11BE12,EXCLUDED,LB_HB,MSBS,B,HB,baseline,24,,,TRUE,FALSE,FALSE,FALSE,FALSE,EXCLUDED_SOURCE_ROW,
2026,limesurvey_2026_deidentified.csv,5,21,KA11BE12,KA11BE12,EXCLUDED,LB_HB,MSBS,B,HB,baseline,28,,,TRUE,FALSE,FALSE,FALSE,FALSE,EXCLUDED_SOURCE_ROW,
2026,limesurvey_2026_deidentified.csv,5,21,KA11BE12,KA11BE12,EXCLUDED,LB_HB,MSBS,B,HB,post,01,,,TRUE,FALSE,FALSE,FALSE,FALSE,EXCLUDED_SOURCE_ROW,
2026,limesurvey_2026_deidentified.csv,5,21,KA11BE12,KA11BE12,EXCLUDED,LB_HB,MSBS,B,HB,post,03,,,TRUE,FALSE,FALSE,FALSE,FALSE,EXCLUDED_SOURCE_ROW,
2026,limesurvey_2026_deidentified.csv,5,21,KA11BE12,KA11BE12,EXCLUDED,LB_HB,MSBS,B,HB,post,09,,,TRUE,FALSE,FALSE,FALSE,FALSE,EXCLUDED_SOURCE_ROW,
2026,limesurvey_2026_deidentified.csv,5,21,KA11BE12,KA11BE12,EXCLUDED,LB_HB,MSBS,B,HB,post,10,,,TRUE,FALSE,FALSE,FALSE,FALSE,EXCLUDED_SOURCE_ROW,
2026,limesurvey_2026_deidentified.csv,5,21,KA11BE12,KA11BE12,EXCLUDED,LB_HB,MSBS,B,HB,post,22,,,TRUE,FALSE,FALSE,FALSE,FALSE,EXCLUDED_SOURCE_ROW,
2026,limesurvey_2026_deidentified.csv,5,21,KA11BE12,KA11BE12,EXCLUDED,LB_HB,MSBS,B,HB,post,23,,,TRUE,FALSE,FALSE,FALSE,FALSE,EXCLUDED_SOURCE_ROW,
2026,limesurvey_2026_deidentified.csv,5,21,KA11BE12,KA11BE12,EXCLUDED,LB_HB,MSBS,B,HB,post,24,,,TRUE,FALSE,FALSE,FALSE,FALSE,EXCLUDED_SOURCE_ROW,
2026,limesurvey_2026_deidentified.csv,5,21,KA11BE12,KA11BE12,EXCLUDED,LB_HB,MSBS,B,HB,post,28,,,TRUE,FALSE,FALSE,FALSE,FALSE,EXCLUDED_SOURCE_ROW,
2026,limesurvey_2026_deidentified.csv,5,21,KA11BE12,KA11BE12,EXCLUDED,LB_HB,MSBS,A,LB,baseline,01,7 - stimme voll und ganz zu,7,FALSE,FALSE,FALSE,FALSE,FALSE,EXCLUDED_SOURCE_ROW,
2026,limesurvey_2026_deidentified.csv,5,21,KA11BE12,KA11BE12,EXCLUDED,LB_HB,MSBS,A,LB,baseline,03,7 - stimme voll und ganz zu,7,FALSE,FALSE,FALSE,FALSE,FALSE,EXCLUDED_SOURCE_ROW,
2026,limesurvey_2026_deidentified.csv,5,21,KA11BE12,KA11BE12,EXCLUDED,LB_HB,MSBS,A,LB,baseline,09,7 - stimme voll und ganz zu,7,FALSE,FALSE,FALSE,FALSE,FALSE,EXCLUDED_SOURCE_ROW,
2026,limesurvey_2026_deidentified.csv,5,21,KA11BE12,KA11BE12,EXCLUDED,LB_HB,MSBS,A,LB,baseline,10,7 - stimme voll und ganz zu,7,FALSE,FALSE,FALSE,FALSE,FALSE,EXCLUDED_SOURCE_ROW,
2026,limesurvey_2026_deidentified.csv,5,21,KA11BE12,KA11BE12,EXCLUDED,LB_HB,MSBS,A,LB,baseline,22,7 - stimme voll und ganz zu,7,FALSE,FALSE,FALSE,FALSE,FALSE,EXCLUDED_SOURCE_ROW,
2026,limesurvey_2026_deidentified.csv,5,21,KA11BE12,KA11BE12,EXCLUDED,LB_HB,MSBS,A,LB,baseline,23,7 - stimme voll und ganz zu,7,FALSE,FALSE,FALSE,FALSE,FALSE,EXCLUDED_SOURCE_ROW,
2026,limesurvey_2026_deidentified.csv,5,21,KA11BE12,KA11BE12,EXCLUDED,LB_HB,MSBS,A,LB,baseline,24,7 - stimme voll und ganz zu,7,FALSE,FALSE,FALSE,FALSE,FALSE,EXCLUDED_SOURCE_ROW,
2026,limesurvey_2026_deidentified.csv,5,21,KA11BE12,KA11BE12,EXCLUDED,LB_HB,MSBS,A,LB,baseline,28,7 - stimme voll und ganz zu,7,FALSE,FALSE,FALSE,FALSE,FALSE,EXCLUDED_SOURCE_ROW,
2026,limesurvey_2026_deidentified.csv,5,21,KA11BE12,KA11BE12,EXCLUDED,LB_HB,MSBS,A,LB,post,01,,,TRUE,FALSE,FALSE,FALSE,FALSE,EXCLUDED_SOURCE_ROW,
2026,limesurvey_2026_deidentified.csv,5,21,KA11BE12,KA11BE12,EXCLUDED,LB_HB,MSBS,A,LB,post,03,,,TRUE,FALSE,FALSE,FALSE,FALSE,EXCLUDED_SOURCE_ROW,
2026,limesurvey_2026_deidentified.csv,5,21,KA11BE12,KA11BE12,EXCLUDED,LB_HB,MSBS,A,LB,post,09,,,TRUE,FALSE,FALSE,FALSE,FALSE,EXCLUDED_SOURCE_ROW,
2026,limesurvey_2026_deidentified.csv,5,21,KA11BE12,KA11BE12,EXCLUDED,LB_HB,MSBS,A,LB,post,10,,,TRUE,FALSE,FALSE,FALSE,FALSE,EXCLUDED_SOURCE_ROW,
2026,limesurvey_2026_deidentified.csv,5,21,KA11BE12,KA11BE12,EXCLUDED,LB_HB,MSBS,A,LB,post,22,,,TRUE,FALSE,FALSE,FALSE,FALSE,EXCLUDED_SOURCE_ROW,
2026,limesurvey_2026_deidentified.csv,5,21,KA11BE12,KA11BE12,EXCLUDED,LB_HB,MSBS,A,LB,post,23,,,TRUE,FALSE,FALSE,FALSE,FALSE,EXCLUDED_SOURCE_ROW,
2026,limesurvey_2026_deidentified.csv,5,21,KA11BE12,KA11BE12,EXCLUDED,LB_HB,MSBS,A,LB,post,24,,,TRUE,FALSE,FALSE,FALSE,FALSE,EXCLUDED_SOURCE_ROW,
2026,limesurvey_2026_deidentified.csv,5,21,KA11BE12,KA11BE12,EXCLUDED,LB_HB,MSBS,A,LB,post,28,,,TRUE,FALSE,FALSE,FALSE,FALSE,EXCLUDED_SOURCE_ROW,
2026,limesurvey_2026_deidentified.csv,5,21,KA11BE12,KA11BE12,EXCLUDED,LB_HB,SBPS,,,trait,01,7 - stimme voll und ganz zu,7,FALSE,FALSE,FALSE,FALSE,FALSE,EXCLUDED_SOURCE_ROW,
2026,limesurvey_2026_deidentified.csv,5,21,KA11BE12,KA11BE12,EXCLUDED,LB_HB,SBPS,,,trait,02,7 - stimme voll und ganz zu,7,FALSE,FALSE,FALSE,FALSE,FALSE,EXCLUDED_SOURCE_ROW,
2026,limesurvey_2026_deidentified.csv,5,21,KA11BE12,KA11BE12,EXCLUDED,LB_HB,SBPS,,,trait,03,7 - stimme voll und ganz zu,7,FALSE,FALSE,FALSE,FALSE,FALSE,EXCLUDED_SOURCE_ROW,
2026,limesurvey_2026_deidentified.csv,5,21,KA11BE12,KA11BE12,EXCLUDED,LB_HB,SBPS,,,trait,04,7 - stimme voll und ganz zu,7,FALSE,FALSE,FALSE,FALSE,FALSE,EXCLUDED_SOURCE_ROW,
2026,limesurvey_2026_deidentified.csv,5,21,KA11BE12,KA11BE12,EXCLUDED,LB_HB,SBPS,,,trait,05,7 - stimme voll und ganz zu,7,FALSE,FALSE,FALSE,FALSE,FALSE,EXCLUDED_SOURCE_ROW,
2026,limesurvey_2026_deidentified.csv,5,21,KA11BE12,KA11BE12,EXCLUDED,LB_HB,SBPS,,,trait,06,7 - stimme voll und ganz zu,7,FALSE,FALSE,FALSE,FALSE,FALSE,EXCLUDED_SOURCE_ROW,
2026,limesurvey_2026_deidentified.csv,5,21,KA11BE12,KA11BE12,EXCLUDED,LB_HB,SBPS,,,trait,07,7 - stimme voll und ganz zu,7,FALSE,FALSE,FALSE,FALSE,FALSE,EXCLUDED_SOURCE_ROW,
2026,limesurvey_2026_deidentified.csv,5,21,KA11BE12,KA11BE12,EXCLUDED,LB_HB,SBPS,,,trait,08,7 - stimme voll und ganz zu,7,FALSE,FALSE,FALSE,FALSE,FALSE,EXCLUDED_SOURCE_ROW,
2026,limesurvey_2026_deidentified.csv,8,24,MA02,MA02,EXCLUDED,LB_HB,MSBS,B,HB,baseline,01,,,TRUE,FALSE,FALSE,FALSE,FALSE,EXCLUDED_SOURCE_ROW,
2026,limesurvey_2026_deidentified.csv,8,24,MA02,MA02,EXCLUDED,LB_HB,MSBS,B,HB,baseline,03,,,TRUE,FALSE,FALSE,FALSE,FALSE,EXCLUDED_SOURCE_ROW,
2026,limesurvey_2026_deidentified.csv,8,24,MA02,MA02,EXCLUDED,LB_HB,MSBS,B,HB,baseline,09,,,TRUE,FALSE,FALSE,FALSE,FALSE,EXCLUDED_SOURCE_ROW,
2026,limesurvey_2026_deidentified.csv,8,24,MA02,MA02,EXCLUDED,LB_HB,MSBS,B,HB,baseline,10,,,TRUE,FALSE,FALSE,FALSE,FALSE,EXCLUDED_SOURCE_ROW,
2026,limesurvey_2026_deidentified.csv,8,24,MA02,MA02,EXCLUDED,LB_HB,MSBS,B,HB,baseline,22,,,TRUE,FALSE,FALSE,FALSE,FALSE,EXCLUDED_SOURCE_ROW,
2026,limesurvey_2026_deidentified.csv,8,24,MA02,MA02,EXCLUDED,LB_HB,MSBS,B,HB,baseline,23,,,TRUE,FALSE,FALSE,FALSE,FALSE,EXCLUDED_SOURCE_ROW,
2026,limesurvey_2026_deidentified.csv,8,24,MA02,MA02,EXCLUDED,LB_HB,MSBS,B,HB,baseline,24,,,TRUE,FALSE,FALSE,FALSE,FALSE,EXCLUDED_SOURCE_ROW,
2026,limesurvey_2026_deidentified.csv,8,24,MA02,MA02,EXCLUDED,LB_HB,MSBS,B,HB,baseline,28,,,TRUE,FALSE,FALSE,FALSE,FALSE,EXCLUDED_SOURCE_ROW,
2026,limesurvey_2026_deidentified.csv,8,24,MA02,MA02,EXCLUDED,LB_HB,MSBS,B,HB,post,01,,,TRUE,FALSE,FALSE,FALSE,FALSE,EXCLUDED_SOURCE_ROW,
2026,limesurvey_2026_deidentified.csv,8,24,MA02,MA02,EXCLUDED,LB_HB,MSBS,B,HB,post,03,,,TRUE,FALSE,FALSE,FALSE,FALSE,EXCLUDED_SOURCE_ROW,
2026,limesurvey_2026_deidentified.csv,8,24,MA02,MA02,EXCLUDED,LB_HB,MSBS,B,HB,post,09,,,TRUE,FALSE,FALSE,FALSE,FALSE,EXCLUDED_SOURCE_ROW,
2026,limesurvey_2026_deidentified.csv,8,24,MA02,MA02,EXCLUDED,LB_HB,MSBS,B,HB,post,10,,,TRUE,FALSE,FALSE,FALSE,FALSE,EXCLUDED_SOURCE_ROW,
2026,limesurvey_2026_deidentified.csv,8,24,MA02,MA02,EXCLUDED,LB_HB,MSBS,B,HB,post,22,,,TRUE,FALSE,FALSE,FALSE,FALSE,EXCLUDED_SOURCE_ROW,
2026,limesurvey_2026_deidentified.csv,8,24,MA02,MA02,EXCLUDED,LB_HB,MSBS,B,HB,post,23,,,TRUE,FALSE,FALSE,FALSE,FALSE,EXCLUDED_SOURCE_ROW,
2026,limesurvey_2026_deidentified.csv,8,24,MA02,MA02,EXCLUDED,LB_HB,MSBS,B,HB,post,24,,,TRUE,FALSE,FALSE,FALSE,FALSE,EXCLUDED_SOURCE_ROW,
2026,limesurvey_2026_deidentified.csv,8,24,MA02,MA02,EXCLUDED,LB_HB,MSBS,B,HB,post,28,,,TRUE,FALSE,FALSE,FALSE,FALSE,EXCLUDED_SOURCE_ROW,
2026,limesurvey_2026_deidentified.csv,8,24,MA02,MA02,EXCLUDED,LB_HB,MSBS,A,LB,baseline,01,4,4,FALSE,FALSE,FALSE,FALSE,FALSE,EXCLUDED_SOURCE_ROW,
2026,limesurvey_2026_deidentified.csv,8,24,MA02,MA02,EXCLUDED,LB_HB,MSBS,A,LB,baseline,03,4,4,FALSE,FALSE,FALSE,FALSE,FALSE,EXCLUDED_SOURCE_ROW,
2026,limesurvey_2026_deidentified.csv,8,24,MA02,MA02,EXCLUDED,LB_HB,MSBS,A,LB,baseline,09,4,4,FALSE,FALSE,FALSE,FALSE,FALSE,EXCLUDED_SOURCE_ROW,
2026,limesurvey_2026_deidentified.csv,8,24,MA02,MA02,EXCLUDED,LB_HB,MSBS,A,LB,baseline,10,4,4,FALSE,FALSE,FALSE,FALSE,FALSE,EXCLUDED_SOURCE_ROW,
2026,limesurvey_2026_deidentified.csv,8,24,MA02,MA02,EXCLUDED,LB_HB,MSBS,A,LB,baseline,22,4,4,FALSE,FALSE,FALSE,FALSE,FALSE,EXCLUDED_SOURCE_ROW,
2026,limesurvey_2026_deidentified.csv,8,24,MA02,MA02,EXCLUDED,LB_HB,MSBS,A,LB,baseline,23,4,4,FALSE,FALSE,FALSE,FALSE,FALSE,EXCLUDED_SOURCE_ROW,
2026,limesurvey_2026_deidentified.csv,8,24,MA02,MA02,EXCLUDED,LB_HB,MSBS,A,LB,baseline,24,4,4,FALSE,FALSE,FALSE,FALSE,FALSE,EXCLUDED_SOURCE_ROW,
2026,limesurvey_2026_deidentified.csv,8,24,MA02,MA02,EXCLUDED,LB_HB,MSBS,A,LB,baseline,28,4,4,FALSE,FALSE,FALSE,FALSE,FALSE,EXCLUDED_SOURCE_ROW,
2026,limesurvey_2026_deidentified.csv,8,24,MA02,MA02,EXCLUDED,LB_HB,MSBS,A,LB,post,01,4,4,FALSE,FALSE,FALSE,FALSE,FALSE,EXCLUDED_SOURCE_ROW,
2026,limesurvey_2026_deidentified.csv,8,24,MA02,MA02,EXCLUDED,LB_HB,MSBS,A,LB,post,03,4,4,FALSE,FALSE,FALSE,FALSE,FALSE,EXCLUDED_SOURCE_ROW,
2026,limesurvey_2026_deidentified.csv,8,24,MA02,MA02,EXCLUDED,LB_HB,MSBS,A,LB,post,09,4,4,FALSE,FALSE,FALSE,FALSE,FALSE,EXCLUDED_SOURCE_ROW,
2026,limesurvey_2026_deidentified.csv,8,24,MA02,MA02,EXCLUDED,LB_HB,MSBS,A,LB,post,10,4,4,FALSE,FALSE,FALSE,FALSE,FALSE,EXCLUDED_SOURCE_ROW,
2026,limesurvey_2026_deidentified.csv,8,24,MA02,MA02,EXCLUDED,LB_HB,MSBS,A,LB,post,22,4,4,FALSE,FALSE,FALSE,FALSE,FALSE,EXCLUDED_SOURCE_ROW,
2026,limesurvey_2026_deidentified.csv,8,24,MA02,MA02,EXCLUDED,LB_HB,MSBS,A,LB,post,23,4,4,FALSE,FALSE,FALSE,FALSE,FALSE,EXCLUDED_SOURCE_ROW,
2026,limesurvey_2026_deidentified.csv,8,24,MA02,MA02,EXCLUDED,LB_HB,MSBS,A,LB,post,24,4,4,FALSE,FALSE,FALSE,FALSE,FALSE,EXCLUDED_SOURCE_ROW,
2026,limesurvey_2026_deidentified.csv,8,24,MA02,MA02,EXCLUDED,LB_HB,MSBS,A,LB,post,28,4,4,FALSE,FALSE,FALSE,FALSE,FALSE,EXCLUDED_SOURCE_ROW,
2026,limesurvey_2026_deidentified.csv,8,24,MA02,MA02,EXCLUDED,LB_HB,SBPS,,,trait,01,4,4,FALSE,FALSE,FALSE,FALSE,FALSE,EXCLUDED_SOURCE_ROW,
2026,limesurvey_2026_deidentified.csv,8,24,MA02,MA02,EXCLUDED,LB_HB,SBPS,,,trait,02,4,4,FALSE,FALSE,FALSE,FALSE,FALSE,EXCLUDED_SOURCE_ROW,
2026,limesurvey_2026_deidentified.csv,8,24,MA02,MA02,EXCLUDED,LB_HB,SBPS,,,trait,03,4,4,FALSE,FALSE,FALSE,FALSE,FALSE,EXCLUDED_SOURCE_ROW,
2026,limesurvey_2026_deidentified.csv,8,24,MA02,MA02,EXCLUDED,LB_HB,SBPS,,,trait,04,4,4,FALSE,FALSE,FALSE,FALSE,FALSE,EXCLUDED_SOURCE_ROW,
2026,limesurvey_2026_deidentified.csv,8,24,MA02,MA02,EXCLUDED,LB_HB,SBPS,,,trait,05,4,4,FALSE,FALSE,FALSE,FALSE,FALSE,EXCLUDED_SOURCE_ROW,
2026,limesurvey_2026_deidentified.csv,8,24,MA02,MA02,EXCLUDED,LB_HB,SBPS,,,trait,06,4,4,FALSE,FALSE,FALSE,FALSE,FALSE,EXCLUDED_SOURCE_ROW,
2026,limesurvey_2026_deidentified.csv,8,24,MA02,MA02,EXCLUDED,LB_HB,SBPS,,,trait,07,4,4,FALSE,FALSE,FALSE,FALSE,FALSE,EXCLUDED_SOURCE_ROW,
2026,limesurvey_2026_deidentified.csv,8,24,MA02,MA02,EXCLUDED,LB_HB,SBPS,,,trait,08,4,4,FALSE,FALSE,FALSE,FALSE,FALSE,EXCLUDED_SOURCE_ROW,
2026,limesurvey_2026_deidentified.csv,4,20,MA03ON12,MA03ON12,EXCLUDED,LB_HB,MSBS,B,HB,baseline,01,1 - stimme überhaupt nicht zu,1,FALSE,FALSE,FALSE,FALSE,FALSE,EXCLUDED_SOURCE_ROW,
2026,limesurvey_2026_deidentified.csv,4,20,MA03ON12,MA03ON12,EXCLUDED,LB_HB,MSBS,B,HB,baseline,03,1 - stimme überhaupt nicht zu,1,FALSE,FALSE,FALSE,FALSE,FALSE,EXCLUDED_SOURCE_ROW,
2026,limesurvey_2026_deidentified.csv,4,20,MA03ON12,MA03ON12,EXCLUDED,LB_HB,MSBS,B,HB,baseline,09,1 - stimme überhaupt nicht zu,1,FALSE,FALSE,FALSE,FALSE,FALSE,EXCLUDED_SOURCE_ROW,
2026,limesurvey_2026_deidentified.csv,4,20,MA03ON12,MA03ON12,EXCLUDED,LB_HB,MSBS,B,HB,baseline,10,1 - stimme überhaupt nicht zu,1,FALSE,FALSE,FALSE,FALSE,FALSE,EXCLUDED_SOURCE_ROW,
2026,limesurvey_2026_deidentified.csv,4,20,MA03ON12,MA03ON12,EXCLUDED,LB_HB,MSBS,B,HB,baseline,22,1 - stimme überhaupt nicht zu,1,FALSE,FALSE,FALSE,FALSE,FALSE,EXCLUDED_SOURCE_ROW,
2026,limesurvey_2026_deidentified.csv,4,20,MA03ON12,MA03ON12,EXCLUDED,LB_HB,MSBS,B,HB,baseline,23,1 - stimme überhaupt nicht zu,1,FALSE,FALSE,FALSE,FALSE,FALSE,EXCLUDED_SOURCE_ROW,
2026,limesurvey_2026_deidentified.csv,4,20,MA03ON12,MA03ON12,EXCLUDED,LB_HB,MSBS,B,HB,baseline,24,1 - stimme überhaupt nicht zu,1,FALSE,FALSE,FALSE,FALSE,FALSE,EXCLUDED_SOURCE_ROW,
2026,limesurvey_2026_deidentified.csv,4,20,MA03ON12,MA03ON12,EXCLUDED,LB_HB,MSBS,B,HB,baseline,28,1 - stimme überhaupt nicht zu,1,FALSE,FALSE,FALSE,FALSE,FALSE,EXCLUDED_SOURCE_ROW,
2026,limesurvey_2026_deidentified.csv,4,20,MA03ON12,MA03ON12,EXCLUDED,LB_HB,MSBS,B,HB,post,01,1 - stimme überhaupt nicht zu,1,FALSE,FALSE,FALSE,FALSE,FALSE,EXCLUDED_SOURCE_ROW,
2026,limesurvey_2026_deidentified.csv,4,20,MA03ON12,MA03ON12,EXCLUDED,LB_HB,MSBS,B,HB,post,03,1 - stimme überhaupt nicht zu,1,FALSE,FALSE,FALSE,FALSE,FALSE,EXCLUDED_SOURCE_ROW,
2026,limesurvey_2026_deidentified.csv,4,20,MA03ON12,MA03ON12,EXCLUDED,LB_HB,MSBS,B,HB,post,09,1 - stimme überhaupt nicht zu,1,FALSE,FALSE,FALSE,FALSE,FALSE,EXCLUDED_SOURCE_ROW,
2026,limesurvey_2026_deidentified.csv,4,20,MA03ON12,MA03ON12,EXCLUDED,LB_HB,MSBS,B,HB,post,10,1 - stimme überhaupt nicht zu,1,FALSE,FALSE,FALSE,FALSE,FALSE,EXCLUDED_SOURCE_ROW,
2026,limesurvey_2026_deidentified.csv,4,20,MA03ON12,MA03ON12,EXCLUDED,LB_HB,MSBS,B,HB,post,22,1 - stimme überhaupt nicht zu,1,FALSE,FALSE,FALSE,FALSE,FALSE,EXCLUDED_SOURCE_ROW,
2026,limesurvey_2026_deidentified.csv,4,20,MA03ON12,MA03ON12,EXCLUDED,LB_HB,MSBS,B,HB,post,23,1 - stimme überhaupt nicht zu,1,FALSE,FALSE,FALSE,FALSE,FALSE,EXCLUDED_SOURCE_ROW,
2026,limesurvey_2026_deidentified.csv,4,20,MA03ON12,MA03ON12,EXCLUDED,LB_HB,MSBS,B,HB,post,24,1 - stimme überhaupt nicht zu,1,FALSE,FALSE,FALSE,FALSE,FALSE,EXCLUDED_SOURCE_ROW,
2026,limesurvey_2026_deidentified.csv,4,20,MA03ON12,MA03ON12,EXCLUDED,LB_HB,MSBS,B,HB,post,28,1 - stimme überhaupt nicht zu,1,FALSE,FALSE,FALSE,FALSE,FALSE,EXCLUDED_SOURCE_ROW,
2026,limesurvey_2026_deidentified.csv,4,20,MA03ON12,MA03ON12,EXCLUDED,LB_HB,MSBS,A,LB,baseline,01,1 - stimme überhaupt nicht zu,1,FALSE,FALSE,FALSE,FALSE,FALSE,EXCLUDED_SOURCE_ROW,
2026,limesurvey_2026_deidentified.csv,4,20,MA03ON12,MA03ON12,EXCLUDED,LB_HB,MSBS,A,LB,baseline,03,1 - stimme überhaupt nicht zu,1,FALSE,FALSE,FALSE,FALSE,FALSE,EXCLUDED_SOURCE_ROW,
2026,limesurvey_2026_deidentified.csv,4,20,MA03ON12,MA03ON12,EXCLUDED,LB_HB,MSBS,A,LB,baseline,09,1 - stimme überhaupt nicht zu,1,FALSE,FALSE,FALSE,FALSE,FALSE,EXCLUDED_SOURCE_ROW,
2026,limesurvey_2026_deidentified.csv,4,20,MA03ON12,MA03ON12,EXCLUDED,LB_HB,MSBS,A,LB,baseline,10,1 - stimme überhaupt nicht zu,1,FALSE,FALSE,FALSE,FALSE,FALSE,EXCLUDED_SOURCE_ROW,
2026,limesurvey_2026_deidentified.csv,4,20,MA03ON12,MA03ON12,EXCLUDED,LB_HB,MSBS,A,LB,baseline,22,1 - stimme überhaupt nicht zu,1,FALSE,FALSE,FALSE,FALSE,FALSE,EXCLUDED_SOURCE_ROW,
2026,limesurvey_2026_deidentified.csv,4,20,MA03ON12,MA03ON12,EXCLUDED,LB_HB,MSBS,A,LB,baseline,23,1 - stimme überhaupt nicht zu,1,FALSE,FALSE,FALSE,FALSE,FALSE,EXCLUDED_SOURCE_ROW,
2026,limesurvey_2026_deidentified.csv,4,20,MA03ON12,MA03ON12,EXCLUDED,LB_HB,MSBS,A,LB,baseline,24,1 - stimme überhaupt nicht zu,1,FALSE,FALSE,FALSE,FALSE,FALSE,EXCLUDED_SOURCE_ROW,
2026,limesurvey_2026_deidentified.csv,4,20,MA03ON12,MA03ON12,EXCLUDED,LB_HB,MSBS,A,LB,baseline,28,1 - stimme überhaupt nicht zu,1,FALSE,FALSE,FALSE,FALSE,FALSE,EXCLUDED_SOURCE_ROW,
2026,limesurvey_2026_deidentified.csv,4,20,MA03ON12,MA03ON12,EXCLUDED,LB_HB,MSBS,A,LB,post,01,1 - stimme überhaupt nicht zu,1,FALSE,FALSE,FALSE,FALSE,FALSE,EXCLUDED_SOURCE_ROW,
2026,limesurvey_2026_deidentified.csv,4,20,MA03ON12,MA03ON12,EXCLUDED,LB_HB,MSBS,A,LB,post,03,1 - stimme überhaupt nicht zu,1,FALSE,FALSE,FALSE,FALSE,FALSE,EXCLUDED_SOURCE_ROW,
2026,limesurvey_2026_deidentified.csv,4,20,MA03ON12,MA03ON12,EXCLUDED,LB_HB,MSBS,A,LB,post,09,1 - stimme überhaupt nicht zu,1,FALSE,FALSE,FALSE,FALSE,FALSE,EXCLUDED_SOURCE_ROW,
2026,limesurvey_2026_deidentified.csv,4,20,MA03ON12,MA03ON12,EXCLUDED,LB_HB,MSBS,A,LB,post,10,1 - stimme überhaupt nicht zu,1,FALSE,FALSE,FALSE,FALSE,FALSE,EXCLUDED_SOURCE_ROW,
2026,limesurvey_2026_deidentified.csv,4,20,MA03ON12,MA03ON12,EXCLUDED,LB_HB,MSBS,A,LB,post,22,1 - stimme überhaupt nicht zu,1,FALSE,FALSE,FALSE,FALSE,FALSE,EXCLUDED_SOURCE_ROW,
2026,limesurvey_2026_deidentified.csv,4,20,MA03ON12,MA03ON12,EXCLUDED,LB_HB,MSBS,A,LB,post,23,1 - stimme überhaupt nicht zu,1,FALSE,FALSE,FALSE,FALSE,FALSE,EXCLUDED_SOURCE_ROW,
2026,limesurvey_2026_deidentified.csv,4,20,MA03ON12,MA03ON12,EXCLUDED,LB_HB,MSBS,A,LB,post,24,1 - stimme überhaupt nicht zu,1,FALSE,FALSE,FALSE,FALSE,FALSE,EXCLUDED_SOURCE_ROW,
2026,limesurvey_2026_deidentified.csv,4,20,MA03ON12,MA03ON12,EXCLUDED,LB_HB,MSBS,A,LB,post,28,1 - stimme überhaupt nicht zu,1,FALSE,FALSE,FALSE,FALSE,FALSE,EXCLUDED_SOURCE_ROW,
2026,limesurvey_2026_deidentified.csv,4,20,MA03ON12,MA03ON12,EXCLUDED,LB_HB,SBPS,,,trait,01,1 - stimme überhaupt nicht zu,1,FALSE,FALSE,FALSE,FALSE,FALSE,EXCLUDED_SOURCE_ROW,
2026,limesurvey_2026_deidentified.csv,4,20,MA03ON12,MA03ON12,EXCLUDED,LB_HB,SBPS,,,trait,02,1 - stimme überhaupt nicht zu,1,FALSE,FALSE,FALSE,FALSE,FALSE,EXCLUDED_SOURCE_ROW,
2026,limesurvey_2026_deidentified.csv,4,20,MA03ON12,MA03ON12,EXCLUDED,LB_HB,SBPS,,,trait,03,1 - stimme überhaupt nicht zu,1,FALSE,FALSE,FALSE,FALSE,FALSE,EXCLUDED_SOURCE_ROW,
2026,limesurvey_2026_deidentified.csv,4,20,MA03ON12,MA03ON12,EXCLUDED,LB_HB,SBPS,,,trait,04,1 - stimme überhaupt nicht zu,1,FALSE,FALSE,FALSE,FALSE,FALSE,EXCLUDED_SOURCE_ROW,
2026,limesurvey_2026_deidentified.csv,4,20,MA03ON12,MA03ON12,EXCLUDED,LB_HB,SBPS,,,trait,05,1 - stimme überhaupt nicht zu,1,FALSE,FALSE,FALSE,FALSE,FALSE,EXCLUDED_SOURCE_ROW,
2026,limesurvey_2026_deidentified.csv,4,20,MA03ON12,MA03ON12,EXCLUDED,LB_HB,SBPS,,,trait,06,1 - stimme überhaupt nicht zu,1,FALSE,FALSE,FALSE,FALSE,FALSE,EXCLUDED_SOURCE_ROW,
2026,limesurvey_2026_deidentified.csv,4,20,MA03ON12,MA03ON12,EXCLUDED,LB_HB,SBPS,,,trait,07,1 - stimme überhaupt nicht zu,1,FALSE,FALSE,FALSE,FALSE,FALSE,EXCLUDED_SOURCE_ROW,
2026,limesurvey_2026_deidentified.csv,4,20,MA03ON12,MA03ON12,EXCLUDED,LB_HB,SBPS,,,trait,08,1 - stimme überhaupt nicht zu,1,FALSE,FALSE,FALSE,FALSE,FALSE,EXCLUDED_SOURCE_ROW,
2026,limesurvey_2026_deidentified.csv,15,33,pilotB,PILOTB,EXCLUDED,HB_LB,MSBS,A,HB,baseline,01,3,3,FALSE,FALSE,FALSE,FALSE,FALSE,EXCLUDED_SOURCE_ROW,
2026,limesurvey_2026_deidentified.csv,15,33,pilotB,PILOTB,EXCLUDED,HB_LB,MSBS,A,HB,baseline,03,3,3,FALSE,FALSE,FALSE,FALSE,FALSE,EXCLUDED_SOURCE_ROW,
2026,limesurvey_2026_deidentified.csv,15,33,pilotB,PILOTB,EXCLUDED,HB_LB,MSBS,A,HB,baseline,09,3,3,FALSE,FALSE,FALSE,FALSE,FALSE,EXCLUDED_SOURCE_ROW,
2026,limesurvey_2026_deidentified.csv,15,33,pilotB,PILOTB,EXCLUDED,HB_LB,MSBS,A,HB,baseline,10,3,3,FALSE,FALSE,FALSE,FALSE,FALSE,EXCLUDED_SOURCE_ROW,
2026,limesurvey_2026_deidentified.csv,15,33,pilotB,PILOTB,EXCLUDED,HB_LB,MSBS,A,HB,baseline,22,3,3,FALSE,FALSE,FALSE,FALSE,FALSE,EXCLUDED_SOURCE_ROW,
2026,limesurvey_2026_deidentified.csv,15,33,pilotB,PILOTB,EXCLUDED,HB_LB,MSBS,A,HB,baseline,23,3,3,FALSE,FALSE,FALSE,FALSE,FALSE,EXCLUDED_SOURCE_ROW,
2026,limesurvey_2026_deidentified.csv,15,33,pilotB,PILOTB,EXCLUDED,HB_LB,MSBS,A,HB,baseline,24,3,3,FALSE,FALSE,FALSE,FALSE,FALSE,EXCLUDED_SOURCE_ROW,
2026,limesurvey_2026_deidentified.csv,15,33,pilotB,PILOTB,EXCLUDED,HB_LB,MSBS,A,HB,baseline,28,3,3,FALSE,FALSE,FALSE,FALSE,FALSE,EXCLUDED_SOURCE_ROW,
2026,limesurvey_2026_deidentified.csv,15,33,pilotB,PILOTB,EXCLUDED,HB_LB,MSBS,A,HB,post,01,1 - stimme überhaupt nicht zu,1,FALSE,FALSE,FALSE,FALSE,FALSE,EXCLUDED_SOURCE_ROW,
2026,limesurvey_2026_deidentified.csv,15,33,pilotB,PILOTB,EXCLUDED,HB_LB,MSBS,A,HB,post,03,1 - stimme überhaupt nicht zu,1,FALSE,FALSE,FALSE,FALSE,FALSE,EXCLUDED_SOURCE_ROW,
2026,limesurvey_2026_deidentified.csv,15,33,pilotB,PILOTB,EXCLUDED,HB_LB,MSBS,A,HB,post,09,1 - stimme überhaupt nicht zu,1,FALSE,FALSE,FALSE,FALSE,FALSE,EXCLUDED_SOURCE_ROW,
2026,limesurvey_2026_deidentified.csv,15,33,pilotB,PILOTB,EXCLUDED,HB_LB,MSBS,A,HB,post,10,1 - stimme überhaupt nicht zu,1,FALSE,FALSE,FALSE,FALSE,FALSE,EXCLUDED_SOURCE_ROW,
2026,limesurvey_2026_deidentified.csv,15,33,pilotB,PILOTB,EXCLUDED,HB_LB,MSBS,A,HB,post,22,1 - stimme überhaupt nicht zu,1,FALSE,FALSE,FALSE,FALSE,FALSE,EXCLUDED_SOURCE_ROW,
2026,limesurvey_2026_deidentified.csv,15,33,pilotB,PILOTB,EXCLUDED,HB_LB,MSBS,A,HB,post,23,1 - stimme überhaupt nicht zu,1,FALSE,FALSE,FALSE,FALSE,FALSE,EXCLUDED_SOURCE_ROW,
2026,limesurvey_2026_deidentified.csv,15,33,pilotB,PILOTB,EXCLUDED,HB_LB,MSBS,A,HB,post,24,1 - stimme überhaupt nicht zu,1,FALSE,FALSE,FALSE,FALSE,FALSE,EXCLUDED_SOURCE_ROW,
2026,limesurvey_2026_deidentified.csv,15,33,pilotB,PILOTB,EXCLUDED,HB_LB,MSBS,A,HB,post,28,1 - stimme überhaupt nicht zu,1,FALSE,FALSE,FALSE,FALSE,FALSE,EXCLUDED_SOURCE_ROW,
2026,limesurvey_2026_deidentified.csv,15,33,pilotB,PILOTB,EXCLUDED,HB_LB,MSBS,B,LB,baseline,01,,,TRUE,FALSE,FALSE,FALSE,FALSE,EXCLUDED_SOURCE_ROW,
2026,limesurvey_2026_deidentified.csv,15,33,pilotB,PILOTB,EXCLUDED,HB_LB,MSBS,B,LB,baseline,03,,,TRUE,FALSE,FALSE,FALSE,FALSE,EXCLUDED_SOURCE_ROW,
2026,limesurvey_2026_deidentified.csv,15,33,pilotB,PILOTB,EXCLUDED,HB_LB,MSBS,B,LB,baseline,09,,,TRUE,FALSE,FALSE,FALSE,FALSE,EXCLUDED_SOURCE_ROW,
2026,limesurvey_2026_deidentified.csv,15,33,pilotB,PILOTB,EXCLUDED,HB_LB,MSBS,B,LB,baseline,10,,,TRUE,FALSE,FALSE,FALSE,FALSE,EXCLUDED_SOURCE_ROW,
2026,limesurvey_2026_deidentified.csv,15,33,pilotB,PILOTB,EXCLUDED,HB_LB,MSBS,B,LB,baseline,22,,,TRUE,FALSE,FALSE,FALSE,FALSE,EXCLUDED_SOURCE_ROW,
2026,limesurvey_2026_deidentified.csv,15,33,pilotB,PILOTB,EXCLUDED,HB_LB,MSBS,B,LB,baseline,23,,,TRUE,FALSE,FALSE,FALSE,FALSE,EXCLUDED_SOURCE_ROW,
2026,limesurvey_2026_deidentified.csv,15,33,pilotB,PILOTB,EXCLUDED,HB_LB,MSBS,B,LB,baseline,24,,,TRUE,FALSE,FALSE,FALSE,FALSE,EXCLUDED_SOURCE_ROW,
2026,limesurvey_2026_deidentified.csv,15,33,pilotB,PILOTB,EXCLUDED,HB_LB,MSBS,B,LB,baseline,28,,,TRUE,FALSE,FALSE,FALSE,FALSE,EXCLUDED_SOURCE_ROW,
2026,limesurvey_2026_deidentified.csv,15,33,pilotB,PILOTB,EXCLUDED,HB_LB,MSBS,B,LB,post,01,,,TRUE,FALSE,FALSE,FALSE,FALSE,EXCLUDED_SOURCE_ROW,
2026,limesurvey_2026_deidentified.csv,15,33,pilotB,PILOTB,EXCLUDED,HB_LB,MSBS,B,LB,post,03,,,TRUE,FALSE,FALSE,FALSE,FALSE,EXCLUDED_SOURCE_ROW,
2026,limesurvey_2026_deidentified.csv,15,33,pilotB,PILOTB,EXCLUDED,HB_LB,MSBS,B,LB,post,09,,,TRUE,FALSE,FALSE,FALSE,FALSE,EXCLUDED_SOURCE_ROW,
2026,limesurvey_2026_deidentified.csv,15,33,pilotB,PILOTB,EXCLUDED,HB_LB,MSBS,B,LB,post,10,,,TRUE,FALSE,FALSE,FALSE,FALSE,EXCLUDED_SOURCE_ROW,
2026,limesurvey_2026_deidentified.csv,15,33,pilotB,PILOTB,EXCLUDED,HB_LB,MSBS,B,LB,post,22,,,TRUE,FALSE,FALSE,FALSE,FALSE,EXCLUDED_SOURCE_ROW,
2026,limesurvey_2026_deidentified.csv,15,33,pilotB,PILOTB,EXCLUDED,HB_LB,MSBS,B,LB,post,23,,,TRUE,FALSE,FALSE,FALSE,FALSE,EXCLUDED_SOURCE_ROW,
2026,limesurvey_2026_deidentified.csv,15,33,pilotB,PILOTB,EXCLUDED,HB_LB,MSBS,B,LB,post,24,,,TRUE,FALSE,FALSE,FALSE,FALSE,EXCLUDED_SOURCE_ROW,
2026,limesurvey_2026_deidentified.csv,15,33,pilotB,PILOTB,EXCLUDED,HB_LB,MSBS,B,LB,post,28,,,TRUE,FALSE,FALSE,FALSE,FALSE,EXCLUDED_SOURCE_ROW,
2026,limesurvey_2026_deidentified.csv,15,33,pilotB,PILOTB,EXCLUDED,HB_LB,SBPS,,,trait,01,2,2,FALSE,FALSE,FALSE,FALSE,FALSE,EXCLUDED_SOURCE_ROW,
2026,limesurvey_2026_deidentified.csv,15,33,pilotB,PILOTB,EXCLUDED,HB_LB,SBPS,,,trait,02,2,2,FALSE,FALSE,FALSE,FALSE,FALSE,EXCLUDED_SOURCE_ROW,
2026,limesurvey_2026_deidentified.csv,15,33,pilotB,PILOTB,EXCLUDED,HB_LB,SBPS,,,trait,03,2,2,FALSE,FALSE,FALSE,FALSE,FALSE,EXCLUDED_SOURCE_ROW,
2026,limesurvey_2026_deidentified.csv,15,33,pilotB,PILOTB,EXCLUDED,HB_LB,SBPS,,,trait,04,2,2,FALSE,FALSE,FALSE,FALSE,FALSE,EXCLUDED_SOURCE_ROW,
2026,limesurvey_2026_deidentified.csv,15,33,pilotB,PILOTB,EXCLUDED,HB_LB,SBPS,,,trait,05,2,2,FALSE,FALSE,FALSE,FALSE,FALSE,EXCLUDED_SOURCE_ROW,
2026,limesurvey_2026_deidentified.csv,15,33,pilotB,PILOTB,EXCLUDED,HB_LB,SBPS,,,trait,06,2,2,FALSE,FALSE,FALSE,FALSE,FALSE,EXCLUDED_SOURCE_ROW,
2026,limesurvey_2026_deidentified.csv,15,33,pilotB,PILOTB,EXCLUDED,HB_LB,SBPS,,,trait,07,2,2,FALSE,FALSE,FALSE,FALSE,FALSE,EXCLUDED_SOURCE_ROW,
2026,limesurvey_2026_deidentified.csv,15,33,pilotB,PILOTB,EXCLUDED,HB_LB,SBPS,,,trait,08,2,2,FALSE,FALSE,FALSE,FALSE,FALSE,EXCLUDED_SOURCE_ROW,
2026,limesurvey_2026_deidentified.csv,10,27,TE00ST00,TE00ST00,EXCLUDED,LB_HB,MSBS,B,HB,baseline,01,1 - stimme überhaupt nicht zu,1,FALSE,FALSE,FALSE,FALSE,FALSE,EXCLUDED_SOURCE_ROW,
2026,limesurvey_2026_deidentified.csv,16,34,TE00ST00,TE00ST00,EXCLUDED,HB_LB,MSBS,A,HB,baseline,01,4,4,FALSE,FALSE,FALSE,FALSE,FALSE,EXCLUDED_SOURCE_ROW,
2026,limesurvey_2026_deidentified.csv,10,27,TE00ST00,TE00ST00,EXCLUDED,LB_HB,MSBS,B,HB,baseline,03,1 - stimme überhaupt nicht zu,1,FALSE,FALSE,FALSE,FALSE,FALSE,EXCLUDED_SOURCE_ROW,
2026,limesurvey_2026_deidentified.csv,16,34,TE00ST00,TE00ST00,EXCLUDED,HB_LB,MSBS,A,HB,baseline,03,5,5,FALSE,FALSE,FALSE,FALSE,FALSE,EXCLUDED_SOURCE_ROW,
2026,limesurvey_2026_deidentified.csv,10,27,TE00ST00,TE00ST00,EXCLUDED,LB_HB,MSBS,B,HB,baseline,09,1 - stimme überhaupt nicht zu,1,FALSE,FALSE,FALSE,FALSE,FALSE,EXCLUDED_SOURCE_ROW,
2026,limesurvey_2026_deidentified.csv,16,34,TE00ST00,TE00ST00,EXCLUDED,HB_LB,MSBS,A,HB,baseline,09,6,6,FALSE,FALSE,FALSE,FALSE,FALSE,EXCLUDED_SOURCE_ROW,
2026,limesurvey_2026_deidentified.csv,10,27,TE00ST00,TE00ST00,EXCLUDED,LB_HB,MSBS,B,HB,baseline,10,1 - stimme überhaupt nicht zu,1,FALSE,FALSE,FALSE,FALSE,FALSE,EXCLUDED_SOURCE_ROW,
2026,limesurvey_2026_deidentified.csv,16,34,TE00ST00,TE00ST00,EXCLUDED,HB_LB,MSBS,A,HB,baseline,10,4,4,FALSE,FALSE,FALSE,FALSE,FALSE,EXCLUDED_SOURCE_ROW,
2026,limesurvey_2026_deidentified.csv,10,27,TE00ST00,TE00ST00,EXCLUDED,LB_HB,MSBS,B,HB,baseline,22,1 - stimme überhaupt nicht zu,1,FALSE,FALSE,FALSE,FALSE,FALSE,EXCLUDED_SOURCE_ROW,
2026,limesurvey_2026_deidentified.csv,16,34,TE00ST00,TE00ST00,EXCLUDED,HB_LB,MSBS,A,HB,baseline,22,3,3,FALSE,FALSE,FALSE,FALSE,FALSE,EXCLUDED_SOURCE_ROW,
2026,limesurvey_2026_deidentified.csv,10,27,TE00ST00,TE00ST00,EXCLUDED,LB_HB,MSBS,B,HB,baseline,23,1 - stimme überhaupt nicht zu,1,FALSE,FALSE,FALSE,FALSE,FALSE,EXCLUDED_SOURCE_ROW,
2026,limesurvey_2026_deidentified.csv,16,34,TE00ST00,TE00ST00,EXCLUDED,HB_LB,MSBS,A,HB,baseline,23,4,4,FALSE,FALSE,FALSE,FALSE,FALSE,EXCLUDED_SOURCE_ROW,
2026,limesurvey_2026_deidentified.csv,10,27,TE00ST00,TE00ST00,EXCLUDED,LB_HB,MSBS,B,HB,baseline,24,1 - stimme überhaupt nicht zu,1,FALSE,FALSE,FALSE,FALSE,FALSE,EXCLUDED_SOURCE_ROW,
2026,limesurvey_2026_deidentified.csv,16,34,TE00ST00,TE00ST00,EXCLUDED,HB_LB,MSBS,A,HB,baseline,24,6,6,FALSE,FALSE,FALSE,FALSE,FALSE,EXCLUDED_SOURCE_ROW,
2026,limesurvey_2026_deidentified.csv,10,27,TE00ST00,TE00ST00,EXCLUDED,LB_HB,MSBS,B,HB,baseline,28,1 - stimme überhaupt nicht zu,1,FALSE,FALSE,FALSE,FALSE,FALSE,EXCLUDED_SOURCE_ROW,
2026,limesurvey_2026_deidentified.csv,16,34,TE00ST00,TE00ST00,EXCLUDED,HB_LB,MSBS,A,HB,baseline,28,5,5,FALSE,FALSE,FALSE,FALSE,FALSE,EXCLUDED_SOURCE_ROW,
2026,limesurvey_2026_deidentified.csv,10,27,TE00ST00,TE00ST00,EXCLUDED,LB_HB,MSBS,B,HB,post,01,4,4,FALSE,FALSE,FALSE,FALSE,FALSE,EXCLUDED_SOURCE_ROW,
2026,limesurvey_2026_deidentified.csv,16,34,TE00ST00,TE00ST00,EXCLUDED,HB_LB,MSBS,A,HB,post,01,6,6,FALSE,FALSE,FALSE,FALSE,FALSE,EXCLUDED_SOURCE_ROW,
2026,limesurvey_2026_deidentified.csv,10,27,TE00ST00,TE00ST00,EXCLUDED,LB_HB,MSBS,B,HB,post,03,4,4,FALSE,FALSE,FALSE,FALSE,FALSE,EXCLUDED_SOURCE_ROW,
2026,limesurvey_2026_deidentified.csv,16,34,TE00ST00,TE00ST00,EXCLUDED,HB_LB,MSBS,A,HB,post,03,7 - stimme voll und ganz zu,7,FALSE,FALSE,FALSE,FALSE,FALSE,EXCLUDED_SOURCE_ROW,
2026,limesurvey_2026_deidentified.csv,10,27,TE00ST00,TE00ST00,EXCLUDED,LB_HB,MSBS,B,HB,post,09,4,4,FALSE,FALSE,FALSE,FALSE,FALSE,EXCLUDED_SOURCE_ROW,
2026,limesurvey_2026_deidentified.csv,16,34,TE00ST00,TE00ST00,EXCLUDED,HB_LB,MSBS,A,HB,post,09,5,5,FALSE,FALSE,FALSE,FALSE,FALSE,EXCLUDED_SOURCE_ROW,
2026,limesurvey_2026_deidentified.csv,10,27,TE00ST00,TE00ST00,EXCLUDED,LB_HB,MSBS,B,HB,post,10,4,4,FALSE,FALSE,FALSE,FALSE,FALSE,EXCLUDED_SOURCE_ROW,
2026,limesurvey_2026_deidentified.csv,16,34,TE00ST00,TE00ST00,EXCLUDED,HB_LB,MSBS,A,HB,post,10,7 - stimme voll und ganz zu,7,FALSE,FALSE,FALSE,FALSE,FALSE,EXCLUDED_SOURCE_ROW,
2026,limesurvey_2026_deidentified.csv,10,27,TE00ST00,TE00ST00,EXCLUDED,LB_HB,MSBS,B,HB,post,22,4,4,FALSE,FALSE,FALSE,FALSE,FALSE,EXCLUDED_SOURCE_ROW,
2026,limesurvey_2026_deidentified.csv,16,34,TE00ST00,TE00ST00,EXCLUDED,HB_LB,MSBS,A,HB,post,22,7 - stimme voll und ganz zu,7,FALSE,FALSE,FALSE,FALSE,FALSE,EXCLUDED_SOURCE_ROW,
2026,limesurvey_2026_deidentified.csv,10,27,TE00ST00,TE00ST00,EXCLUDED,LB_HB,MSBS,B,HB,post,23,4,4,FALSE,FALSE,FALSE,FALSE,FALSE,EXCLUDED_SOURCE_ROW,
2026,limesurvey_2026_deidentified.csv,16,34,TE00ST00,TE00ST00,EXCLUDED,HB_LB,MSBS,A,HB,post,23,7 - stimme voll und ganz zu,7,FALSE,FALSE,FALSE,FALSE,FALSE,EXCLUDED_SOURCE_ROW,
2026,limesurvey_2026_deidentified.csv,10,27,TE00ST00,TE00ST00,EXCLUDED,LB_HB,MSBS,B,HB,post,24,4,4,FALSE,FALSE,FALSE,FALSE,FALSE,EXCLUDED_SOURCE_ROW,
2026,limesurvey_2026_deidentified.csv,16,34,TE00ST00,TE00ST00,EXCLUDED,HB_LB,MSBS,A,HB,post,24,7 - stimme voll und ganz zu,7,FALSE,FALSE,FALSE,FALSE,FALSE,EXCLUDED_SOURCE_ROW,
2026,limesurvey_2026_deidentified.csv,10,27,TE00ST00,TE00ST00,EXCLUDED,LB_HB,MSBS,B,HB,post,28,4,4,FALSE,FALSE,FALSE,FALSE,FALSE,EXCLUDED_SOURCE_ROW,
2026,limesurvey_2026_deidentified.csv,16,34,TE00ST00,TE00ST00,EXCLUDED,HB_LB,MSBS,A,HB,post,28,7 - stimme voll und ganz zu,7,FALSE,FALSE,FALSE,FALSE,FALSE,EXCLUDED_SOURCE_ROW,
2026,limesurvey_2026_deidentified.csv,10,27,TE00ST00,TE00ST00,EXCLUDED,LB_HB,MSBS,A,LB,baseline,01,1 - stimme überhaupt nicht zu,1,FALSE,FALSE,FALSE,FALSE,FALSE,EXCLUDED_SOURCE_ROW,
2026,limesurvey_2026_deidentified.csv,16,34,TE00ST00,TE00ST00,EXCLUDED,HB_LB,MSBS,B,LB,baseline,01,5,5,FALSE,FALSE,FALSE,FALSE,FALSE,EXCLUDED_SOURCE_ROW,
2026,limesurvey_2026_deidentified.csv,10,27,TE00ST00,TE00ST00,EXCLUDED,LB_HB,MSBS,A,LB,baseline,03,1 - stimme überhaupt nicht zu,1,FALSE,FALSE,FALSE,FALSE,FALSE,EXCLUDED_SOURCE_ROW,
2026,limesurvey_2026_deidentified.csv,16,34,TE00ST00,TE00ST00,EXCLUDED,HB_LB,MSBS,B,LB,baseline,03,5,5,FALSE,FALSE,FALSE,FALSE,FALSE,EXCLUDED_SOURCE_ROW,
2026,limesurvey_2026_deidentified.csv,10,27,TE00ST00,TE00ST00,EXCLUDED,LB_HB,MSBS,A,LB,baseline,09,1 - stimme überhaupt nicht zu,1,FALSE,FALSE,FALSE,FALSE,FALSE,EXCLUDED_SOURCE_ROW,
2026,limesurvey_2026_deidentified.csv,16,34,TE00ST00,TE00ST00,EXCLUDED,HB_LB,MSBS,B,LB,baseline,09,7 - stimme voll und ganz zu,7,FALSE,FALSE,FALSE,FALSE,FALSE,EXCLUDED_SOURCE_ROW,
2026,limesurvey_2026_deidentified.csv,10,27,TE00ST00,TE00ST00,EXCLUDED,LB_HB,MSBS,A,LB,baseline,10,1 - stimme überhaupt nicht zu,1,FALSE,FALSE,FALSE,FALSE,FALSE,EXCLUDED_SOURCE_ROW,
2026,limesurvey_2026_deidentified.csv,16,34,TE00ST00,TE00ST00,EXCLUDED,HB_LB,MSBS,B,LB,baseline,10,7 - stimme voll und ganz zu,7,FALSE,FALSE,FALSE,FALSE,FALSE,EXCLUDED_SOURCE_ROW,
2026,limesurvey_2026_deidentified.csv,10,27,TE00ST00,TE00ST00,EXCLUDED,LB_HB,MSBS,A,LB,baseline,22,1 - stimme überhaupt nicht zu,1,FALSE,FALSE,FALSE,FALSE,FALSE,EXCLUDED_SOURCE_ROW,
2026,limesurvey_2026_deidentified.csv,16,34,TE00ST00,TE00ST00,EXCLUDED,HB_LB,MSBS,B,LB,baseline,22,2,2,FALSE,FALSE,FALSE,FALSE,FALSE,EXCLUDED_SOURCE_ROW,
2026,limesurvey_2026_deidentified.csv,10,27,TE00ST00,TE00ST00,EXCLUDED,LB_HB,MSBS,A,LB,baseline,23,1 - stimme überhaupt nicht zu,1,FALSE,FALSE,FALSE,FALSE,FALSE,EXCLUDED_SOURCE_ROW,
2026,limesurvey_2026_deidentified.csv,16,34,TE00ST00,TE00ST00,EXCLUDED,HB_LB,MSBS,B,LB,baseline,23,7 - stimme voll und ganz zu,7,FALSE,FALSE,FALSE,FALSE,FALSE,EXCLUDED_SOURCE_ROW,
2026,limesurvey_2026_deidentified.csv,10,27,TE00ST00,TE00ST00,EXCLUDED,LB_HB,MSBS,A,LB,baseline,24,1 - stimme überhaupt nicht zu,1,FALSE,FALSE,FALSE,FALSE,FALSE,EXCLUDED_SOURCE_ROW,
2026,limesurvey_2026_deidentified.csv,16,34,TE00ST00,TE00ST00,EXCLUDED,HB_LB,MSBS,B,LB,baseline,24,3,3,FALSE,FALSE,FALSE,FALSE,FALSE,EXCLUDED_SOURCE_ROW,
2026,limesurvey_2026_deidentified.csv,10,27,TE00ST00,TE00ST00,EXCLUDED,LB_HB,MSBS,A,LB,baseline,28,1 - stimme überhaupt nicht zu,1,FALSE,FALSE,FALSE,FALSE,FALSE,EXCLUDED_SOURCE_ROW,
2026,limesurvey_2026_deidentified.csv,16,34,TE00ST00,TE00ST00,EXCLUDED,HB_LB,MSBS,B,LB,baseline,28,3,3,FALSE,FALSE,FALSE,FALSE,FALSE,EXCLUDED_SOURCE_ROW,
2026,limesurvey_2026_deidentified.csv,10,27,TE00ST00,TE00ST00,EXCLUDED,LB_HB,MSBS,A,LB,post,01,4,4,FALSE,FALSE,FALSE,FALSE,FALSE,EXCLUDED_SOURCE_ROW,
2026,limesurvey_2026_deidentified.csv,16,34,TE00ST00,TE00ST00,EXCLUDED,HB_LB,MSBS,B,LB,post,01,,,TRUE,FALSE,FALSE,FALSE,FALSE,EXCLUDED_SOURCE_ROW,
2026,limesurvey_2026_deidentified.csv,10,27,TE00ST00,TE00ST00,EXCLUDED,LB_HB,MSBS,A,LB,post,03,4,4,FALSE,FALSE,FALSE,FALSE,FALSE,EXCLUDED_SOURCE_ROW,
2026,limesurvey_2026_deidentified.csv,16,34,TE00ST00,TE00ST00,EXCLUDED,HB_LB,MSBS,B,LB,post,03,,,TRUE,FALSE,FALSE,FALSE,FALSE,EXCLUDED_SOURCE_ROW,
2026,limesurvey_2026_deidentified.csv,10,27,TE00ST00,TE00ST00,EXCLUDED,LB_HB,MSBS,A,LB,post,09,4,4,FALSE,FALSE,FALSE,FALSE,FALSE,EXCLUDED_SOURCE_ROW,
2026,limesurvey_2026_deidentified.csv,16,34,TE00ST00,TE00ST00,EXCLUDED,HB_LB,MSBS,B,LB,post,09,,,TRUE,FALSE,FALSE,FALSE,FALSE,EXCLUDED_SOURCE_ROW,
2026,limesurvey_2026_deidentified.csv,10,27,TE00ST00,TE00ST00,EXCLUDED,LB_HB,MSBS,A,LB,post,10,4,4,FALSE,FALSE,FALSE,FALSE,FALSE,EXCLUDED_SOURCE_ROW,
2026,limesurvey_2026_deidentified.csv,16,34,TE00ST00,TE00ST00,EXCLUDED,HB_LB,MSBS,B,LB,post,10,,,TRUE,FALSE,FALSE,FALSE,FALSE,EXCLUDED_SOURCE_ROW,
2026,limesurvey_2026_deidentified.csv,10,27,TE00ST00,TE00ST00,EXCLUDED,LB_HB,MSBS,A,LB,post,22,4,4,FALSE,FALSE,FALSE,FALSE,FALSE,EXCLUDED_SOURCE_ROW,
2026,limesurvey_2026_deidentified.csv,16,34,TE00ST00,TE00ST00,EXCLUDED,HB_LB,MSBS,B,LB,post,22,,,TRUE,FALSE,FALSE,FALSE,FALSE,EXCLUDED_SOURCE_ROW,
2026,limesurvey_2026_deidentified.csv,10,27,TE00ST00,TE00ST00,EXCLUDED,LB_HB,MSBS,A,LB,post,23,4,4,FALSE,FALSE,FALSE,FALSE,FALSE,EXCLUDED_SOURCE_ROW,
2026,limesurvey_2026_deidentified.csv,16,34,TE00ST00,TE00ST00,EXCLUDED,HB_LB,MSBS,B,LB,post,23,,,TRUE,FALSE,FALSE,FALSE,FALSE,EXCLUDED_SOURCE_ROW,
2026,limesurvey_2026_deidentified.csv,10,27,TE00ST00,TE00ST00,EXCLUDED,LB_HB,MSBS,A,LB,post,24,4,4,FALSE,FALSE,FALSE,FALSE,FALSE,EXCLUDED_SOURCE_ROW,
2026,limesurvey_2026_deidentified.csv,16,34,TE00ST00,TE00ST00,EXCLUDED,HB_LB,MSBS,B,LB,post,24,,,TRUE,FALSE,FALSE,FALSE,FALSE,EXCLUDED_SOURCE_ROW,
2026,limesurvey_2026_deidentified.csv,10,27,TE00ST00,TE00ST00,EXCLUDED,LB_HB,MSBS,A,LB,post,28,4,4,FALSE,FALSE,FALSE,FALSE,FALSE,EXCLUDED_SOURCE_ROW,
2026,limesurvey_2026_deidentified.csv,16,34,TE00ST00,TE00ST00,EXCLUDED,HB_LB,MSBS,B,LB,post,28,,,TRUE,FALSE,FALSE,FALSE,FALSE,EXCLUDED_SOURCE_ROW,
2026,limesurvey_2026_deidentified.csv,10,27,TE00ST00,TE00ST00,EXCLUDED,LB_HB,SBPS,,,trait,01,1 - stimme überhaupt nicht zu,1,FALSE,FALSE,FALSE,FALSE,FALSE,EXCLUDED_SOURCE_ROW,
2026,limesurvey_2026_deidentified.csv,16,34,TE00ST00,TE00ST00,EXCLUDED,HB_LB,SBPS,,,trait,01,6,6,FALSE,FALSE,FALSE,FALSE,FALSE,EXCLUDED_SOURCE_ROW,
2026,limesurvey_2026_deidentified.csv,10,27,TE00ST00,TE00ST00,EXCLUDED,LB_HB,SBPS,,,trait,02,1 - stimme überhaupt nicht zu,1,FALSE,FALSE,FALSE,FALSE,FALSE,EXCLUDED_SOURCE_ROW,
2026,limesurvey_2026_deidentified.csv,16,34,TE00ST00,TE00ST00,EXCLUDED,HB_LB,SBPS,,,trait,02,5,5,FALSE,FALSE,FALSE,FALSE,FALSE,EXCLUDED_SOURCE_ROW,
2026,limesurvey_2026_deidentified.csv,10,27,TE00ST00,TE00ST00,EXCLUDED,LB_HB,SBPS,,,trait,03,1 - stimme überhaupt nicht zu,1,FALSE,FALSE,FALSE,FALSE,FALSE,EXCLUDED_SOURCE_ROW,
2026,limesurvey_2026_deidentified.csv,16,34,TE00ST00,TE00ST00,EXCLUDED,HB_LB,SBPS,,,trait,03,6,6,FALSE,FALSE,FALSE,FALSE,FALSE,EXCLUDED_SOURCE_ROW,
2026,limesurvey_2026_deidentified.csv,10,27,TE00ST00,TE00ST00,EXCLUDED,LB_HB,SBPS,,,trait,04,1 - stimme überhaupt nicht zu,1,FALSE,FALSE,FALSE,FALSE,FALSE,EXCLUDED_SOURCE_ROW,
2026,limesurvey_2026_deidentified.csv,16,34,TE00ST00,TE00ST00,EXCLUDED,HB_LB,SBPS,,,trait,04,6,6,FALSE,FALSE,FALSE,FALSE,FALSE,EXCLUDED_SOURCE_ROW,
2026,limesurvey_2026_deidentified.csv,10,27,TE00ST00,TE00ST00,EXCLUDED,LB_HB,SBPS,,,trait,05,1 - stimme überhaupt nicht zu,1,FALSE,FALSE,FALSE,FALSE,FALSE,EXCLUDED_SOURCE_ROW,
2026,limesurvey_2026_deidentified.csv,16,34,TE00ST00,TE00ST00,EXCLUDED,HB_LB,SBPS,,,trait,05,4,4,FALSE,FALSE,FALSE,FALSE,FALSE,EXCLUDED_SOURCE_ROW,
2026,limesurvey_2026_deidentified.csv,10,27,TE00ST00,TE00ST00,EXCLUDED,LB_HB,SBPS,,,trait,06,1 - stimme überhaupt nicht zu,1,FALSE,FALSE,FALSE,FALSE,FALSE,EXCLUDED_SOURCE_ROW,
2026,limesurvey_2026_deidentified.csv,16,34,TE00ST00,TE00ST00,EXCLUDED,HB_LB,SBPS,,,trait,06,5,5,FALSE,FALSE,FALSE,FALSE,FALSE,EXCLUDED_SOURCE_ROW,
2026,limesurvey_2026_deidentified.csv,10,27,TE00ST00,TE00ST00,EXCLUDED,LB_HB,SBPS,,,trait,07,1 - stimme überhaupt nicht zu,1,FALSE,FALSE,FALSE,FALSE,FALSE,EXCLUDED_SOURCE_ROW,
2026,limesurvey_2026_deidentified.csv,16,34,TE00ST00,TE00ST00,EXCLUDED,HB_LB,SBPS,,,trait,07,5,5,FALSE,FALSE,FALSE,FALSE,FALSE,EXCLUDED_SOURCE_ROW,
2026,limesurvey_2026_deidentified.csv,10,27,TE00ST00,TE00ST00,EXCLUDED,LB_HB,SBPS,,,trait,08,1 - stimme überhaupt nicht zu,1,FALSE,FALSE,FALSE,FALSE,FALSE,EXCLUDED_SOURCE_ROW,
2026,limesurvey_2026_deidentified.csv,16,34,TE00ST00,TE00ST00,EXCLUDED,HB_LB,SBPS,,,trait,08,3,3,FALSE,FALSE,FALSE,FALSE,FALSE,EXCLUDED_SOURCE_ROW,
2024,limesurvey_2024_deidentified.csv,2,18,TEST,TEST,EXCLUDED,LB_HB,MSBS,B,HB,baseline,01,1 - stimme überhaupt nicht zu,1,FALSE,FALSE,FALSE,FALSE,FALSE,EXCLUDED_SOURCE_ROW,
2024,limesurvey_2024_deidentified.csv,2,18,TEST,TEST,EXCLUDED,LB_HB,MSBS,B,HB,baseline,03,2,2,FALSE,FALSE,FALSE,FALSE,FALSE,EXCLUDED_SOURCE_ROW,
2024,limesurvey_2024_deidentified.csv,2,18,TEST,TEST,EXCLUDED,LB_HB,MSBS,B,HB,baseline,09,2,2,FALSE,FALSE,FALSE,FALSE,FALSE,EXCLUDED_SOURCE_ROW,
2024,limesurvey_2024_deidentified.csv,2,18,TEST,TEST,EXCLUDED,LB_HB,MSBS,B,HB,baseline,10,2,2,FALSE,FALSE,FALSE,FALSE,FALSE,EXCLUDED_SOURCE_ROW,
2024,limesurvey_2024_deidentified.csv,2,18,TEST,TEST,EXCLUDED,LB_HB,MSBS,B,HB,baseline,22,2,2,FALSE,FALSE,FALSE,FALSE,FALSE,EXCLUDED_SOURCE_ROW,
2024,limesurvey_2024_deidentified.csv,2,18,TEST,TEST,EXCLUDED,LB_HB,MSBS,B,HB,baseline,23,2,2,FALSE,FALSE,FALSE,FALSE,FALSE,EXCLUDED_SOURCE_ROW,
2024,limesurvey_2024_deidentified.csv,2,18,TEST,TEST,EXCLUDED,LB_HB,MSBS,B,HB,baseline,24,2,2,FALSE,FALSE,FALSE,FALSE,FALSE,EXCLUDED_SOURCE_ROW,
2024,limesurvey_2024_deidentified.csv,2,18,TEST,TEST,EXCLUDED,LB_HB,MSBS,B,HB,baseline,28,2,2,FALSE,FALSE,FALSE,FALSE,FALSE,EXCLUDED_SOURCE_ROW,
2024,limesurvey_2024_deidentified.csv,2,18,TEST,TEST,EXCLUDED,LB_HB,MSBS,B,HB,post,01,1 - stimme überhaupt nicht zu,1,FALSE,FALSE,FALSE,FALSE,FALSE,EXCLUDED_SOURCE_ROW,
2024,limesurvey_2024_deidentified.csv,2,18,TEST,TEST,EXCLUDED,LB_HB,MSBS,B,HB,post,03,2,2,FALSE,FALSE,FALSE,FALSE,FALSE,EXCLUDED_SOURCE_ROW,
2024,limesurvey_2024_deidentified.csv,2,18,TEST,TEST,EXCLUDED,LB_HB,MSBS,B,HB,post,09,2,2,FALSE,FALSE,FALSE,FALSE,FALSE,EXCLUDED_SOURCE_ROW,
2024,limesurvey_2024_deidentified.csv,2,18,TEST,TEST,EXCLUDED,LB_HB,MSBS,B,HB,post,10,2,2,FALSE,FALSE,FALSE,FALSE,FALSE,EXCLUDED_SOURCE_ROW,
2024,limesurvey_2024_deidentified.csv,2,18,TEST,TEST,EXCLUDED,LB_HB,MSBS,B,HB,post,22,2,2,FALSE,FALSE,FALSE,FALSE,FALSE,EXCLUDED_SOURCE_ROW,
2024,limesurvey_2024_deidentified.csv,2,18,TEST,TEST,EXCLUDED,LB_HB,MSBS,B,HB,post,23,2,2,FALSE,FALSE,FALSE,FALSE,FALSE,EXCLUDED_SOURCE_ROW,
2024,limesurvey_2024_deidentified.csv,2,18,TEST,TEST,EXCLUDED,LB_HB,MSBS,B,HB,post,24,2,2,FALSE,FALSE,FALSE,FALSE,FALSE,EXCLUDED_SOURCE_ROW,
2024,limesurvey_2024_deidentified.csv,2,18,TEST,TEST,EXCLUDED,LB_HB,MSBS,B,HB,post,28,2,2,FALSE,FALSE,FALSE,FALSE,FALSE,EXCLUDED_SOURCE_ROW,
2024,limesurvey_2024_deidentified.csv,2,18,TEST,TEST,EXCLUDED,LB_HB,MSBS,A,LB,baseline,01,1 - stimme überhaupt nicht zu,1,FALSE,FALSE,FALSE,FALSE,FALSE,EXCLUDED_SOURCE_ROW,
2024,limesurvey_2024_deidentified.csv,2,18,TEST,TEST,EXCLUDED,LB_HB,MSBS,A,LB,baseline,03,2,2,FALSE,FALSE,FALSE,FALSE,FALSE,EXCLUDED_SOURCE_ROW,
2024,limesurvey_2024_deidentified.csv,2,18,TEST,TEST,EXCLUDED,LB_HB,MSBS,A,LB,baseline,09,2,2,FALSE,FALSE,FALSE,FALSE,FALSE,EXCLUDED_SOURCE_ROW,
2024,limesurvey_2024_deidentified.csv,2,18,TEST,TEST,EXCLUDED,LB_HB,MSBS,A,LB,baseline,10,2,2,FALSE,FALSE,FALSE,FALSE,FALSE,EXCLUDED_SOURCE_ROW,
2024,limesurvey_2024_deidentified.csv,2,18,TEST,TEST,EXCLUDED,LB_HB,MSBS,A,LB,baseline,22,2,2,FALSE,FALSE,FALSE,FALSE,FALSE,EXCLUDED_SOURCE_ROW,
2024,limesurvey_2024_deidentified.csv,2,18,TEST,TEST,EXCLUDED,LB_HB,MSBS,A,LB,baseline,23,2,2,FALSE,FALSE,FALSE,FALSE,FALSE,EXCLUDED_SOURCE_ROW,
2024,limesurvey_2024_deidentified.csv,2,18,TEST,TEST,EXCLUDED,LB_HB,MSBS,A,LB,baseline,24,2,2,FALSE,FALSE,FALSE,FALSE,FALSE,EXCLUDED_SOURCE_ROW,
2024,limesurvey_2024_deidentified.csv,2,18,TEST,TEST,EXCLUDED,LB_HB,MSBS,A,LB,baseline,28,2,2,FALSE,FALSE,FALSE,FALSE,FALSE,EXCLUDED_SOURCE_ROW,
2024,limesurvey_2024_deidentified.csv,2,18,TEST,TEST,EXCLUDED,LB_HB,MSBS,A,LB,post,01,1 - stimme überhaupt nicht zu,1,FALSE,FALSE,FALSE,FALSE,FALSE,EXCLUDED_SOURCE_ROW,
2024,limesurvey_2024_deidentified.csv,2,18,TEST,TEST,EXCLUDED,LB_HB,MSBS,A,LB,post,03,4,4,FALSE,FALSE,FALSE,FALSE,FALSE,EXCLUDED_SOURCE_ROW,
2024,limesurvey_2024_deidentified.csv,2,18,TEST,TEST,EXCLUDED,LB_HB,MSBS,A,LB,post,09,2,2,FALSE,FALSE,FALSE,FALSE,FALSE,EXCLUDED_SOURCE_ROW,
2024,limesurvey_2024_deidentified.csv,2,18,TEST,TEST,EXCLUDED,LB_HB,MSBS,A,LB,post,10,2,2,FALSE,FALSE,FALSE,FALSE,FALSE,EXCLUDED_SOURCE_ROW,
2024,limesurvey_2024_deidentified.csv,2,18,TEST,TEST,EXCLUDED,LB_HB,MSBS,A,LB,post,22,2,2,FALSE,FALSE,FALSE,FALSE,FALSE,EXCLUDED_SOURCE_ROW,
2024,limesurvey_2024_deidentified.csv,2,18,TEST,TEST,EXCLUDED,LB_HB,MSBS,A,LB,post,23,2,2,FALSE,FALSE,FALSE,FALSE,FALSE,EXCLUDED_SOURCE_ROW,
2024,limesurvey_2024_deidentified.csv,2,18,TEST,TEST,EXCLUDED,LB_HB,MSBS,A,LB,post,24,2,2,FALSE,FALSE,FALSE,FALSE,FALSE,EXCLUDED_SOURCE_ROW,
2024,limesurvey_2024_deidentified.csv,2,18,TEST,TEST,EXCLUDED,LB_HB,MSBS,A,LB,post,28,2,2,FALSE,FALSE,FALSE,FALSE,FALSE,EXCLUDED_SOURCE_ROW,
2024,limesurvey_2024_deidentified.csv,2,18,TEST,TEST,EXCLUDED,LB_HB,SBPS,,,trait,01,1 - stimme überhaupt nicht zu,1,FALSE,FALSE,FALSE,FALSE,FALSE,EXCLUDED_SOURCE_ROW,
2024,limesurvey_2024_deidentified.csv,2,18,TEST,TEST,EXCLUDED,LB_HB,SBPS,,,trait,02,1 - stimme überhaupt nicht zu,1,FALSE,FALSE,FALSE,FALSE,FALSE,EXCLUDED_SOURCE_ROW,
2024,limesurvey_2024_deidentified.csv,2,18,TEST,TEST,EXCLUDED,LB_HB,SBPS,,,trait,03,2,2,FALSE,FALSE,FALSE,FALSE,FALSE,EXCLUDED_SOURCE_ROW,
2024,limesurvey_2024_deidentified.csv,2,18,TEST,TEST,EXCLUDED,LB_HB,SBPS,,,trait,04,2,2,FALSE,FALSE,FALSE,FALSE,FALSE,EXCLUDED_SOURCE_ROW,
2024,limesurvey_2024_deidentified.csv,2,18,TEST,TEST,EXCLUDED,LB_HB,SBPS,,,trait,05,2,2,FALSE,FALSE,FALSE,FALSE,FALSE,EXCLUDED_SOURCE_ROW,
2024,limesurvey_2024_deidentified.csv,2,18,TEST,TEST,EXCLUDED,LB_HB,SBPS,,,trait,06,2,2,FALSE,FALSE,FALSE,FALSE,FALSE,EXCLUDED_SOURCE_ROW,
2024,limesurvey_2024_deidentified.csv,2,18,TEST,TEST,EXCLUDED,LB_HB,SBPS,,,trait,07,2,2,FALSE,FALSE,FALSE,FALSE,FALSE,EXCLUDED_SOURCE_ROW,
2024,limesurvey_2024_deidentified.csv,2,18,TEST,TEST,EXCLUDED,LB_HB,SBPS,,,trait,08,2,2,FALSE,FALSE,FALSE,FALSE,FALSE,EXCLUDED_SOURCE_ROW,
2024,limesurvey_2024_deidentified.csv,31,43,TESTJS,TESTJS,EXCLUDED,LB_HB,MSBS,B,HB,baseline,01,3,3,FALSE,FALSE,FALSE,FALSE,FALSE,EXCLUDED_SOURCE_ROW,
2024,limesurvey_2024_deidentified.csv,31,43,TESTJS,TESTJS,EXCLUDED,LB_HB,MSBS,B,HB,baseline,03,2,2,FALSE,FALSE,FALSE,FALSE,FALSE,EXCLUDED_SOURCE_ROW,
2024,limesurvey_2024_deidentified.csv,31,43,TESTJS,TESTJS,EXCLUDED,LB_HB,MSBS,B,HB,baseline,09,2,2,FALSE,FALSE,FALSE,FALSE,FALSE,EXCLUDED_SOURCE_ROW,
2024,limesurvey_2024_deidentified.csv,31,43,TESTJS,TESTJS,EXCLUDED,LB_HB,MSBS,B,HB,baseline,10,2,2,FALSE,FALSE,FALSE,FALSE,FALSE,EXCLUDED_SOURCE_ROW,
2024,limesurvey_2024_deidentified.csv,31,43,TESTJS,TESTJS,EXCLUDED,LB_HB,MSBS,B,HB,baseline,22,3,3,FALSE,FALSE,FALSE,FALSE,FALSE,EXCLUDED_SOURCE_ROW,
2024,limesurvey_2024_deidentified.csv,31,43,TESTJS,TESTJS,EXCLUDED,LB_HB,MSBS,B,HB,baseline,23,3,3,FALSE,FALSE,FALSE,FALSE,FALSE,EXCLUDED_SOURCE_ROW,
2024,limesurvey_2024_deidentified.csv,31,43,TESTJS,TESTJS,EXCLUDED,LB_HB,MSBS,B,HB,baseline,24,2,2,FALSE,FALSE,FALSE,FALSE,FALSE,EXCLUDED_SOURCE_ROW,
2024,limesurvey_2024_deidentified.csv,31,43,TESTJS,TESTJS,EXCLUDED,LB_HB,MSBS,B,HB,baseline,28,3,3,FALSE,FALSE,FALSE,FALSE,FALSE,EXCLUDED_SOURCE_ROW,
2024,limesurvey_2024_deidentified.csv,31,43,TESTJS,TESTJS,EXCLUDED,LB_HB,MSBS,B,HB,post,01,1 - stimme überhaupt nicht zu,1,FALSE,FALSE,FALSE,FALSE,FALSE,EXCLUDED_SOURCE_ROW,
2024,limesurvey_2024_deidentified.csv,31,43,TESTJS,TESTJS,EXCLUDED,LB_HB,MSBS,B,HB,post,03,2,2,FALSE,FALSE,FALSE,FALSE,FALSE,EXCLUDED_SOURCE_ROW,
2024,limesurvey_2024_deidentified.csv,31,43,TESTJS,TESTJS,EXCLUDED,LB_HB,MSBS,B,HB,post,09,2,2,FALSE,FALSE,FALSE,FALSE,FALSE,EXCLUDED_SOURCE_ROW,
2024,limesurvey_2024_deidentified.csv,31,43,TESTJS,TESTJS,EXCLUDED,LB_HB,MSBS,B,HB,post,10,3,3,FALSE,FALSE,FALSE,FALSE,FALSE,EXCLUDED_SOURCE_ROW,
2024,limesurvey_2024_deidentified.csv,31,43,TESTJS,TESTJS,EXCLUDED,LB_HB,MSBS,B,HB,post,22,3,3,FALSE,FALSE,FALSE,FALSE,FALSE,EXCLUDED_SOURCE_ROW,
2024,limesurvey_2024_deidentified.csv,31,43,TESTJS,TESTJS,EXCLUDED,LB_HB,MSBS,B,HB,post,23,2,2,FALSE,FALSE,FALSE,FALSE,FALSE,EXCLUDED_SOURCE_ROW,
2024,limesurvey_2024_deidentified.csv,31,43,TESTJS,TESTJS,EXCLUDED,LB_HB,MSBS,B,HB,post,24,2,2,FALSE,FALSE,FALSE,FALSE,FALSE,EXCLUDED_SOURCE_ROW,
2024,limesurvey_2024_deidentified.csv,31,43,TESTJS,TESTJS,EXCLUDED,LB_HB,MSBS,B,HB,post,28,3,3,FALSE,FALSE,FALSE,FALSE,FALSE,EXCLUDED_SOURCE_ROW,
2024,limesurvey_2024_deidentified.csv,31,43,TESTJS,TESTJS,EXCLUDED,LB_HB,MSBS,A,LB,baseline,01,1 - stimme überhaupt nicht zu,1,FALSE,FALSE,FALSE,FALSE,FALSE,EXCLUDED_SOURCE_ROW,
2024,limesurvey_2024_deidentified.csv,31,43,TESTJS,TESTJS,EXCLUDED,LB_HB,MSBS,A,LB,baseline,03,1 - stimme überhaupt nicht zu,1,FALSE,FALSE,FALSE,FALSE,FALSE,EXCLUDED_SOURCE_ROW,
2024,limesurvey_2024_deidentified.csv,31,43,TESTJS,TESTJS,EXCLUDED,LB_HB,MSBS,A,LB,baseline,09,2,2,FALSE,FALSE,FALSE,FALSE,FALSE,EXCLUDED_SOURCE_ROW,
2024,limesurvey_2024_deidentified.csv,31,43,TESTJS,TESTJS,EXCLUDED,LB_HB,MSBS,A,LB,baseline,10,1 - stimme überhaupt nicht zu,1,FALSE,FALSE,FALSE,FALSE,FALSE,EXCLUDED_SOURCE_ROW,
2024,limesurvey_2024_deidentified.csv,31,43,TESTJS,TESTJS,EXCLUDED,LB_HB,MSBS,A,LB,baseline,22,2,2,FALSE,FALSE,FALSE,FALSE,FALSE,EXCLUDED_SOURCE_ROW,
2024,limesurvey_2024_deidentified.csv,31,43,TESTJS,TESTJS,EXCLUDED,LB_HB,MSBS,A,LB,baseline,23,1 - stimme überhaupt nicht zu,1,FALSE,FALSE,FALSE,FALSE,FALSE,EXCLUDED_SOURCE_ROW,
2024,limesurvey_2024_deidentified.csv,31,43,TESTJS,TESTJS,EXCLUDED,LB_HB,MSBS,A,LB,baseline,24,2,2,FALSE,FALSE,FALSE,FALSE,FALSE,EXCLUDED_SOURCE_ROW,
2024,limesurvey_2024_deidentified.csv,31,43,TESTJS,TESTJS,EXCLUDED,LB_HB,MSBS,A,LB,baseline,28,2,2,FALSE,FALSE,FALSE,FALSE,FALSE,EXCLUDED_SOURCE_ROW,
2024,limesurvey_2024_deidentified.csv,31,43,TESTJS,TESTJS,EXCLUDED,LB_HB,MSBS,A,LB,post,01,1 - stimme überhaupt nicht zu,1,FALSE,FALSE,FALSE,FALSE,FALSE,EXCLUDED_SOURCE_ROW,
2024,limesurvey_2024_deidentified.csv,31,43,TESTJS,TESTJS,EXCLUDED,LB_HB,MSBS,A,LB,post,03,2,2,FALSE,FALSE,FALSE,FALSE,FALSE,EXCLUDED_SOURCE_ROW,
2024,limesurvey_2024_deidentified.csv,31,43,TESTJS,TESTJS,EXCLUDED,LB_HB,MSBS,A,LB,post,09,2,2,FALSE,FALSE,FALSE,FALSE,FALSE,EXCLUDED_SOURCE_ROW,
2024,limesurvey_2024_deidentified.csv,31,43,TESTJS,TESTJS,EXCLUDED,LB_HB,MSBS,A,LB,post,10,2,2,FALSE,FALSE,FALSE,FALSE,FALSE,EXCLUDED_SOURCE_ROW,
2024,limesurvey_2024_deidentified.csv,31,43,TESTJS,TESTJS,EXCLUDED,LB_HB,MSBS,A,LB,post,22,2,2,FALSE,FALSE,FALSE,FALSE,FALSE,EXCLUDED_SOURCE_ROW,
2024,limesurvey_2024_deidentified.csv,31,43,TESTJS,TESTJS,EXCLUDED,LB_HB,MSBS,A,LB,post,23,1 - stimme überhaupt nicht zu,1,FALSE,FALSE,FALSE,FALSE,FALSE,EXCLUDED_SOURCE_ROW,
2024,limesurvey_2024_deidentified.csv,31,43,TESTJS,TESTJS,EXCLUDED,LB_HB,MSBS,A,LB,post,24,2,2,FALSE,FALSE,FALSE,FALSE,FALSE,EXCLUDED_SOURCE_ROW,
2024,limesurvey_2024_deidentified.csv,31,43,TESTJS,TESTJS,EXCLUDED,LB_HB,MSBS,A,LB,post,28,2,2,FALSE,FALSE,FALSE,FALSE,FALSE,EXCLUDED_SOURCE_ROW,
2024,limesurvey_2024_deidentified.csv,31,43,TESTJS,TESTJS,EXCLUDED,LB_HB,SBPS,,,trait,01,1 - stimme überhaupt nicht zu,1,FALSE,FALSE,FALSE,FALSE,FALSE,EXCLUDED_SOURCE_ROW,
2024,limesurvey_2024_deidentified.csv,31,43,TESTJS,TESTJS,EXCLUDED,LB_HB,SBPS,,,trait,02,1 - stimme überhaupt nicht zu,1,FALSE,FALSE,FALSE,FALSE,FALSE,EXCLUDED_SOURCE_ROW,
2024,limesurvey_2024_deidentified.csv,31,43,TESTJS,TESTJS,EXCLUDED,LB_HB,SBPS,,,trait,03,2,2,FALSE,FALSE,FALSE,FALSE,FALSE,EXCLUDED_SOURCE_ROW,
2024,limesurvey_2024_deidentified.csv,31,43,TESTJS,TESTJS,EXCLUDED,LB_HB,SBPS,,,trait,04,1 - stimme überhaupt nicht zu,1,FALSE,FALSE,FALSE,FALSE,FALSE,EXCLUDED_SOURCE_ROW,
2024,limesurvey_2024_deidentified.csv,31,43,TESTJS,TESTJS,EXCLUDED,LB_HB,SBPS,,,trait,05,2,2,FALSE,FALSE,FALSE,FALSE,FALSE,EXCLUDED_SOURCE_ROW,
2024,limesurvey_2024_deidentified.csv,31,43,TESTJS,TESTJS,EXCLUDED,LB_HB,SBPS,,,trait,06,1 - stimme überhaupt nicht zu,1,FALSE,FALSE,FALSE,FALSE,FALSE,EXCLUDED_SOURCE_ROW,
2024,limesurvey_2024_deidentified.csv,31,43,TESTJS,TESTJS,EXCLUDED,LB_HB,SBPS,,,trait,07,1 - stimme überhaupt nicht zu,1,FALSE,FALSE,FALSE,FALSE,FALSE,EXCLUDED_SOURCE_ROW,
2024,limesurvey_2024_deidentified.csv,31,43,TESTJS,TESTJS,EXCLUDED,LB_HB,SBPS,,,trait,08,2,2,FALSE,FALSE,FALSE,FALSE,FALSE,EXCLUDED_SOURCE_ROW,
2026,limesurvey_2026_deidentified.csv,14,32,TR00IAL,TR00IAL,EXCLUDED,LB_HB,MSBS,B,HB,baseline,01,4,4,FALSE,FALSE,FALSE,FALSE,FALSE,EXCLUDED_SOURCE_ROW,
2026,limesurvey_2026_deidentified.csv,14,32,TR00IAL,TR00IAL,EXCLUDED,LB_HB,MSBS,B,HB,baseline,03,4,4,FALSE,FALSE,FALSE,FALSE,FALSE,EXCLUDED_SOURCE_ROW,
2026,limesurvey_2026_deidentified.csv,14,32,TR00IAL,TR00IAL,EXCLUDED,LB_HB,MSBS,B,HB,baseline,09,4,4,FALSE,FALSE,FALSE,FALSE,FALSE,EXCLUDED_SOURCE_ROW,
2026,limesurvey_2026_deidentified.csv,14,32,TR00IAL,TR00IAL,EXCLUDED,LB_HB,MSBS,B,HB,baseline,10,4,4,FALSE,FALSE,FALSE,FALSE,FALSE,EXCLUDED_SOURCE_ROW,
2026,limesurvey_2026_deidentified.csv,14,32,TR00IAL,TR00IAL,EXCLUDED,LB_HB,MSBS,B,HB,baseline,22,4,4,FALSE,FALSE,FALSE,FALSE,FALSE,EXCLUDED_SOURCE_ROW,
2026,limesurvey_2026_deidentified.csv,14,32,TR00IAL,TR00IAL,EXCLUDED,LB_HB,MSBS,B,HB,baseline,23,4,4,FALSE,FALSE,FALSE,FALSE,FALSE,EXCLUDED_SOURCE_ROW,
2026,limesurvey_2026_deidentified.csv,14,32,TR00IAL,TR00IAL,EXCLUDED,LB_HB,MSBS,B,HB,baseline,24,4,4,FALSE,FALSE,FALSE,FALSE,FALSE,EXCLUDED_SOURCE_ROW,
2026,limesurvey_2026_deidentified.csv,14,32,TR00IAL,TR00IAL,EXCLUDED,LB_HB,MSBS,B,HB,baseline,28,4,4,FALSE,FALSE,FALSE,FALSE,FALSE,EXCLUDED_SOURCE_ROW,
2026,limesurvey_2026_deidentified.csv,14,32,TR00IAL,TR00IAL,EXCLUDED,LB_HB,MSBS,B,HB,post,01,,,TRUE,FALSE,FALSE,FALSE,FALSE,EXCLUDED_SOURCE_ROW,
2026,limesurvey_2026_deidentified.csv,14,32,TR00IAL,TR00IAL,EXCLUDED,LB_HB,MSBS,B,HB,post,03,,,TRUE,FALSE,FALSE,FALSE,FALSE,EXCLUDED_SOURCE_ROW,
2026,limesurvey_2026_deidentified.csv,14,32,TR00IAL,TR00IAL,EXCLUDED,LB_HB,MSBS,B,HB,post,09,,,TRUE,FALSE,FALSE,FALSE,FALSE,EXCLUDED_SOURCE_ROW,
2026,limesurvey_2026_deidentified.csv,14,32,TR00IAL,TR00IAL,EXCLUDED,LB_HB,MSBS,B,HB,post,10,,,TRUE,FALSE,FALSE,FALSE,FALSE,EXCLUDED_SOURCE_ROW,
2026,limesurvey_2026_deidentified.csv,14,32,TR00IAL,TR00IAL,EXCLUDED,LB_HB,MSBS,B,HB,post,22,,,TRUE,FALSE,FALSE,FALSE,FALSE,EXCLUDED_SOURCE_ROW,
2026,limesurvey_2026_deidentified.csv,14,32,TR00IAL,TR00IAL,EXCLUDED,LB_HB,MSBS,B,HB,post,23,,,TRUE,FALSE,FALSE,FALSE,FALSE,EXCLUDED_SOURCE_ROW,
2026,limesurvey_2026_deidentified.csv,14,32,TR00IAL,TR00IAL,EXCLUDED,LB_HB,MSBS,B,HB,post,24,,,TRUE,FALSE,FALSE,FALSE,FALSE,EXCLUDED_SOURCE_ROW,
2026,limesurvey_2026_deidentified.csv,14,32,TR00IAL,TR00IAL,EXCLUDED,LB_HB,MSBS,B,HB,post,28,,,TRUE,FALSE,FALSE,FALSE,FALSE,EXCLUDED_SOURCE_ROW,
2026,limesurvey_2026_deidentified.csv,14,32,TR00IAL,TR00IAL,EXCLUDED,LB_HB,MSBS,A,LB,baseline,01,4,4,FALSE,FALSE,FALSE,FALSE,FALSE,EXCLUDED_SOURCE_ROW,
2026,limesurvey_2026_deidentified.csv,14,32,TR00IAL,TR00IAL,EXCLUDED,LB_HB,MSBS,A,LB,baseline,03,4,4,FALSE,FALSE,FALSE,FALSE,FALSE,EXCLUDED_SOURCE_ROW,
2026,limesurvey_2026_deidentified.csv,14,32,TR00IAL,TR00IAL,EXCLUDED,LB_HB,MSBS,A,LB,baseline,09,4,4,FALSE,FALSE,FALSE,FALSE,FALSE,EXCLUDED_SOURCE_ROW,
2026,limesurvey_2026_deidentified.csv,14,32,TR00IAL,TR00IAL,EXCLUDED,LB_HB,MSBS,A,LB,baseline,10,4,4,FALSE,FALSE,FALSE,FALSE,FALSE,EXCLUDED_SOURCE_ROW,
2026,limesurvey_2026_deidentified.csv,14,32,TR00IAL,TR00IAL,EXCLUDED,LB_HB,MSBS,A,LB,baseline,22,4,4,FALSE,FALSE,FALSE,FALSE,FALSE,EXCLUDED_SOURCE_ROW,
2026,limesurvey_2026_deidentified.csv,14,32,TR00IAL,TR00IAL,EXCLUDED,LB_HB,MSBS,A,LB,baseline,23,4,4,FALSE,FALSE,FALSE,FALSE,FALSE,EXCLUDED_SOURCE_ROW,
2026,limesurvey_2026_deidentified.csv,14,32,TR00IAL,TR00IAL,EXCLUDED,LB_HB,MSBS,A,LB,baseline,24,4,4,FALSE,FALSE,FALSE,FALSE,FALSE,EXCLUDED_SOURCE_ROW,
2026,limesurvey_2026_deidentified.csv,14,32,TR00IAL,TR00IAL,EXCLUDED,LB_HB,MSBS,A,LB,baseline,28,4,4,FALSE,FALSE,FALSE,FALSE,FALSE,EXCLUDED_SOURCE_ROW,
2026,limesurvey_2026_deidentified.csv,14,32,TR00IAL,TR00IAL,EXCLUDED,LB_HB,MSBS,A,LB,post,01,4,4,FALSE,FALSE,FALSE,FALSE,FALSE,EXCLUDED_SOURCE_ROW,
2026,limesurvey_2026_deidentified.csv,14,32,TR00IAL,TR00IAL,EXCLUDED,LB_HB,MSBS,A,LB,post,03,4,4,FALSE,FALSE,FALSE,FALSE,FALSE,EXCLUDED_SOURCE_ROW,
2026,limesurvey_2026_deidentified.csv,14,32,TR00IAL,TR00IAL,EXCLUDED,LB_HB,MSBS,A,LB,post,09,4,4,FALSE,FALSE,FALSE,FALSE,FALSE,EXCLUDED_SOURCE_ROW,
2026,limesurvey_2026_deidentified.csv,14,32,TR00IAL,TR00IAL,EXCLUDED,LB_HB,MSBS,A,LB,post,10,4,4,FALSE,FALSE,FALSE,FALSE,FALSE,EXCLUDED_SOURCE_ROW,
2026,limesurvey_2026_deidentified.csv,14,32,TR00IAL,TR00IAL,EXCLUDED,LB_HB,MSBS,A,LB,post,22,4,4,FALSE,FALSE,FALSE,FALSE,FALSE,EXCLUDED_SOURCE_ROW,
2026,limesurvey_2026_deidentified.csv,14,32,TR00IAL,TR00IAL,EXCLUDED,LB_HB,MSBS,A,LB,post,23,4,4,FALSE,FALSE,FALSE,FALSE,FALSE,EXCLUDED_SOURCE_ROW,
2026,limesurvey_2026_deidentified.csv,14,32,TR00IAL,TR00IAL,EXCLUDED,LB_HB,MSBS,A,LB,post,24,4,4,FALSE,FALSE,FALSE,FALSE,FALSE,EXCLUDED_SOURCE_ROW,
2026,limesurvey_2026_deidentified.csv,14,32,TR00IAL,TR00IAL,EXCLUDED,LB_HB,MSBS,A,LB,post,28,4,4,FALSE,FALSE,FALSE,FALSE,FALSE,EXCLUDED_SOURCE_ROW,
2026,limesurvey_2026_deidentified.csv,14,32,TR00IAL,TR00IAL,EXCLUDED,LB_HB,SBPS,,,trait,01,4,4,FALSE,FALSE,FALSE,FALSE,FALSE,EXCLUDED_SOURCE_ROW,
2026,limesurvey_2026_deidentified.csv,14,32,TR00IAL,TR00IAL,EXCLUDED,LB_HB,SBPS,,,trait,02,4,4,FALSE,FALSE,FALSE,FALSE,FALSE,EXCLUDED_SOURCE_ROW,
2026,limesurvey_2026_deidentified.csv,14,32,TR00IAL,TR00IAL,EXCLUDED,LB_HB,SBPS,,,trait,03,4,4,FALSE,FALSE,FALSE,FALSE,FALSE,EXCLUDED_SOURCE_ROW,
2026,limesurvey_2026_deidentified.csv,14,32,TR00IAL,TR00IAL,EXCLUDED,LB_HB,SBPS,,,trait,04,4,4,FALSE,FALSE,FALSE,FALSE,FALSE,EXCLUDED_SOURCE_ROW,
2026,limesurvey_2026_deidentified.csv,14,32,TR00IAL,TR00IAL,EXCLUDED,LB_HB,SBPS,,,trait,05,4,4,FALSE,FALSE,FALSE,FALSE,FALSE,EXCLUDED_SOURCE_ROW,
2026,limesurvey_2026_deidentified.csv,14,32,TR00IAL,TR00IAL,EXCLUDED,LB_HB,SBPS,,,trait,06,4,4,FALSE,FALSE,FALSE,FALSE,FALSE,EXCLUDED_SOURCE_ROW,
2026,limesurvey_2026_deidentified.csv,14,32,TR00IAL,TR00IAL,EXCLUDED,LB_HB,SBPS,,,trait,07,4,4,FALSE,FALSE,FALSE,FALSE,FALSE,EXCLUDED_SOURCE_ROW,
2026,limesurvey_2026_deidentified.csv,14,32,TR00IAL,TR00IAL,EXCLUDED,LB_HB,SBPS,,,trait,08,4,4,FALSE,FALSE,FALSE,FALSE,FALSE,EXCLUDED_SOURCE_ROW,
2026,limesurvey_2026_deidentified.csv,13,31,TR00IARL,TR00IARL,EXCLUDED,,MSBS,A,,baseline,01,4,4,FALSE,FALSE,FALSE,FALSE,FALSE,EXCLUDED_SOURCE_ROW,
2026,limesurvey_2026_deidentified.csv,13,31,TR00IARL,TR00IARL,EXCLUDED,,MSBS,B,,baseline,01,,,TRUE,FALSE,FALSE,FALSE,FALSE,EXCLUDED_SOURCE_ROW,
2026,limesurvey_2026_deidentified.csv,13,31,TR00IARL,TR00IARL,EXCLUDED,,MSBS,A,,baseline,03,4,4,FALSE,FALSE,FALSE,FALSE,FALSE,EXCLUDED_SOURCE_ROW,
2026,limesurvey_2026_deidentified.csv,13,31,TR00IARL,TR00IARL,EXCLUDED,,MSBS,B,,baseline,03,,,TRUE,FALSE,FALSE,FALSE,FALSE,EXCLUDED_SOURCE_ROW,
2026,limesurvey_2026_deidentified.csv,13,31,TR00IARL,TR00IARL,EXCLUDED,,MSBS,A,,baseline,09,4,4,FALSE,FALSE,FALSE,FALSE,FALSE,EXCLUDED_SOURCE_ROW,
2026,limesurvey_2026_deidentified.csv,13,31,TR00IARL,TR00IARL,EXCLUDED,,MSBS,B,,baseline,09,,,TRUE,FALSE,FALSE,FALSE,FALSE,EXCLUDED_SOURCE_ROW,
2026,limesurvey_2026_deidentified.csv,13,31,TR00IARL,TR00IARL,EXCLUDED,,MSBS,A,,baseline,10,4,4,FALSE,FALSE,FALSE,FALSE,FALSE,EXCLUDED_SOURCE_ROW,
2026,limesurvey_2026_deidentified.csv,13,31,TR00IARL,TR00IARL,EXCLUDED,,MSBS,B,,baseline,10,,,TRUE,FALSE,FALSE,FALSE,FALSE,EXCLUDED_SOURCE_ROW,
2026,limesurvey_2026_deidentified.csv,13,31,TR00IARL,TR00IARL,EXCLUDED,,MSBS,A,,baseline,22,4,4,FALSE,FALSE,FALSE,FALSE,FALSE,EXCLUDED_SOURCE_ROW,
2026,limesurvey_2026_deidentified.csv,13,31,TR00IARL,TR00IARL,EXCLUDED,,MSBS,B,,baseline,22,,,TRUE,FALSE,FALSE,FALSE,FALSE,EXCLUDED_SOURCE_ROW,
2026,limesurvey_2026_deidentified.csv,13,31,TR00IARL,TR00IARL,EXCLUDED,,MSBS,A,,baseline,23,4,4,FALSE,FALSE,FALSE,FALSE,FALSE,EXCLUDED_SOURCE_ROW,
2026,limesurvey_2026_deidentified.csv,13,31,TR00IARL,TR00IARL,EXCLUDED,,MSBS,B,,baseline,23,,,TRUE,FALSE,FALSE,FALSE,FALSE,EXCLUDED_SOURCE_ROW,
2026,limesurvey_2026_deidentified.csv,13,31,TR00IARL,TR00IARL,EXCLUDED,,MSBS,A,,baseline,24,4,4,FALSE,FALSE,FALSE,FALSE,FALSE,EXCLUDED_SOURCE_ROW,
2026,limesurvey_2026_deidentified.csv,13,31,TR00IARL,TR00IARL,EXCLUDED,,MSBS,B,,baseline,24,,,TRUE,FALSE,FALSE,FALSE,FALSE,EXCLUDED_SOURCE_ROW,
2026,limesurvey_2026_deidentified.csv,13,31,TR00IARL,TR00IARL,EXCLUDED,,MSBS,A,,baseline,28,4,4,FALSE,FALSE,FALSE,FALSE,FALSE,EXCLUDED_SOURCE_ROW,
2026,limesurvey_2026_deidentified.csv,13,31,TR00IARL,TR00IARL,EXCLUDED,,MSBS,B,,baseline,28,,,TRUE,FALSE,FALSE,FALSE,FALSE,EXCLUDED_SOURCE_ROW,
2026,limesurvey_2026_deidentified.csv,13,31,TR00IARL,TR00IARL,EXCLUDED,,MSBS,A,,post,01,,,TRUE,FALSE,FALSE,FALSE,FALSE,EXCLUDED_SOURCE_ROW,
2026,limesurvey_2026_deidentified.csv,13,31,TR00IARL,TR00IARL,EXCLUDED,,MSBS,B,,post,01,,,TRUE,FALSE,FALSE,FALSE,FALSE,EXCLUDED_SOURCE_ROW,
2026,limesurvey_2026_deidentified.csv,13,31,TR00IARL,TR00IARL,EXCLUDED,,MSBS,A,,post,03,,,TRUE,FALSE,FALSE,FALSE,FALSE,EXCLUDED_SOURCE_ROW,
2026,limesurvey_2026_deidentified.csv,13,31,TR00IARL,TR00IARL,EXCLUDED,,MSBS,B,,post,03,,,TRUE,FALSE,FALSE,FALSE,FALSE,EXCLUDED_SOURCE_ROW,
2026,limesurvey_2026_deidentified.csv,13,31,TR00IARL,TR00IARL,EXCLUDED,,MSBS,A,,post,09,,,TRUE,FALSE,FALSE,FALSE,FALSE,EXCLUDED_SOURCE_ROW,
2026,limesurvey_2026_deidentified.csv,13,31,TR00IARL,TR00IARL,EXCLUDED,,MSBS,B,,post,09,,,TRUE,FALSE,FALSE,FALSE,FALSE,EXCLUDED_SOURCE_ROW,
2026,limesurvey_2026_deidentified.csv,13,31,TR00IARL,TR00IARL,EXCLUDED,,MSBS,A,,post,10,,,TRUE,FALSE,FALSE,FALSE,FALSE,EXCLUDED_SOURCE_ROW,
2026,limesurvey_2026_deidentified.csv,13,31,TR00IARL,TR00IARL,EXCLUDED,,MSBS,B,,post,10,,,TRUE,FALSE,FALSE,FALSE,FALSE,EXCLUDED_SOURCE_ROW,
2026,limesurvey_2026_deidentified.csv,13,31,TR00IARL,TR00IARL,EXCLUDED,,MSBS,A,,post,22,,,TRUE,FALSE,FALSE,FALSE,FALSE,EXCLUDED_SOURCE_ROW,
2026,limesurvey_2026_deidentified.csv,13,31,TR00IARL,TR00IARL,EXCLUDED,,MSBS,B,,post,22,,,TRUE,FALSE,FALSE,FALSE,FALSE,EXCLUDED_SOURCE_ROW,
2026,limesurvey_2026_deidentified.csv,13,31,TR00IARL,TR00IARL,EXCLUDED,,MSBS,A,,post,23,,,TRUE,FALSE,FALSE,FALSE,FALSE,EXCLUDED_SOURCE_ROW,
2026,limesurvey_2026_deidentified.csv,13,31,TR00IARL,TR00IARL,EXCLUDED,,MSBS,B,,post,23,,,TRUE,FALSE,FALSE,FALSE,FALSE,EXCLUDED_SOURCE_ROW,
2026,limesurvey_2026_deidentified.csv,13,31,TR00IARL,TR00IARL,EXCLUDED,,MSBS,A,,post,24,,,TRUE,FALSE,FALSE,FALSE,FALSE,EXCLUDED_SOURCE_ROW,
2026,limesurvey_2026_deidentified.csv,13,31,TR00IARL,TR00IARL,EXCLUDED,,MSBS,B,,post,24,,,TRUE,FALSE,FALSE,FALSE,FALSE,EXCLUDED_SOURCE_ROW,
2026,limesurvey_2026_deidentified.csv,13,31,TR00IARL,TR00IARL,EXCLUDED,,MSBS,A,,post,28,,,TRUE,FALSE,FALSE,FALSE,FALSE,EXCLUDED_SOURCE_ROW,
2026,limesurvey_2026_deidentified.csv,13,31,TR00IARL,TR00IARL,EXCLUDED,,MSBS,B,,post,28,,,TRUE,FALSE,FALSE,FALSE,FALSE,EXCLUDED_SOURCE_ROW,
2026,limesurvey_2026_deidentified.csv,13,31,TR00IARL,TR00IARL,EXCLUDED,,SBPS,,,trait,01,4,4,FALSE,FALSE,FALSE,FALSE,FALSE,EXCLUDED_SOURCE_ROW,
2026,limesurvey_2026_deidentified.csv,13,31,TR00IARL,TR00IARL,EXCLUDED,,SBPS,,,trait,02,4,4,FALSE,FALSE,FALSE,FALSE,FALSE,EXCLUDED_SOURCE_ROW,
2026,limesurvey_2026_deidentified.csv,13,31,TR00IARL,TR00IARL,EXCLUDED,,SBPS,,,trait,03,4,4,FALSE,FALSE,FALSE,FALSE,FALSE,EXCLUDED_SOURCE_ROW,
2026,limesurvey_2026_deidentified.csv,13,31,TR00IARL,TR00IARL,EXCLUDED,,SBPS,,,trait,04,4,4,FALSE,FALSE,FALSE,FALSE,FALSE,EXCLUDED_SOURCE_ROW,
2026,limesurvey_2026_deidentified.csv,13,31,TR00IARL,TR00IARL,EXCLUDED,,SBPS,,,trait,05,4,4,FALSE,FALSE,FALSE,FALSE,FALSE,EXCLUDED_SOURCE_ROW,
2026,limesurvey_2026_deidentified.csv,13,31,TR00IARL,TR00IARL,EXCLUDED,,SBPS,,,trait,06,4,4,FALSE,FALSE,FALSE,FALSE,FALSE,EXCLUDED_SOURCE_ROW,
2026,limesurvey_2026_deidentified.csv,13,31,TR00IARL,TR00IARL,EXCLUDED,,SBPS,,,trait,07,4,4,FALSE,FALSE,FALSE,FALSE,FALSE,EXCLUDED_SOURCE_ROW,
2026,limesurvey_2026_deidentified.csv,13,31,TR00IARL,TR00IARL,EXCLUDED,,SBPS,,,trait,08,4,4,FALSE,FALSE,FALSE,FALSE,FALSE,EXCLUDED_SOURCE_ROW,
2024,limesurvey_2024_deidentified.csv,16,condition B 2:50 participant has opened velcro by accident with right hand,,,EXCLUDED,,MSBS,A,,baseline,01,,,TRUE,FALSE,FALSE,FALSE,FALSE,EXCLUDED_SOURCE_ROW,
2024,limesurvey_2024_deidentified.csv,16,condition B 2:50 participant has opened velcro by accident with right hand,,,EXCLUDED,,MSBS,B,,baseline,01,,,TRUE,FALSE,FALSE,FALSE,FALSE,EXCLUDED_SOURCE_ROW,
2024,limesurvey_2024_deidentified.csv,17,"condtions B_2-4 at some point he crossed his arms""",,,EXCLUDED,,MSBS,A,,baseline,01,,,TRUE,FALSE,FALSE,FALSE,FALSE,EXCLUDED_SOURCE_ROW,
2024,limesurvey_2024_deidentified.csv,17,"condtions B_2-4 at some point he crossed his arms""",,,EXCLUDED,,MSBS,B,,baseline,01,,,TRUE,FALSE,FALSE,FALSE,FALSE,EXCLUDED_SOURCE_ROW,
2024,limesurvey_2024_deidentified.csv,25,B-LB-t1reden,,,EXCLUDED,,MSBS,A,,baseline,01,,,TRUE,FALSE,FALSE,FALSE,FALSE,EXCLUDED_SOURCE_ROW,
2024,limesurvey_2024_deidentified.csv,25,B-LB-t1reden,,,EXCLUDED,,MSBS,B,,baseline,01,,,TRUE,FALSE,FALSE,FALSE,FALSE,EXCLUDED_SOURCE_ROW,
2024,limesurvey_2024_deidentified.csv,26,"des Fußballs nicht gezählt bei podcast""",,,EXCLUDED,,MSBS,A,,baseline,01,,,TRUE,FALSE,FALSE,FALSE,FALSE,EXCLUDED_SOURCE_ROW,
2024,limesurvey_2024_deidentified.csv,26,"des Fußballs nicht gezählt bei podcast""",,,EXCLUDED,,MSBS,B,,baseline,01,,,TRUE,FALSE,FALSE,FALSE,FALSE,EXCLUDED_SOURCE_ROW,
2024,limesurvey_2024_deidentified.csv,28,40,,,EXCLUDED,,MSBS,A,,baseline,01,,,TRUE,FALSE,FALSE,FALSE,FALSE,EXCLUDED_SOURCE_ROW,
2024,limesurvey_2024_deidentified.csv,28,40,,,EXCLUDED,,MSBS,B,,baseline,01,,,TRUE,FALSE,FALSE,FALSE,FALSE,EXCLUDED_SOURCE_ROW,
2026,limesurvey_2026_deidentified.csv,2,18,,,EXCLUDED,,MSBS,A,,baseline,01,,,TRUE,FALSE,FALSE,FALSE,FALSE,EXCLUDED_SOURCE_ROW,
2026,limesurvey_2026_deidentified.csv,2,18,,,EXCLUDED,,MSBS,B,,baseline,01,,,TRUE,FALSE,FALSE,FALSE,FALSE,EXCLUDED_SOURCE_ROW,
2026,limesurvey_2026_deidentified.csv,3,19,,,EXCLUDED,,MSBS,A,,baseline,01,,,TRUE,FALSE,FALSE,FALSE,FALSE,EXCLUDED_SOURCE_ROW,
2026,limesurvey_2026_deidentified.csv,3,19,,,EXCLUDED,,MSBS,B,,baseline,01,,,TRUE,FALSE,FALSE,FALSE,FALSE,EXCLUDED_SOURCE_ROW,
2026,limesurvey_2026_deidentified.csv,6,22,,,EXCLUDED,,MSBS,A,,baseline,01,,,TRUE,FALSE,FALSE,FALSE,FALSE,EXCLUDED_SOURCE_ROW,
2026,limesurvey_2026_deidentified.csv,6,22,,,EXCLUDED,,MSBS,B,,baseline,01,,,TRUE,FALSE,FALSE,FALSE,FALSE,EXCLUDED_SOURCE_ROW,
2026,limesurvey_2026_deidentified.csv,7,23,,,EXCLUDED,,MSBS,A,,baseline,01,,,TRUE,FALSE,FALSE,FALSE,FALSE,EXCLUDED_SOURCE_ROW,
2026,limesurvey_2026_deidentified.csv,7,23,,,EXCLUDED,,MSBS,B,,baseline,01,,,TRUE,FALSE,FALSE,FALSE,FALSE,EXCLUDED_SOURCE_ROW,
2026,limesurvey_2026_deidentified.csv,11,29,,,EXCLUDED,,MSBS,A,,baseline,01,,,TRUE,FALSE,FALSE,FALSE,FALSE,EXCLUDED_SOURCE_ROW,
2026,limesurvey_2026_deidentified.csv,11,29,,,EXCLUDED,,MSBS,B,,baseline,01,,,TRUE,FALSE,FALSE,FALSE,FALSE,EXCLUDED_SOURCE_ROW,
2026,limesurvey_2026_deidentified.csv,29,48,,,EXCLUDED,,MSBS,A,,baseline,01,,,TRUE,FALSE,FALSE,FALSE,FALSE,EXCLUDED_SOURCE_ROW,
2026,limesurvey_2026_deidentified.csv,29,48,,,EXCLUDED,,MSBS,B,,baseline,01,,,TRUE,FALSE,FALSE,FALSE,FALSE,EXCLUDED_SOURCE_ROW,
2024,limesurvey_2024_deidentified.csv,16,condition B 2:50 participant has opened velcro by accident with right hand,,,EXCLUDED,,MSBS,A,,baseline,03,,,TRUE,FALSE,FALSE,FALSE,FALSE,EXCLUDED_SOURCE_ROW,
2024,limesurvey_2024_deidentified.csv,16,condition B 2:50 participant has opened velcro by accident with right hand,,,EXCLUDED,,MSBS,B,,baseline,03,,,TRUE,FALSE,FALSE,FALSE,FALSE,EXCLUDED_SOURCE_ROW,
2024,limesurvey_2024_deidentified.csv,17,"condtions B_2-4 at some point he crossed his arms""",,,EXCLUDED,,MSBS,A,,baseline,03,,,TRUE,FALSE,FALSE,FALSE,FALSE,EXCLUDED_SOURCE_ROW,
2024,limesurvey_2024_deidentified.csv,17,"condtions B_2-4 at some point he crossed his arms""",,,EXCLUDED,,MSBS,B,,baseline,03,,,TRUE,FALSE,FALSE,FALSE,FALSE,EXCLUDED_SOURCE_ROW,
2024,limesurvey_2024_deidentified.csv,25,B-LB-t1reden,,,EXCLUDED,,MSBS,A,,baseline,03,,,TRUE,FALSE,FALSE,FALSE,FALSE,EXCLUDED_SOURCE_ROW,
2024,limesurvey_2024_deidentified.csv,25,B-LB-t1reden,,,EXCLUDED,,MSBS,B,,baseline,03,,,TRUE,FALSE,FALSE,FALSE,FALSE,EXCLUDED_SOURCE_ROW,
2024,limesurvey_2024_deidentified.csv,26,"des Fußballs nicht gezählt bei podcast""",,,EXCLUDED,,MSBS,A,,baseline,03,,,TRUE,FALSE,FALSE,FALSE,FALSE,EXCLUDED_SOURCE_ROW,
2024,limesurvey_2024_deidentified.csv,26,"des Fußballs nicht gezählt bei podcast""",,,EXCLUDED,,MSBS,B,,baseline,03,,,TRUE,FALSE,FALSE,FALSE,FALSE,EXCLUDED_SOURCE_ROW,
2024,limesurvey_2024_deidentified.csv,28,40,,,EXCLUDED,,MSBS,A,,baseline,03,,,TRUE,FALSE,FALSE,FALSE,FALSE,EXCLUDED_SOURCE_ROW,
2024,limesurvey_2024_deidentified.csv,28,40,,,EXCLUDED,,MSBS,B,,baseline,03,,,TRUE,FALSE,FALSE,FALSE,FALSE,EXCLUDED_SOURCE_ROW,
2026,limesurvey_2026_deidentified.csv,2,18,,,EXCLUDED,,MSBS,A,,baseline,03,,,TRUE,FALSE,FALSE,FALSE,FALSE,EXCLUDED_SOURCE_ROW,
2026,limesurvey_2026_deidentified.csv,2,18,,,EXCLUDED,,MSBS,B,,baseline,03,,,TRUE,FALSE,FALSE,FALSE,FALSE,EXCLUDED_SOURCE_ROW,
2026,limesurvey_2026_deidentified.csv,3,19,,,EXCLUDED,,MSBS,A,,baseline,03,,,TRUE,FALSE,FALSE,FALSE,FALSE,EXCLUDED_SOURCE_ROW,
2026,limesurvey_2026_deidentified.csv,3,19,,,EXCLUDED,,MSBS,B,,baseline,03,,,TRUE,FALSE,FALSE,FALSE,FALSE,EXCLUDED_SOURCE_ROW,
2026,limesurvey_2026_deidentified.csv,6,22,,,EXCLUDED,,MSBS,A,,baseline,03,,,TRUE,FALSE,FALSE,FALSE,FALSE,EXCLUDED_SOURCE_ROW,
2026,limesurvey_2026_deidentified.csv,6,22,,,EXCLUDED,,MSBS,B,,baseline,03,,,TRUE,FALSE,FALSE,FALSE,FALSE,EXCLUDED_SOURCE_ROW,
2026,limesurvey_2026_deidentified.csv,7,23,,,EXCLUDED,,MSBS,A,,baseline,03,,,TRUE,FALSE,FALSE,FALSE,FALSE,EXCLUDED_SOURCE_ROW,
2026,limesurvey_2026_deidentified.csv,7,23,,,EXCLUDED,,MSBS,B,,baseline,03,,,TRUE,FALSE,FALSE,FALSE,FALSE,EXCLUDED_SOURCE_ROW,
2026,limesurvey_2026_deidentified.csv,11,29,,,EXCLUDED,,MSBS,A,,baseline,03,,,TRUE,FALSE,FALSE,FALSE,FALSE,EXCLUDED_SOURCE_ROW,
2026,limesurvey_2026_deidentified.csv,11,29,,,EXCLUDED,,MSBS,B,,baseline,03,,,TRUE,FALSE,FALSE,FALSE,FALSE,EXCLUDED_SOURCE_ROW,
2026,limesurvey_2026_deidentified.csv,29,48,,,EXCLUDED,,MSBS,A,,baseline,03,,,TRUE,FALSE,FALSE,FALSE,FALSE,EXCLUDED_SOURCE_ROW,
2026,limesurvey_2026_deidentified.csv,29,48,,,EXCLUDED,,MSBS,B,,baseline,03,,,TRUE,FALSE,FALSE,FALSE,FALSE,EXCLUDED_SOURCE_ROW,
2024,limesurvey_2024_deidentified.csv,16,condition B 2:50 participant has opened velcro by accident with right hand,,,EXCLUDED,,MSBS,A,,baseline,09,,,TRUE,FALSE,FALSE,FALSE,FALSE,EXCLUDED_SOURCE_ROW,
2024,limesurvey_2024_deidentified.csv,16,condition B 2:50 participant has opened velcro by accident with right hand,,,EXCLUDED,,MSBS,B,,baseline,09,,,TRUE,FALSE,FALSE,FALSE,FALSE,EXCLUDED_SOURCE_ROW,
2024,limesurvey_2024_deidentified.csv,17,"condtions B_2-4 at some point he crossed his arms""",,,EXCLUDED,,MSBS,A,,baseline,09,,,TRUE,FALSE,FALSE,FALSE,FALSE,EXCLUDED_SOURCE_ROW,
2024,limesurvey_2024_deidentified.csv,17,"condtions B_2-4 at some point he crossed his arms""",,,EXCLUDED,,MSBS,B,,baseline,09,,,TRUE,FALSE,FALSE,FALSE,FALSE,EXCLUDED_SOURCE_ROW,
2024,limesurvey_2024_deidentified.csv,25,B-LB-t1reden,,,EXCLUDED,,MSBS,A,,baseline,09,,,TRUE,FALSE,FALSE,FALSE,FALSE,EXCLUDED_SOURCE_ROW,
2024,limesurvey_2024_deidentified.csv,25,B-LB-t1reden,,,EXCLUDED,,MSBS,B,,baseline,09,,,TRUE,FALSE,FALSE,FALSE,FALSE,EXCLUDED_SOURCE_ROW,
2024,limesurvey_2024_deidentified.csv,26,"des Fußballs nicht gezählt bei podcast""",,,EXCLUDED,,MSBS,A,,baseline,09,,,TRUE,FALSE,FALSE,FALSE,FALSE,EXCLUDED_SOURCE_ROW,
2024,limesurvey_2024_deidentified.csv,26,"des Fußballs nicht gezählt bei podcast""",,,EXCLUDED,,MSBS,B,,baseline,09,,,TRUE,FALSE,FALSE,FALSE,FALSE,EXCLUDED_SOURCE_ROW,
2024,limesurvey_2024_deidentified.csv,28,40,,,EXCLUDED,,MSBS,A,,baseline,09,,,TRUE,FALSE,FALSE,FALSE,FALSE,EXCLUDED_SOURCE_ROW,
2024,limesurvey_2024_deidentified.csv,28,40,,,EXCLUDED,,MSBS,B,,baseline,09,,,TRUE,FALSE,FALSE,FALSE,FALSE,EXCLUDED_SOURCE_ROW,
2026,limesurvey_2026_deidentified.csv,2,18,,,EXCLUDED,,MSBS,A,,baseline,09,,,TRUE,FALSE,FALSE,FALSE,FALSE,EXCLUDED_SOURCE_ROW,
2026,limesurvey_2026_deidentified.csv,2,18,,,EXCLUDED,,MSBS,B,,baseline,09,,,TRUE,FALSE,FALSE,FALSE,FALSE,EXCLUDED_SOURCE_ROW,
2026,limesurvey_2026_deidentified.csv,3,19,,,EXCLUDED,,MSBS,A,,baseline,09,,,TRUE,FALSE,FALSE,FALSE,FALSE,EXCLUDED_SOURCE_ROW,
2026,limesurvey_2026_deidentified.csv,3,19,,,EXCLUDED,,MSBS,B,,baseline,09,,,TRUE,FALSE,FALSE,FALSE,FALSE,EXCLUDED_SOURCE_ROW,
2026,limesurvey_2026_deidentified.csv,6,22,,,EXCLUDED,,MSBS,A,,baseline,09,,,TRUE,FALSE,FALSE,FALSE,FALSE,EXCLUDED_SOURCE_ROW,
2026,limesurvey_2026_deidentified.csv,6,22,,,EXCLUDED,,MSBS,B,,baseline,09,,,TRUE,FALSE,FALSE,FALSE,FALSE,EXCLUDED_SOURCE_ROW,
2026,limesurvey_2026_deidentified.csv,7,23,,,EXCLUDED,,MSBS,A,,baseline,09,,,TRUE,FALSE,FALSE,FALSE,FALSE,EXCLUDED_SOURCE_ROW,
2026,limesurvey_2026_deidentified.csv,7,23,,,EXCLUDED,,MSBS,B,,baseline,09,,,TRUE,FALSE,FALSE,FALSE,FALSE,EXCLUDED_SOURCE_ROW,
2026,limesurvey_2026_deidentified.csv,11,29,,,EXCLUDED,,MSBS,A,,baseline,09,,,TRUE,FALSE,FALSE,FALSE,FALSE,EXCLUDED_SOURCE_ROW,
2026,limesurvey_2026_deidentified.csv,11,29,,,EXCLUDED,,MSBS,B,,baseline,09,,,TRUE,FALSE,FALSE,FALSE,FALSE,EXCLUDED_SOURCE_ROW,
2026,limesurvey_2026_deidentified.csv,29,48,,,EXCLUDED,,MSBS,A,,baseline,09,,,TRUE,FALSE,FALSE,FALSE,FALSE,EXCLUDED_SOURCE_ROW,
2026,limesurvey_2026_deidentified.csv,29,48,,,EXCLUDED,,MSBS,B,,baseline,09,,,TRUE,FALSE,FALSE,FALSE,FALSE,EXCLUDED_SOURCE_ROW,
2024,limesurvey_2024_deidentified.csv,16,condition B 2:50 participant has opened velcro by accident with right hand,,,EXCLUDED,,MSBS,A,,baseline,10,,,TRUE,FALSE,FALSE,FALSE,FALSE,EXCLUDED_SOURCE_ROW,
2024,limesurvey_2024_deidentified.csv,16,condition B 2:50 participant has opened velcro by accident with right hand,,,EXCLUDED,,MSBS,B,,baseline,10,,,TRUE,FALSE,FALSE,FALSE,FALSE,EXCLUDED_SOURCE_ROW,
2024,limesurvey_2024_deidentified.csv,17,"condtions B_2-4 at some point he crossed his arms""",,,EXCLUDED,,MSBS,A,,baseline,10,,,TRUE,FALSE,FALSE,FALSE,FALSE,EXCLUDED_SOURCE_ROW,
2024,limesurvey_2024_deidentified.csv,17,"condtions B_2-4 at some point he crossed his arms""",,,EXCLUDED,,MSBS,B,,baseline,10,,,TRUE,FALSE,FALSE,FALSE,FALSE,EXCLUDED_SOURCE_ROW,
2024,limesurvey_2024_deidentified.csv,25,B-LB-t1reden,,,EXCLUDED,,MSBS,A,,baseline,10,,,TRUE,FALSE,FALSE,FALSE,FALSE,EXCLUDED_SOURCE_ROW,
2024,limesurvey_2024_deidentified.csv,25,B-LB-t1reden,,,EXCLUDED,,MSBS,B,,baseline,10,,,TRUE,FALSE,FALSE,FALSE,FALSE,EXCLUDED_SOURCE_ROW,
2024,limesurvey_2024_deidentified.csv,26,"des Fußballs nicht gezählt bei podcast""",,,EXCLUDED,,MSBS,A,,baseline,10,,,TRUE,FALSE,FALSE,FALSE,FALSE,EXCLUDED_SOURCE_ROW,
2024,limesurvey_2024_deidentified.csv,26,"des Fußballs nicht gezählt bei podcast""",,,EXCLUDED,,MSBS,B,,baseline,10,,,TRUE,FALSE,FALSE,FALSE,FALSE,EXCLUDED_SOURCE_ROW,
2024,limesurvey_2024_deidentified.csv,28,40,,,EXCLUDED,,MSBS,A,,baseline,10,,,TRUE,FALSE,FALSE,FALSE,FALSE,EXCLUDED_SOURCE_ROW,
2024,limesurvey_2024_deidentified.csv,28,40,,,EXCLUDED,,MSBS,B,,baseline,10,,,TRUE,FALSE,FALSE,FALSE,FALSE,EXCLUDED_SOURCE_ROW,
2026,limesurvey_2026_deidentified.csv,2,18,,,EXCLUDED,,MSBS,A,,baseline,10,,,TRUE,FALSE,FALSE,FALSE,FALSE,EXCLUDED_SOURCE_ROW,
2026,limesurvey_2026_deidentified.csv,2,18,,,EXCLUDED,,MSBS,B,,baseline,10,,,TRUE,FALSE,FALSE,FALSE,FALSE,EXCLUDED_SOURCE_ROW,
2026,limesurvey_2026_deidentified.csv,3,19,,,EXCLUDED,,MSBS,A,,baseline,10,,,TRUE,FALSE,FALSE,FALSE,FALSE,EXCLUDED_SOURCE_ROW,
2026,limesurvey_2026_deidentified.csv,3,19,,,EXCLUDED,,MSBS,B,,baseline,10,,,TRUE,FALSE,FALSE,FALSE,FALSE,EXCLUDED_SOURCE_ROW,
2026,limesurvey_2026_deidentified.csv,6,22,,,EXCLUDED,,MSBS,A,,baseline,10,,,TRUE,FALSE,FALSE,FALSE,FALSE,EXCLUDED_SOURCE_ROW,
2026,limesurvey_2026_deidentified.csv,6,22,,,EXCLUDED,,MSBS,B,,baseline,10,,,TRUE,FALSE,FALSE,FALSE,FALSE,EXCLUDED_SOURCE_ROW,
2026,limesurvey_2026_deidentified.csv,7,23,,,EXCLUDED,,MSBS,A,,baseline,10,,,TRUE,FALSE,FALSE,FALSE,FALSE,EXCLUDED_SOURCE_ROW,
2026,limesurvey_2026_deidentified.csv,7,23,,,EXCLUDED,,MSBS,B,,baseline,10,,,TRUE,FALSE,FALSE,FALSE,FALSE,EXCLUDED_SOURCE_ROW,
2026,limesurvey_2026_deidentified.csv,11,29,,,EXCLUDED,,MSBS,A,,baseline,10,,,TRUE,FALSE,FALSE,FALSE,FALSE,EXCLUDED_SOURCE_ROW,
2026,limesurvey_2026_deidentified.csv,11,29,,,EXCLUDED,,MSBS,B,,baseline,10,,,TRUE,FALSE,FALSE,FALSE,FALSE,EXCLUDED_SOURCE_ROW,
2026,limesurvey_2026_deidentified.csv,29,48,,,EXCLUDED,,MSBS,A,,baseline,10,,,TRUE,FALSE,FALSE,FALSE,FALSE,EXCLUDED_SOURCE_ROW,
2026,limesurvey_2026_deidentified.csv,29,48,,,EXCLUDED,,MSBS,B,,baseline,10,,,TRUE,FALSE,FALSE,FALSE,FALSE,EXCLUDED_SOURCE_ROW,
2024,limesurvey_2024_deidentified.csv,16,condition B 2:50 participant has opened velcro by accident with right hand,,,EXCLUDED,,MSBS,A,,baseline,22,,,TRUE,FALSE,FALSE,FALSE,FALSE,EXCLUDED_SOURCE_ROW,
2024,limesurvey_2024_deidentified.csv,16,condition B 2:50 participant has opened velcro by accident with right hand,,,EXCLUDED,,MSBS,B,,baseline,22,,,TRUE,FALSE,FALSE,FALSE,FALSE,EXCLUDED_SOURCE_ROW,
2024,limesurvey_2024_deidentified.csv,17,"condtions B_2-4 at some point he crossed his arms""",,,EXCLUDED,,MSBS,A,,baseline,22,,,TRUE,FALSE,FALSE,FALSE,FALSE,EXCLUDED_SOURCE_ROW,
2024,limesurvey_2024_deidentified.csv,17,"condtions B_2-4 at some point he crossed his arms""",,,EXCLUDED,,MSBS,B,,baseline,22,,,TRUE,FALSE,FALSE,FALSE,FALSE,EXCLUDED_SOURCE_ROW,
2024,limesurvey_2024_deidentified.csv,25,B-LB-t1reden,,,EXCLUDED,,MSBS,A,,baseline,22,,,TRUE,FALSE,FALSE,FALSE,FALSE,EXCLUDED_SOURCE_ROW,
2024,limesurvey_2024_deidentified.csv,25,B-LB-t1reden,,,EXCLUDED,,MSBS,B,,baseline,22,,,TRUE,FALSE,FALSE,FALSE,FALSE,EXCLUDED_SOURCE_ROW,
2024,limesurvey_2024_deidentified.csv,26,"des Fußballs nicht gezählt bei podcast""",,,EXCLUDED,,MSBS,A,,baseline,22,,,TRUE,FALSE,FALSE,FALSE,FALSE,EXCLUDED_SOURCE_ROW,
2024,limesurvey_2024_deidentified.csv,26,"des Fußballs nicht gezählt bei podcast""",,,EXCLUDED,,MSBS,B,,baseline,22,,,TRUE,FALSE,FALSE,FALSE,FALSE,EXCLUDED_SOURCE_ROW,
2024,limesurvey_2024_deidentified.csv,28,40,,,EXCLUDED,,MSBS,A,,baseline,22,,,TRUE,FALSE,FALSE,FALSE,FALSE,EXCLUDED_SOURCE_ROW,
2024,limesurvey_2024_deidentified.csv,28,40,,,EXCLUDED,,MSBS,B,,baseline,22,,,TRUE,FALSE,FALSE,FALSE,FALSE,EXCLUDED_SOURCE_ROW,
2026,limesurvey_2026_deidentified.csv,2,18,,,EXCLUDED,,MSBS,A,,baseline,22,,,TRUE,FALSE,FALSE,FALSE,FALSE,EXCLUDED_SOURCE_ROW,
2026,limesurvey_2026_deidentified.csv,2,18,,,EXCLUDED,,MSBS,B,,baseline,22,,,TRUE,FALSE,FALSE,FALSE,FALSE,EXCLUDED_SOURCE_ROW,
2026,limesurvey_2026_deidentified.csv,3,19,,,EXCLUDED,,MSBS,A,,baseline,22,,,TRUE,FALSE,FALSE,FALSE,FALSE,EXCLUDED_SOURCE_ROW,
2026,limesurvey_2026_deidentified.csv,3,19,,,EXCLUDED,,MSBS,B,,baseline,22,,,TRUE,FALSE,FALSE,FALSE,FALSE,EXCLUDED_SOURCE_ROW,
2026,limesurvey_2026_deidentified.csv,6,22,,,EXCLUDED,,MSBS,A,,baseline,22,,,TRUE,FALSE,FALSE,FALSE,FALSE,EXCLUDED_SOURCE_ROW,
2026,limesurvey_2026_deidentified.csv,6,22,,,EXCLUDED,,MSBS,B,,baseline,22,,,TRUE,FALSE,FALSE,FALSE,FALSE,EXCLUDED_SOURCE_ROW,
2026,limesurvey_2026_deidentified.csv,7,23,,,EXCLUDED,,MSBS,A,,baseline,22,,,TRUE,FALSE,FALSE,FALSE,FALSE,EXCLUDED_SOURCE_ROW,
2026,limesurvey_2026_deidentified.csv,7,23,,,EXCLUDED,,MSBS,B,,baseline,22,,,TRUE,FALSE,FALSE,FALSE,FALSE,EXCLUDED_SOURCE_ROW,
2026,limesurvey_2026_deidentified.csv,11,29,,,EXCLUDED,,MSBS,A,,baseline,22,,,TRUE,FALSE,FALSE,FALSE,FALSE,EXCLUDED_SOURCE_ROW,
2026,limesurvey_2026_deidentified.csv,11,29,,,EXCLUDED,,MSBS,B,,baseline,22,,,TRUE,FALSE,FALSE,FALSE,FALSE,EXCLUDED_SOURCE_ROW,
2026,limesurvey_2026_deidentified.csv,29,48,,,EXCLUDED,,MSBS,A,,baseline,22,,,TRUE,FALSE,FALSE,FALSE,FALSE,EXCLUDED_SOURCE_ROW,
2026,limesurvey_2026_deidentified.csv,29,48,,,EXCLUDED,,MSBS,B,,baseline,22,,,TRUE,FALSE,FALSE,FALSE,FALSE,EXCLUDED_SOURCE_ROW,
2024,limesurvey_2024_deidentified.csv,16,condition B 2:50 participant has opened velcro by accident with right hand,,,EXCLUDED,,MSBS,A,,baseline,23,,,TRUE,FALSE,FALSE,FALSE,FALSE,EXCLUDED_SOURCE_ROW,
2024,limesurvey_2024_deidentified.csv,16,condition B 2:50 participant has opened velcro by accident with right hand,,,EXCLUDED,,MSBS,B,,baseline,23,,,TRUE,FALSE,FALSE,FALSE,FALSE,EXCLUDED_SOURCE_ROW,
2024,limesurvey_2024_deidentified.csv,17,"condtions B_2-4 at some point he crossed his arms""",,,EXCLUDED,,MSBS,A,,baseline,23,,,TRUE,FALSE,FALSE,FALSE,FALSE,EXCLUDED_SOURCE_ROW,
2024,limesurvey_2024_deidentified.csv,17,"condtions B_2-4 at some point he crossed his arms""",,,EXCLUDED,,MSBS,B,,baseline,23,,,TRUE,FALSE,FALSE,FALSE,FALSE,EXCLUDED_SOURCE_ROW,
2024,limesurvey_2024_deidentified.csv,25,B-LB-t1reden,,,EXCLUDED,,MSBS,A,,baseline,23,,,TRUE,FALSE,FALSE,FALSE,FALSE,EXCLUDED_SOURCE_ROW,
2024,limesurvey_2024_deidentified.csv,25,B-LB-t1reden,,,EXCLUDED,,MSBS,B,,baseline,23,,,TRUE,FALSE,FALSE,FALSE,FALSE,EXCLUDED_SOURCE_ROW,
2024,limesurvey_2024_deidentified.csv,26,"des Fußballs nicht gezählt bei podcast""",,,EXCLUDED,,MSBS,A,,baseline,23,,,TRUE,FALSE,FALSE,FALSE,FALSE,EXCLUDED_SOURCE_ROW,
2024,limesurvey_2024_deidentified.csv,26,"des Fußballs nicht gezählt bei podcast""",,,EXCLUDED,,MSBS,B,,baseline,23,,,TRUE,FALSE,FALSE,FALSE,FALSE,EXCLUDED_SOURCE_ROW,
2024,limesurvey_2024_deidentified.csv,28,40,,,EXCLUDED,,MSBS,A,,baseline,23,,,TRUE,FALSE,FALSE,FALSE,FALSE,EXCLUDED_SOURCE_ROW,
2024,limesurvey_2024_deidentified.csv,28,40,,,EXCLUDED,,MSBS,B,,baseline,23,,,TRUE,FALSE,FALSE,FALSE,FALSE,EXCLUDED_SOURCE_ROW,
2026,limesurvey_2026_deidentified.csv,2,18,,,EXCLUDED,,MSBS,A,,baseline,23,,,TRUE,FALSE,FALSE,FALSE,FALSE,EXCLUDED_SOURCE_ROW,
2026,limesurvey_2026_deidentified.csv,2,18,,,EXCLUDED,,MSBS,B,,baseline,23,,,TRUE,FALSE,FALSE,FALSE,FALSE,EXCLUDED_SOURCE_ROW,
2026,limesurvey_2026_deidentified.csv,3,19,,,EXCLUDED,,MSBS,A,,baseline,23,,,TRUE,FALSE,FALSE,FALSE,FALSE,EXCLUDED_SOURCE_ROW,
2026,limesurvey_2026_deidentified.csv,3,19,,,EXCLUDED,,MSBS,B,,baseline,23,,,TRUE,FALSE,FALSE,FALSE,FALSE,EXCLUDED_SOURCE_ROW,
2026,limesurvey_2026_deidentified.csv,6,22,,,EXCLUDED,,MSBS,A,,baseline,23,,,TRUE,FALSE,FALSE,FALSE,FALSE,EXCLUDED_SOURCE_ROW,
2026,limesurvey_2026_deidentified.csv,6,22,,,EXCLUDED,,MSBS,B,,baseline,23,,,TRUE,FALSE,FALSE,FALSE,FALSE,EXCLUDED_SOURCE_ROW,
2026,limesurvey_2026_deidentified.csv,7,23,,,EXCLUDED,,MSBS,A,,baseline,23,,,TRUE,FALSE,FALSE,FALSE,FALSE,EXCLUDED_SOURCE_ROW,
2026,limesurvey_2026_deidentified.csv,7,23,,,EXCLUDED,,MSBS,B,,baseline,23,,,TRUE,FALSE,FALSE,FALSE,FALSE,EXCLUDED_SOURCE_ROW,
2026,limesurvey_2026_deidentified.csv,11,29,,,EXCLUDED,,MSBS,A,,baseline,23,,,TRUE,FALSE,FALSE,FALSE,FALSE,EXCLUDED_SOURCE_ROW,
2026,limesurvey_2026_deidentified.csv,11,29,,,EXCLUDED,,MSBS,B,,baseline,23,,,TRUE,FALSE,FALSE,FALSE,FALSE,EXCLUDED_SOURCE_ROW,
2026,limesurvey_2026_deidentified.csv,29,48,,,EXCLUDED,,MSBS,A,,baseline,23,,,TRUE,FALSE,FALSE,FALSE,FALSE,EXCLUDED_SOURCE_ROW,
2026,limesurvey_2026_deidentified.csv,29,48,,,EXCLUDED,,MSBS,B,,baseline,23,,,TRUE,FALSE,FALSE,FALSE,FALSE,EXCLUDED_SOURCE_ROW,
2024,limesurvey_2024_deidentified.csv,16,condition B 2:50 participant has opened velcro by accident with right hand,,,EXCLUDED,,MSBS,A,,baseline,24,,,TRUE,FALSE,FALSE,FALSE,FALSE,EXCLUDED_SOURCE_ROW,
2024,limesurvey_2024_deidentified.csv,16,condition B 2:50 participant has opened velcro by accident with right hand,,,EXCLUDED,,MSBS,B,,baseline,24,,,TRUE,FALSE,FALSE,FALSE,FALSE,EXCLUDED_SOURCE_ROW,
2024,limesurvey_2024_deidentified.csv,17,"condtions B_2-4 at some point he crossed his arms""",,,EXCLUDED,,MSBS,A,,baseline,24,,,TRUE,FALSE,FALSE,FALSE,FALSE,EXCLUDED_SOURCE_ROW,
2024,limesurvey_2024_deidentified.csv,17,"condtions B_2-4 at some point he crossed his arms""",,,EXCLUDED,,MSBS,B,,baseline,24,,,TRUE,FALSE,FALSE,FALSE,FALSE,EXCLUDED_SOURCE_ROW,
2024,limesurvey_2024_deidentified.csv,25,B-LB-t1reden,,,EXCLUDED,,MSBS,A,,baseline,24,,,TRUE,FALSE,FALSE,FALSE,FALSE,EXCLUDED_SOURCE_ROW,
2024,limesurvey_2024_deidentified.csv,25,B-LB-t1reden,,,EXCLUDED,,MSBS,B,,baseline,24,,,TRUE,FALSE,FALSE,FALSE,FALSE,EXCLUDED_SOURCE_ROW,
2024,limesurvey_2024_deidentified.csv,26,"des Fußballs nicht gezählt bei podcast""",,,EXCLUDED,,MSBS,A,,baseline,24,,,TRUE,FALSE,FALSE,FALSE,FALSE,EXCLUDED_SOURCE_ROW,
2024,limesurvey_2024_deidentified.csv,26,"des Fußballs nicht gezählt bei podcast""",,,EXCLUDED,,MSBS,B,,baseline,24,,,TRUE,FALSE,FALSE,FALSE,FALSE,EXCLUDED_SOURCE_ROW,
2024,limesurvey_2024_deidentified.csv,28,40,,,EXCLUDED,,MSBS,A,,baseline,24,,,TRUE,FALSE,FALSE,FALSE,FALSE,EXCLUDED_SOURCE_ROW,
2024,limesurvey_2024_deidentified.csv,28,40,,,EXCLUDED,,MSBS,B,,baseline,24,,,TRUE,FALSE,FALSE,FALSE,FALSE,EXCLUDED_SOURCE_ROW,
2026,limesurvey_2026_deidentified.csv,2,18,,,EXCLUDED,,MSBS,A,,baseline,24,,,TRUE,FALSE,FALSE,FALSE,FALSE,EXCLUDED_SOURCE_ROW,
2026,limesurvey_2026_deidentified.csv,2,18,,,EXCLUDED,,MSBS,B,,baseline,24,,,TRUE,FALSE,FALSE,FALSE,FALSE,EXCLUDED_SOURCE_ROW,
2026,limesurvey_2026_deidentified.csv,3,19,,,EXCLUDED,,MSBS,A,,baseline,24,,,TRUE,FALSE,FALSE,FALSE,FALSE,EXCLUDED_SOURCE_ROW,
2026,limesurvey_2026_deidentified.csv,3,19,,,EXCLUDED,,MSBS,B,,baseline,24,,,TRUE,FALSE,FALSE,FALSE,FALSE,EXCLUDED_SOURCE_ROW,
2026,limesurvey_2026_deidentified.csv,6,22,,,EXCLUDED,,MSBS,A,,baseline,24,,,TRUE,FALSE,FALSE,FALSE,FALSE,EXCLUDED_SOURCE_ROW,
2026,limesurvey_2026_deidentified.csv,6,22,,,EXCLUDED,,MSBS,B,,baseline,24,,,TRUE,FALSE,FALSE,FALSE,FALSE,EXCLUDED_SOURCE_ROW,
2026,limesurvey_2026_deidentified.csv,7,23,,,EXCLUDED,,MSBS,A,,baseline,24,,,TRUE,FALSE,FALSE,FALSE,FALSE,EXCLUDED_SOURCE_ROW,
2026,limesurvey_2026_deidentified.csv,7,23,,,EXCLUDED,,MSBS,B,,baseline,24,,,TRUE,FALSE,FALSE,FALSE,FALSE,EXCLUDED_SOURCE_ROW,
2026,limesurvey_2026_deidentified.csv,11,29,,,EXCLUDED,,MSBS,A,,baseline,24,,,TRUE,FALSE,FALSE,FALSE,FALSE,EXCLUDED_SOURCE_ROW,
2026,limesurvey_2026_deidentified.csv,11,29,,,EXCLUDED,,MSBS,B,,baseline,24,,,TRUE,FALSE,FALSE,FALSE,FALSE,EXCLUDED_SOURCE_ROW,
2026,limesurvey_2026_deidentified.csv,29,48,,,EXCLUDED,,MSBS,A,,baseline,24,,,TRUE,FALSE,FALSE,FALSE,FALSE,EXCLUDED_SOURCE_ROW,
2026,limesurvey_2026_deidentified.csv,29,48,,,EXCLUDED,,MSBS,B,,baseline,24,,,TRUE,FALSE,FALSE,FALSE,FALSE,EXCLUDED_SOURCE_ROW,
2024,limesurvey_2024_deidentified.csv,16,condition B 2:50 participant has opened velcro by accident with right hand,,,EXCLUDED,,MSBS,A,,baseline,28,,,TRUE,FALSE,FALSE,FALSE,FALSE,EXCLUDED_SOURCE_ROW,
2024,limesurvey_2024_deidentified.csv,16,condition B 2:50 participant has opened velcro by accident with right hand,,,EXCLUDED,,MSBS,B,,baseline,28,,,TRUE,FALSE,FALSE,FALSE,FALSE,EXCLUDED_SOURCE_ROW,
2024,limesurvey_2024_deidentified.csv,17,"condtions B_2-4 at some point he crossed his arms""",,,EXCLUDED,,MSBS,A,,baseline,28,,,TRUE,FALSE,FALSE,FALSE,FALSE,EXCLUDED_SOURCE_ROW,
2024,limesurvey_2024_deidentified.csv,17,"condtions B_2-4 at some point he crossed his arms""",,,EXCLUDED,,MSBS,B,,baseline,28,,,TRUE,FALSE,FALSE,FALSE,FALSE,EXCLUDED_SOURCE_ROW,
2024,limesurvey_2024_deidentified.csv,25,B-LB-t1reden,,,EXCLUDED,,MSBS,A,,baseline,28,,,TRUE,FALSE,FALSE,FALSE,FALSE,EXCLUDED_SOURCE_ROW,
2024,limesurvey_2024_deidentified.csv,25,B-LB-t1reden,,,EXCLUDED,,MSBS,B,,baseline,28,,,TRUE,FALSE,FALSE,FALSE,FALSE,EXCLUDED_SOURCE_ROW,
2024,limesurvey_2024_deidentified.csv,26,"des Fußballs nicht gezählt bei podcast""",,,EXCLUDED,,MSBS,A,,baseline,28,,,TRUE,FALSE,FALSE,FALSE,FALSE,EXCLUDED_SOURCE_ROW,
2024,limesurvey_2024_deidentified.csv,26,"des Fußballs nicht gezählt bei podcast""",,,EXCLUDED,,MSBS,B,,baseline,28,,,TRUE,FALSE,FALSE,FALSE,FALSE,EXCLUDED_SOURCE_ROW,
2024,limesurvey_2024_deidentified.csv,28,40,,,EXCLUDED,,MSBS,A,,baseline,28,,,TRUE,FALSE,FALSE,FALSE,FALSE,EXCLUDED_SOURCE_ROW,
2024,limesurvey_2024_deidentified.csv,28,40,,,EXCLUDED,,MSBS,B,,baseline,28,,,TRUE,FALSE,FALSE,FALSE,FALSE,EXCLUDED_SOURCE_ROW,
2026,limesurvey_2026_deidentified.csv,2,18,,,EXCLUDED,,MSBS,A,,baseline,28,,,TRUE,FALSE,FALSE,FALSE,FALSE,EXCLUDED_SOURCE_ROW,
2026,limesurvey_2026_deidentified.csv,2,18,,,EXCLUDED,,MSBS,B,,baseline,28,,,TRUE,FALSE,FALSE,FALSE,FALSE,EXCLUDED_SOURCE_ROW,
2026,limesurvey_2026_deidentified.csv,3,19,,,EXCLUDED,,MSBS,A,,baseline,28,,,TRUE,FALSE,FALSE,FALSE,FALSE,EXCLUDED_SOURCE_ROW,
2026,limesurvey_2026_deidentified.csv,3,19,,,EXCLUDED,,MSBS,B,,baseline,28,,,TRUE,FALSE,FALSE,FALSE,FALSE,EXCLUDED_SOURCE_ROW,
2026,limesurvey_2026_deidentified.csv,6,22,,,EXCLUDED,,MSBS,A,,baseline,28,,,TRUE,FALSE,FALSE,FALSE,FALSE,EXCLUDED_SOURCE_ROW,
2026,limesurvey_2026_deidentified.csv,6,22,,,EXCLUDED,,MSBS,B,,baseline,28,,,TRUE,FALSE,FALSE,FALSE,FALSE,EXCLUDED_SOURCE_ROW,
2026,limesurvey_2026_deidentified.csv,7,23,,,EXCLUDED,,MSBS,A,,baseline,28,,,TRUE,FALSE,FALSE,FALSE,FALSE,EXCLUDED_SOURCE_ROW,
2026,limesurvey_2026_deidentified.csv,7,23,,,EXCLUDED,,MSBS,B,,baseline,28,,,TRUE,FALSE,FALSE,FALSE,FALSE,EXCLUDED_SOURCE_ROW,
2026,limesurvey_2026_deidentified.csv,11,29,,,EXCLUDED,,MSBS,A,,baseline,28,,,TRUE,FALSE,FALSE,FALSE,FALSE,EXCLUDED_SOURCE_ROW,
2026,limesurvey_2026_deidentified.csv,11,29,,,EXCLUDED,,MSBS,B,,baseline,28,,,TRUE,FALSE,FALSE,FALSE,FALSE,EXCLUDED_SOURCE_ROW,
2026,limesurvey_2026_deidentified.csv,29,48,,,EXCLUDED,,MSBS,A,,baseline,28,,,TRUE,FALSE,FALSE,FALSE,FALSE,EXCLUDED_SOURCE_ROW,
2026,limesurvey_2026_deidentified.csv,29,48,,,EXCLUDED,,MSBS,B,,baseline,28,,,TRUE,FALSE,FALSE,FALSE,FALSE,EXCLUDED_SOURCE_ROW,
2024,limesurvey_2024_deidentified.csv,16,condition B 2:50 participant has opened velcro by accident with right hand,,,EXCLUDED,,MSBS,A,,post,01,,,TRUE,FALSE,FALSE,FALSE,,EXCLUDED_SOURCE_ROW,
2024,limesurvey_2024_deidentified.csv,16,condition B 2:50 participant has opened velcro by accident with right hand,,,EXCLUDED,,MSBS,B,,post,01,,,TRUE,FALSE,FALSE,FALSE,,EXCLUDED_SOURCE_ROW,
2024,limesurvey_2024_deidentified.csv,17,"condtions B_2-4 at some point he crossed his arms""",,,EXCLUDED,,MSBS,A,,post,01,,,TRUE,FALSE,FALSE,FALSE,,EXCLUDED_SOURCE_ROW,
2024,limesurvey_2024_deidentified.csv,17,"condtions B_2-4 at some point he crossed his arms""",,,EXCLUDED,,MSBS,B,,post,01,,,TRUE,FALSE,FALSE,FALSE,,EXCLUDED_SOURCE_ROW,
2024,limesurvey_2024_deidentified.csv,25,B-LB-t1reden,,,EXCLUDED,,MSBS,A,,post,01,,,TRUE,FALSE,FALSE,FALSE,,EXCLUDED_SOURCE_ROW,
2024,limesurvey_2024_deidentified.csv,25,B-LB-t1reden,,,EXCLUDED,,MSBS,B,,post,01,,,TRUE,FALSE,FALSE,FALSE,,EXCLUDED_SOURCE_ROW,
2024,limesurvey_2024_deidentified.csv,26,"des Fußballs nicht gezählt bei podcast""",,,EXCLUDED,,MSBS,A,,post,01,,,TRUE,FALSE,FALSE,FALSE,,EXCLUDED_SOURCE_ROW,
2024,limesurvey_2024_deidentified.csv,26,"des Fußballs nicht gezählt bei podcast""",,,EXCLUDED,,MSBS,B,,post,01,,,TRUE,FALSE,FALSE,FALSE,,EXCLUDED_SOURCE_ROW,
2024,limesurvey_2024_deidentified.csv,28,40,,,EXCLUDED,,MSBS,A,,post,01,,,TRUE,FALSE,FALSE,FALSE,,EXCLUDED_SOURCE_ROW,
2024,limesurvey_2024_deidentified.csv,28,40,,,EXCLUDED,,MSBS,B,,post,01,,,TRUE,FALSE,FALSE,FALSE,,EXCLUDED_SOURCE_ROW,
2026,limesurvey_2026_deidentified.csv,2,18,,,EXCLUDED,,MSBS,A,,post,01,,,TRUE,FALSE,FALSE,FALSE,,EXCLUDED_SOURCE_ROW,
2026,limesurvey_2026_deidentified.csv,2,18,,,EXCLUDED,,MSBS,B,,post,01,,,TRUE,FALSE,FALSE,FALSE,,EXCLUDED_SOURCE_ROW,
2026,limesurvey_2026_deidentified.csv,3,19,,,EXCLUDED,,MSBS,A,,post,01,,,TRUE,FALSE,FALSE,FALSE,,EXCLUDED_SOURCE_ROW,
2026,limesurvey_2026_deidentified.csv,3,19,,,EXCLUDED,,MSBS,B,,post,01,,,TRUE,FALSE,FALSE,FALSE,,EXCLUDED_SOURCE_ROW,
2026,limesurvey_2026_deidentified.csv,6,22,,,EXCLUDED,,MSBS,A,,post,01,,,TRUE,FALSE,FALSE,FALSE,,EXCLUDED_SOURCE_ROW,
2026,limesurvey_2026_deidentified.csv,6,22,,,EXCLUDED,,MSBS,B,,post,01,,,TRUE,FALSE,FALSE,FALSE,,EXCLUDED_SOURCE_ROW,
2026,limesurvey_2026_deidentified.csv,7,23,,,EXCLUDED,,MSBS,A,,post,01,,,TRUE,FALSE,FALSE,FALSE,,EXCLUDED_SOURCE_ROW,
2026,limesurvey_2026_deidentified.csv,7,23,,,EXCLUDED,,MSBS,B,,post,01,,,TRUE,FALSE,FALSE,FALSE,,EXCLUDED_SOURCE_ROW,
2026,limesurvey_2026_deidentified.csv,11,29,,,EXCLUDED,,MSBS,A,,post,01,,,TRUE,FALSE,FALSE,FALSE,,EXCLUDED_SOURCE_ROW,
2026,limesurvey_2026_deidentified.csv,11,29,,,EXCLUDED,,MSBS,B,,post,01,,,TRUE,FALSE,FALSE,FALSE,,EXCLUDED_SOURCE_ROW,
2026,limesurvey_2026_deidentified.csv,29,48,,,EXCLUDED,,MSBS,A,,post,01,,,TRUE,FALSE,FALSE,FALSE,,EXCLUDED_SOURCE_ROW,
2026,limesurvey_2026_deidentified.csv,29,48,,,EXCLUDED,,MSBS,B,,post,01,,,TRUE,FALSE,FALSE,FALSE,,EXCLUDED_SOURCE_ROW,
2024,limesurvey_2024_deidentified.csv,16,condition B 2:50 participant has opened velcro by accident with right hand,,,EXCLUDED,,MSBS,A,,post,03,,,TRUE,FALSE,FALSE,FALSE,,EXCLUDED_SOURCE_ROW,
2024,limesurvey_2024_deidentified.csv,16,condition B 2:50 participant has opened velcro by accident with right hand,,,EXCLUDED,,MSBS,B,,post,03,,,TRUE,FALSE,FALSE,FALSE,,EXCLUDED_SOURCE_ROW,
2024,limesurvey_2024_deidentified.csv,17,"condtions B_2-4 at some point he crossed his arms""",,,EXCLUDED,,MSBS,A,,post,03,,,TRUE,FALSE,FALSE,FALSE,,EXCLUDED_SOURCE_ROW,
2024,limesurvey_2024_deidentified.csv,17,"condtions B_2-4 at some point he crossed his arms""",,,EXCLUDED,,MSBS,B,,post,03,,,TRUE,FALSE,FALSE,FALSE,,EXCLUDED_SOURCE_ROW,
2024,limesurvey_2024_deidentified.csv,25,B-LB-t1reden,,,EXCLUDED,,MSBS,A,,post,03,,,TRUE,FALSE,FALSE,FALSE,,EXCLUDED_SOURCE_ROW,
2024,limesurvey_2024_deidentified.csv,25,B-LB-t1reden,,,EXCLUDED,,MSBS,B,,post,03,,,TRUE,FALSE,FALSE,FALSE,,EXCLUDED_SOURCE_ROW,
2024,limesurvey_2024_deidentified.csv,26,"des Fußballs nicht gezählt bei podcast""",,,EXCLUDED,,MSBS,A,,post,03,,,TRUE,FALSE,FALSE,FALSE,,EXCLUDED_SOURCE_ROW,
2024,limesurvey_2024_deidentified.csv,26,"des Fußballs nicht gezählt bei podcast""",,,EXCLUDED,,MSBS,B,,post,03,,,TRUE,FALSE,FALSE,FALSE,,EXCLUDED_SOURCE_ROW,
2024,limesurvey_2024_deidentified.csv,28,40,,,EXCLUDED,,MSBS,A,,post,03,,,TRUE,FALSE,FALSE,FALSE,,EXCLUDED_SOURCE_ROW,
2024,limesurvey_2024_deidentified.csv,28,40,,,EXCLUDED,,MSBS,B,,post,03,,,TRUE,FALSE,FALSE,FALSE,,EXCLUDED_SOURCE_ROW,
2026,limesurvey_2026_deidentified.csv,2,18,,,EXCLUDED,,MSBS,A,,post,03,,,TRUE,FALSE,FALSE,FALSE,,EXCLUDED_SOURCE_ROW,
2026,limesurvey_2026_deidentified.csv,2,18,,,EXCLUDED,,MSBS,B,,post,03,,,TRUE,FALSE,FALSE,FALSE,,EXCLUDED_SOURCE_ROW,
2026,limesurvey_2026_deidentified.csv,3,19,,,EXCLUDED,,MSBS,A,,post,03,,,TRUE,FALSE,FALSE,FALSE,,EXCLUDED_SOURCE_ROW,
2026,limesurvey_2026_deidentified.csv,3,19,,,EXCLUDED,,MSBS,B,,post,03,,,TRUE,FALSE,FALSE,FALSE,,EXCLUDED_SOURCE_ROW,
2026,limesurvey_2026_deidentified.csv,6,22,,,EXCLUDED,,MSBS,A,,post,03,,,TRUE,FALSE,FALSE,FALSE,,EXCLUDED_SOURCE_ROW,
2026,limesurvey_2026_deidentified.csv,6,22,,,EXCLUDED,,MSBS,B,,post,03,,,TRUE,FALSE,FALSE,FALSE,,EXCLUDED_SOURCE_ROW,
2026,limesurvey_2026_deidentified.csv,7,23,,,EXCLUDED,,MSBS,A,,post,03,,,TRUE,FALSE,FALSE,FALSE,,EXCLUDED_SOURCE_ROW,
2026,limesurvey_2026_deidentified.csv,7,23,,,EXCLUDED,,MSBS,B,,post,03,,,TRUE,FALSE,FALSE,FALSE,,EXCLUDED_SOURCE_ROW,
2026,limesurvey_2026_deidentified.csv,11,29,,,EXCLUDED,,MSBS,A,,post,03,,,TRUE,FALSE,FALSE,FALSE,,EXCLUDED_SOURCE_ROW,
2026,limesurvey_2026_deidentified.csv,11,29,,,EXCLUDED,,MSBS,B,,post,03,,,TRUE,FALSE,FALSE,FALSE,,EXCLUDED_SOURCE_ROW,
2026,limesurvey_2026_deidentified.csv,29,48,,,EXCLUDED,,MSBS,A,,post,03,,,TRUE,FALSE,FALSE,FALSE,,EXCLUDED_SOURCE_ROW,
2026,limesurvey_2026_deidentified.csv,29,48,,,EXCLUDED,,MSBS,B,,post,03,,,TRUE,FALSE,FALSE,FALSE,,EXCLUDED_SOURCE_ROW,
2024,limesurvey_2024_deidentified.csv,16,condition B 2:50 participant has opened velcro by accident with right hand,,,EXCLUDED,,MSBS,A,,post,09,,,TRUE,FALSE,FALSE,FALSE,,EXCLUDED_SOURCE_ROW,
2024,limesurvey_2024_deidentified.csv,16,condition B 2:50 participant has opened velcro by accident with right hand,,,EXCLUDED,,MSBS,B,,post,09,,,TRUE,FALSE,FALSE,FALSE,,EXCLUDED_SOURCE_ROW,
2024,limesurvey_2024_deidentified.csv,17,"condtions B_2-4 at some point he crossed his arms""",,,EXCLUDED,,MSBS,A,,post,09,,,TRUE,FALSE,FALSE,FALSE,,EXCLUDED_SOURCE_ROW,
2024,limesurvey_2024_deidentified.csv,17,"condtions B_2-4 at some point he crossed his arms""",,,EXCLUDED,,MSBS,B,,post,09,,,TRUE,FALSE,FALSE,FALSE,,EXCLUDED_SOURCE_ROW,
2024,limesurvey_2024_deidentified.csv,25,B-LB-t1reden,,,EXCLUDED,,MSBS,A,,post,09,,,TRUE,FALSE,FALSE,FALSE,,EXCLUDED_SOURCE_ROW,
2024,limesurvey_2024_deidentified.csv,25,B-LB-t1reden,,,EXCLUDED,,MSBS,B,,post,09,,,TRUE,FALSE,FALSE,FALSE,,EXCLUDED_SOURCE_ROW,
2024,limesurvey_2024_deidentified.csv,26,"des Fußballs nicht gezählt bei podcast""",,,EXCLUDED,,MSBS,A,,post,09,,,TRUE,FALSE,FALSE,FALSE,,EXCLUDED_SOURCE_ROW,
2024,limesurvey_2024_deidentified.csv,26,"des Fußballs nicht gezählt bei podcast""",,,EXCLUDED,,MSBS,B,,post,09,,,TRUE,FALSE,FALSE,FALSE,,EXCLUDED_SOURCE_ROW,
2024,limesurvey_2024_deidentified.csv,28,40,,,EXCLUDED,,MSBS,A,,post,09,,,TRUE,FALSE,FALSE,FALSE,,EXCLUDED_SOURCE_ROW,
2024,limesurvey_2024_deidentified.csv,28,40,,,EXCLUDED,,MSBS,B,,post,09,,,TRUE,FALSE,FALSE,FALSE,,EXCLUDED_SOURCE_ROW,
2026,limesurvey_2026_deidentified.csv,2,18,,,EXCLUDED,,MSBS,A,,post,09,,,TRUE,FALSE,FALSE,FALSE,,EXCLUDED_SOURCE_ROW,
2026,limesurvey_2026_deidentified.csv,2,18,,,EXCLUDED,,MSBS,B,,post,09,,,TRUE,FALSE,FALSE,FALSE,,EXCLUDED_SOURCE_ROW,
2026,limesurvey_2026_deidentified.csv,3,19,,,EXCLUDED,,MSBS,A,,post,09,,,TRUE,FALSE,FALSE,FALSE,,EXCLUDED_SOURCE_ROW,
2026,limesurvey_2026_deidentified.csv,3,19,,,EXCLUDED,,MSBS,B,,post,09,,,TRUE,FALSE,FALSE,FALSE,,EXCLUDED_SOURCE_ROW,
2026,limesurvey_2026_deidentified.csv,6,22,,,EXCLUDED,,MSBS,A,,post,09,,,TRUE,FALSE,FALSE,FALSE,,EXCLUDED_SOURCE_ROW,
2026,limesurvey_2026_deidentified.csv,6,22,,,EXCLUDED,,MSBS,B,,post,09,,,TRUE,FALSE,FALSE,FALSE,,EXCLUDED_SOURCE_ROW,
2026,limesurvey_2026_deidentified.csv,7,23,,,EXCLUDED,,MSBS,A,,post,09,,,TRUE,FALSE,FALSE,FALSE,,EXCLUDED_SOURCE_ROW,
2026,limesurvey_2026_deidentified.csv,7,23,,,EXCLUDED,,MSBS,B,,post,09,,,TRUE,FALSE,FALSE,FALSE,,EXCLUDED_SOURCE_ROW,
2026,limesurvey_2026_deidentified.csv,11,29,,,EXCLUDED,,MSBS,A,,post,09,,,TRUE,FALSE,FALSE,FALSE,,EXCLUDED_SOURCE_ROW,
2026,limesurvey_2026_deidentified.csv,11,29,,,EXCLUDED,,MSBS,B,,post,09,,,TRUE,FALSE,FALSE,FALSE,,EXCLUDED_SOURCE_ROW,
2026,limesurvey_2026_deidentified.csv,29,48,,,EXCLUDED,,MSBS,A,,post,09,,,TRUE,FALSE,FALSE,FALSE,,EXCLUDED_SOURCE_ROW,
2026,limesurvey_2026_deidentified.csv,29,48,,,EXCLUDED,,MSBS,B,,post,09,,,TRUE,FALSE,FALSE,FALSE,,EXCLUDED_SOURCE_ROW,
2024,limesurvey_2024_deidentified.csv,16,condition B 2:50 participant has opened velcro by accident with right hand,,,EXCLUDED,,MSBS,A,,post,10,,,TRUE,FALSE,FALSE,FALSE,,EXCLUDED_SOURCE_ROW,
2024,limesurvey_2024_deidentified.csv,16,condition B 2:50 participant has opened velcro by accident with right hand,,,EXCLUDED,,MSBS,B,,post,10,,,TRUE,FALSE,FALSE,FALSE,,EXCLUDED_SOURCE_ROW,
2024,limesurvey_2024_deidentified.csv,17,"condtions B_2-4 at some point he crossed his arms""",,,EXCLUDED,,MSBS,A,,post,10,,,TRUE,FALSE,FALSE,FALSE,,EXCLUDED_SOURCE_ROW,
2024,limesurvey_2024_deidentified.csv,17,"condtions B_2-4 at some point he crossed his arms""",,,EXCLUDED,,MSBS,B,,post,10,,,TRUE,FALSE,FALSE,FALSE,,EXCLUDED_SOURCE_ROW,
2024,limesurvey_2024_deidentified.csv,25,B-LB-t1reden,,,EXCLUDED,,MSBS,A,,post,10,,,TRUE,FALSE,FALSE,FALSE,,EXCLUDED_SOURCE_ROW,
2024,limesurvey_2024_deidentified.csv,25,B-LB-t1reden,,,EXCLUDED,,MSBS,B,,post,10,,,TRUE,FALSE,FALSE,FALSE,,EXCLUDED_SOURCE_ROW,
2024,limesurvey_2024_deidentified.csv,26,"des Fußballs nicht gezählt bei podcast""",,,EXCLUDED,,MSBS,A,,post,10,,,TRUE,FALSE,FALSE,FALSE,,EXCLUDED_SOURCE_ROW,
2024,limesurvey_2024_deidentified.csv,26,"des Fußballs nicht gezählt bei podcast""",,,EXCLUDED,,MSBS,B,,post,10,,,TRUE,FALSE,FALSE,FALSE,,EXCLUDED_SOURCE_ROW,
2024,limesurvey_2024_deidentified.csv,28,40,,,EXCLUDED,,MSBS,A,,post,10,,,TRUE,FALSE,FALSE,FALSE,,EXCLUDED_SOURCE_ROW,
2024,limesurvey_2024_deidentified.csv,28,40,,,EXCLUDED,,MSBS,B,,post,10,,,TRUE,FALSE,FALSE,FALSE,,EXCLUDED_SOURCE_ROW,
2026,limesurvey_2026_deidentified.csv,2,18,,,EXCLUDED,,MSBS,A,,post,10,,,TRUE,FALSE,FALSE,FALSE,,EXCLUDED_SOURCE_ROW,
2026,limesurvey_2026_deidentified.csv,2,18,,,EXCLUDED,,MSBS,B,,post,10,,,TRUE,FALSE,FALSE,FALSE,,EXCLUDED_SOURCE_ROW,
2026,limesurvey_2026_deidentified.csv,3,19,,,EXCLUDED,,MSBS,A,,post,10,,,TRUE,FALSE,FALSE,FALSE,,EXCLUDED_SOURCE_ROW,
2026,limesurvey_2026_deidentified.csv,3,19,,,EXCLUDED,,MSBS,B,,post,10,,,TRUE,FALSE,FALSE,FALSE,,EXCLUDED_SOURCE_ROW,
2026,limesurvey_2026_deidentified.csv,6,22,,,EXCLUDED,,MSBS,A,,post,10,,,TRUE,FALSE,FALSE,FALSE,,EXCLUDED_SOURCE_ROW,
2026,limesurvey_2026_deidentified.csv,6,22,,,EXCLUDED,,MSBS,B,,post,10,,,TRUE,FALSE,FALSE,FALSE,,EXCLUDED_SOURCE_ROW,
2026,limesurvey_2026_deidentified.csv,7,23,,,EXCLUDED,,MSBS,A,,post,10,,,TRUE,FALSE,FALSE,FALSE,,EXCLUDED_SOURCE_ROW,
2026,limesurvey_2026_deidentified.csv,7,23,,,EXCLUDED,,MSBS,B,,post,10,,,TRUE,FALSE,FALSE,FALSE,,EXCLUDED_SOURCE_ROW,
2026,limesurvey_2026_deidentified.csv,11,29,,,EXCLUDED,,MSBS,A,,post,10,,,TRUE,FALSE,FALSE,FALSE,,EXCLUDED_SOURCE_ROW,
2026,limesurvey_2026_deidentified.csv,11,29,,,EXCLUDED,,MSBS,B,,post,10,,,TRUE,FALSE,FALSE,FALSE,,EXCLUDED_SOURCE_ROW,
2026,limesurvey_2026_deidentified.csv,29,48,,,EXCLUDED,,MSBS,A,,post,10,,,TRUE,FALSE,FALSE,FALSE,,EXCLUDED_SOURCE_ROW,
2026,limesurvey_2026_deidentified.csv,29,48,,,EXCLUDED,,MSBS,B,,post,10,,,TRUE,FALSE,FALSE,FALSE,,EXCLUDED_SOURCE_ROW,
2024,limesurvey_2024_deidentified.csv,16,condition B 2:50 participant has opened velcro by accident with right hand,,,EXCLUDED,,MSBS,A,,post,22,,,TRUE,FALSE,FALSE,FALSE,,EXCLUDED_SOURCE_ROW,
2024,limesurvey_2024_deidentified.csv,16,condition B 2:50 participant has opened velcro by accident with right hand,,,EXCLUDED,,MSBS,B,,post,22,,,TRUE,FALSE,FALSE,FALSE,,EXCLUDED_SOURCE_ROW,
2024,limesurvey_2024_deidentified.csv,17,"condtions B_2-4 at some point he crossed his arms""",,,EXCLUDED,,MSBS,A,,post,22,,,TRUE,FALSE,FALSE,FALSE,,EXCLUDED_SOURCE_ROW,
2024,limesurvey_2024_deidentified.csv,17,"condtions B_2-4 at some point he crossed his arms""",,,EXCLUDED,,MSBS,B,,post,22,,,TRUE,FALSE,FALSE,FALSE,,EXCLUDED_SOURCE_ROW,
2024,limesurvey_2024_deidentified.csv,25,B-LB-t1reden,,,EXCLUDED,,MSBS,A,,post,22,,,TRUE,FALSE,FALSE,FALSE,,EXCLUDED_SOURCE_ROW,
2024,limesurvey_2024_deidentified.csv,25,B-LB-t1reden,,,EXCLUDED,,MSBS,B,,post,22,,,TRUE,FALSE,FALSE,FALSE,,EXCLUDED_SOURCE_ROW,
2024,limesurvey_2024_deidentified.csv,26,"des Fußballs nicht gezählt bei podcast""",,,EXCLUDED,,MSBS,A,,post,22,,,TRUE,FALSE,FALSE,FALSE,,EXCLUDED_SOURCE_ROW,
2024,limesurvey_2024_deidentified.csv,26,"des Fußballs nicht gezählt bei podcast""",,,EXCLUDED,,MSBS,B,,post,22,,,TRUE,FALSE,FALSE,FALSE,,EXCLUDED_SOURCE_ROW,
2024,limesurvey_2024_deidentified.csv,28,40,,,EXCLUDED,,MSBS,A,,post,22,,,TRUE,FALSE,FALSE,FALSE,,EXCLUDED_SOURCE_ROW,
2024,limesurvey_2024_deidentified.csv,28,40,,,EXCLUDED,,MSBS,B,,post,22,,,TRUE,FALSE,FALSE,FALSE,,EXCLUDED_SOURCE_ROW,
2026,limesurvey_2026_deidentified.csv,2,18,,,EXCLUDED,,MSBS,A,,post,22,,,TRUE,FALSE,FALSE,FALSE,,EXCLUDED_SOURCE_ROW,
2026,limesurvey_2026_deidentified.csv,2,18,,,EXCLUDED,,MSBS,B,,post,22,,,TRUE,FALSE,FALSE,FALSE,,EXCLUDED_SOURCE_ROW,
2026,limesurvey_2026_deidentified.csv,3,19,,,EXCLUDED,,MSBS,A,,post,22,,,TRUE,FALSE,FALSE,FALSE,,EXCLUDED_SOURCE_ROW,
2026,limesurvey_2026_deidentified.csv,3,19,,,EXCLUDED,,MSBS,B,,post,22,,,TRUE,FALSE,FALSE,FALSE,,EXCLUDED_SOURCE_ROW,
2026,limesurvey_2026_deidentified.csv,6,22,,,EXCLUDED,,MSBS,A,,post,22,,,TRUE,FALSE,FALSE,FALSE,,EXCLUDED_SOURCE_ROW,
2026,limesurvey_2026_deidentified.csv,6,22,,,EXCLUDED,,MSBS,B,,post,22,,,TRUE,FALSE,FALSE,FALSE,,EXCLUDED_SOURCE_ROW,
2026,limesurvey_2026_deidentified.csv,7,23,,,EXCLUDED,,MSBS,A,,post,22,,,TRUE,FALSE,FALSE,FALSE,,EXCLUDED_SOURCE_ROW,
2026,limesurvey_2026_deidentified.csv,7,23,,,EXCLUDED,,MSBS,B,,post,22,,,TRUE,FALSE,FALSE,FALSE,,EXCLUDED_SOURCE_ROW,
2026,limesurvey_2026_deidentified.csv,11,29,,,EXCLUDED,,MSBS,A,,post,22,,,TRUE,FALSE,FALSE,FALSE,,EXCLUDED_SOURCE_ROW,
2026,limesurvey_2026_deidentified.csv,11,29,,,EXCLUDED,,MSBS,B,,post,22,,,TRUE,FALSE,FALSE,FALSE,,EXCLUDED_SOURCE_ROW,
2026,limesurvey_2026_deidentified.csv,29,48,,,EXCLUDED,,MSBS,A,,post,22,,,TRUE,FALSE,FALSE,FALSE,,EXCLUDED_SOURCE_ROW,
2026,limesurvey_2026_deidentified.csv,29,48,,,EXCLUDED,,MSBS,B,,post,22,,,TRUE,FALSE,FALSE,FALSE,,EXCLUDED_SOURCE_ROW,
2024,limesurvey_2024_deidentified.csv,16,condition B 2:50 participant has opened velcro by accident with right hand,,,EXCLUDED,,MSBS,A,,post,23,,,TRUE,FALSE,FALSE,FALSE,,EXCLUDED_SOURCE_ROW,
2024,limesurvey_2024_deidentified.csv,16,condition B 2:50 participant has opened velcro by accident with right hand,,,EXCLUDED,,MSBS,B,,post,23,,,TRUE,FALSE,FALSE,FALSE,,EXCLUDED_SOURCE_ROW,
2024,limesurvey_2024_deidentified.csv,17,"condtions B_2-4 at some point he crossed his arms""",,,EXCLUDED,,MSBS,A,,post,23,,,TRUE,FALSE,FALSE,FALSE,,EXCLUDED_SOURCE_ROW,
2024,limesurvey_2024_deidentified.csv,17,"condtions B_2-4 at some point he crossed his arms""",,,EXCLUDED,,MSBS,B,,post,23,,,TRUE,FALSE,FALSE,FALSE,,EXCLUDED_SOURCE_ROW,
2024,limesurvey_2024_deidentified.csv,25,B-LB-t1reden,,,EXCLUDED,,MSBS,A,,post,23,,,TRUE,FALSE,FALSE,FALSE,,EXCLUDED_SOURCE_ROW,
2024,limesurvey_2024_deidentified.csv,25,B-LB-t1reden,,,EXCLUDED,,MSBS,B,,post,23,,,TRUE,FALSE,FALSE,FALSE,,EXCLUDED_SOURCE_ROW,
2024,limesurvey_2024_deidentified.csv,26,"des Fußballs nicht gezählt bei podcast""",,,EXCLUDED,,MSBS,A,,post,23,,,TRUE,FALSE,FALSE,FALSE,,EXCLUDED_SOURCE_ROW,
2024,limesurvey_2024_deidentified.csv,26,"des Fußballs nicht gezählt bei podcast""",,,EXCLUDED,,MSBS,B,,post,23,,,TRUE,FALSE,FALSE,FALSE,,EXCLUDED_SOURCE_ROW,
2024,limesurvey_2024_deidentified.csv,28,40,,,EXCLUDED,,MSBS,A,,post,23,,,TRUE,FALSE,FALSE,FALSE,,EXCLUDED_SOURCE_ROW,
2024,limesurvey_2024_deidentified.csv,28,40,,,EXCLUDED,,MSBS,B,,post,23,,,TRUE,FALSE,FALSE,FALSE,,EXCLUDED_SOURCE_ROW,
2026,limesurvey_2026_deidentified.csv,2,18,,,EXCLUDED,,MSBS,A,,post,23,,,TRUE,FALSE,FALSE,FALSE,,EXCLUDED_SOURCE_ROW,
2026,limesurvey_2026_deidentified.csv,2,18,,,EXCLUDED,,MSBS,B,,post,23,,,TRUE,FALSE,FALSE,FALSE,,EXCLUDED_SOURCE_ROW,
2026,limesurvey_2026_deidentified.csv,3,19,,,EXCLUDED,,MSBS,A,,post,23,,,TRUE,FALSE,FALSE,FALSE,,EXCLUDED_SOURCE_ROW,
2026,limesurvey_2026_deidentified.csv,3,19,,,EXCLUDED,,MSBS,B,,post,23,,,TRUE,FALSE,FALSE,FALSE,,EXCLUDED_SOURCE_ROW,
2026,limesurvey_2026_deidentified.csv,6,22,,,EXCLUDED,,MSBS,A,,post,23,,,TRUE,FALSE,FALSE,FALSE,,EXCLUDED_SOURCE_ROW,
2026,limesurvey_2026_deidentified.csv,6,22,,,EXCLUDED,,MSBS,B,,post,23,,,TRUE,FALSE,FALSE,FALSE,,EXCLUDED_SOURCE_ROW,
2026,limesurvey_2026_deidentified.csv,7,23,,,EXCLUDED,,MSBS,A,,post,23,,,TRUE,FALSE,FALSE,FALSE,,EXCLUDED_SOURCE_ROW,
2026,limesurvey_2026_deidentified.csv,7,23,,,EXCLUDED,,MSBS,B,,post,23,,,TRUE,FALSE,FALSE,FALSE,,EXCLUDED_SOURCE_ROW,
2026,limesurvey_2026_deidentified.csv,11,29,,,EXCLUDED,,MSBS,A,,post,23,,,TRUE,FALSE,FALSE,FALSE,,EXCLUDED_SOURCE_ROW,
2026,limesurvey_2026_deidentified.csv,11,29,,,EXCLUDED,,MSBS,B,,post,23,,,TRUE,FALSE,FALSE,FALSE,,EXCLUDED_SOURCE_ROW,
2026,limesurvey_2026_deidentified.csv,29,48,,,EXCLUDED,,MSBS,A,,post,23,,,TRUE,FALSE,FALSE,FALSE,,EXCLUDED_SOURCE_ROW,
2026,limesurvey_2026_deidentified.csv,29,48,,,EXCLUDED,,MSBS,B,,post,23,,,TRUE,FALSE,FALSE,FALSE,,EXCLUDED_SOURCE_ROW,
2024,limesurvey_2024_deidentified.csv,16,condition B 2:50 participant has opened velcro by accident with right hand,,,EXCLUDED,,MSBS,A,,post,24,,,TRUE,FALSE,FALSE,FALSE,,EXCLUDED_SOURCE_ROW,
2024,limesurvey_2024_deidentified.csv,16,condition B 2:50 participant has opened velcro by accident with right hand,,,EXCLUDED,,MSBS,B,,post,24,,,TRUE,FALSE,FALSE,FALSE,,EXCLUDED_SOURCE_ROW,
2024,limesurvey_2024_deidentified.csv,17,"condtions B_2-4 at some point he crossed his arms""",,,EXCLUDED,,MSBS,A,,post,24,,,TRUE,FALSE,FALSE,FALSE,,EXCLUDED_SOURCE_ROW,
2024,limesurvey_2024_deidentified.csv,17,"condtions B_2-4 at some point he crossed his arms""",,,EXCLUDED,,MSBS,B,,post,24,,,TRUE,FALSE,FALSE,FALSE,,EXCLUDED_SOURCE_ROW,
2024,limesurvey_2024_deidentified.csv,25,B-LB-t1reden,,,EXCLUDED,,MSBS,A,,post,24,,,TRUE,FALSE,FALSE,FALSE,,EXCLUDED_SOURCE_ROW,
2024,limesurvey_2024_deidentified.csv,25,B-LB-t1reden,,,EXCLUDED,,MSBS,B,,post,24,,,TRUE,FALSE,FALSE,FALSE,,EXCLUDED_SOURCE_ROW,
2024,limesurvey_2024_deidentified.csv,26,"des Fußballs nicht gezählt bei podcast""",,,EXCLUDED,,MSBS,A,,post,24,,,TRUE,FALSE,FALSE,FALSE,,EXCLUDED_SOURCE_ROW,
2024,limesurvey_2024_deidentified.csv,26,"des Fußballs nicht gezählt bei podcast""",,,EXCLUDED,,MSBS,B,,post,24,,,TRUE,FALSE,FALSE,FALSE,,EXCLUDED_SOURCE_ROW,
2024,limesurvey_2024_deidentified.csv,28,40,,,EXCLUDED,,MSBS,A,,post,24,,,TRUE,FALSE,FALSE,FALSE,,EXCLUDED_SOURCE_ROW,
2024,limesurvey_2024_deidentified.csv,28,40,,,EXCLUDED,,MSBS,B,,post,24,,,TRUE,FALSE,FALSE,FALSE,,EXCLUDED_SOURCE_ROW,
2026,limesurvey_2026_deidentified.csv,2,18,,,EXCLUDED,,MSBS,A,,post,24,,,TRUE,FALSE,FALSE,FALSE,,EXCLUDED_SOURCE_ROW,
2026,limesurvey_2026_deidentified.csv,2,18,,,EXCLUDED,,MSBS,B,,post,24,,,TRUE,FALSE,FALSE,FALSE,,EXCLUDED_SOURCE_ROW,
2026,limesurvey_2026_deidentified.csv,3,19,,,EXCLUDED,,MSBS,A,,post,24,,,TRUE,FALSE,FALSE,FALSE,,EXCLUDED_SOURCE_ROW,
2026,limesurvey_2026_deidentified.csv,3,19,,,EXCLUDED,,MSBS,B,,post,24,,,TRUE,FALSE,FALSE,FALSE,,EXCLUDED_SOURCE_ROW,
2026,limesurvey_2026_deidentified.csv,6,22,,,EXCLUDED,,MSBS,A,,post,24,,,TRUE,FALSE,FALSE,FALSE,,EXCLUDED_SOURCE_ROW,
2026,limesurvey_2026_deidentified.csv,6,22,,,EXCLUDED,,MSBS,B,,post,24,,,TRUE,FALSE,FALSE,FALSE,,EXCLUDED_SOURCE_ROW,
2026,limesurvey_2026_deidentified.csv,7,23,,,EXCLUDED,,MSBS,A,,post,24,,,TRUE,FALSE,FALSE,FALSE,,EXCLUDED_SOURCE_ROW,
2026,limesurvey_2026_deidentified.csv,7,23,,,EXCLUDED,,MSBS,B,,post,24,,,TRUE,FALSE,FALSE,FALSE,,EXCLUDED_SOURCE_ROW,
2026,limesurvey_2026_deidentified.csv,11,29,,,EXCLUDED,,MSBS,A,,post,24,,,TRUE,FALSE,FALSE,FALSE,,EXCLUDED_SOURCE_ROW,
2026,limesurvey_2026_deidentified.csv,11,29,,,EXCLUDED,,MSBS,B,,post,24,,,TRUE,FALSE,FALSE,FALSE,,EXCLUDED_SOURCE_ROW,
2026,limesurvey_2026_deidentified.csv,29,48,,,EXCLUDED,,MSBS,A,,post,24,,,TRUE,FALSE,FALSE,FALSE,,EXCLUDED_SOURCE_ROW,
2026,limesurvey_2026_deidentified.csv,29,48,,,EXCLUDED,,MSBS,B,,post,24,,,TRUE,FALSE,FALSE,FALSE,,EXCLUDED_SOURCE_ROW,
2024,limesurvey_2024_deidentified.csv,16,condition B 2:50 participant has opened velcro by accident with right hand,,,EXCLUDED,,MSBS,A,,post,28,,,TRUE,FALSE,FALSE,FALSE,,EXCLUDED_SOURCE_ROW,
2024,limesurvey_2024_deidentified.csv,16,condition B 2:50 participant has opened velcro by accident with right hand,,,EXCLUDED,,MSBS,B,,post,28,,,TRUE,FALSE,FALSE,FALSE,,EXCLUDED_SOURCE_ROW,
2024,limesurvey_2024_deidentified.csv,17,"condtions B_2-4 at some point he crossed his arms""",,,EXCLUDED,,MSBS,A,,post,28,,,TRUE,FALSE,FALSE,FALSE,,EXCLUDED_SOURCE_ROW,
2024,limesurvey_2024_deidentified.csv,17,"condtions B_2-4 at some point he crossed his arms""",,,EXCLUDED,,MSBS,B,,post,28,,,TRUE,FALSE,FALSE,FALSE,,EXCLUDED_SOURCE_ROW,
2024,limesurvey_2024_deidentified.csv,25,B-LB-t1reden,,,EXCLUDED,,MSBS,A,,post,28,,,TRUE,FALSE,FALSE,FALSE,,EXCLUDED_SOURCE_ROW,
2024,limesurvey_2024_deidentified.csv,25,B-LB-t1reden,,,EXCLUDED,,MSBS,B,,post,28,,,TRUE,FALSE,FALSE,FALSE,,EXCLUDED_SOURCE_ROW,
2024,limesurvey_2024_deidentified.csv,26,"des Fußballs nicht gezählt bei podcast""",,,EXCLUDED,,MSBS,A,,post,28,,,TRUE,FALSE,FALSE,FALSE,,EXCLUDED_SOURCE_ROW,
2024,limesurvey_2024_deidentified.csv,26,"des Fußballs nicht gezählt bei podcast""",,,EXCLUDED,,MSBS,B,,post,28,,,TRUE,FALSE,FALSE,FALSE,,EXCLUDED_SOURCE_ROW,
2024,limesurvey_2024_deidentified.csv,28,40,,,EXCLUDED,,MSBS,A,,post,28,,,TRUE,FALSE,FALSE,FALSE,,EXCLUDED_SOURCE_ROW,
2024,limesurvey_2024_deidentified.csv,28,40,,,EXCLUDED,,MSBS,B,,post,28,,,TRUE,FALSE,FALSE,FALSE,,EXCLUDED_SOURCE_ROW,
2026,limesurvey_2026_deidentified.csv,2,18,,,EXCLUDED,,MSBS,A,,post,28,,,TRUE,FALSE,FALSE,FALSE,,EXCLUDED_SOURCE_ROW,
2026,limesurvey_2026_deidentified.csv,2,18,,,EXCLUDED,,MSBS,B,,post,28,,,TRUE,FALSE,FALSE,FALSE,,EXCLUDED_SOURCE_ROW,
2026,limesurvey_2026_deidentified.csv,3,19,,,EXCLUDED,,MSBS,A,,post,28,,,TRUE,FALSE,FALSE,FALSE,,EXCLUDED_SOURCE_ROW,
2026,limesurvey_2026_deidentified.csv,3,19,,,EXCLUDED,,MSBS,B,,post,28,,,TRUE,FALSE,FALSE,FALSE,,EXCLUDED_SOURCE_ROW,
2026,limesurvey_2026_deidentified.csv,6,22,,,EXCLUDED,,MSBS,A,,post,28,,,TRUE,FALSE,FALSE,FALSE,,EXCLUDED_SOURCE_ROW,
2026,limesurvey_2026_deidentified.csv,6,22,,,EXCLUDED,,MSBS,B,,post,28,,,TRUE,FALSE,FALSE,FALSE,,EXCLUDED_SOURCE_ROW,
2026,limesurvey_2026_deidentified.csv,7,23,,,EXCLUDED,,MSBS,A,,post,28,,,TRUE,FALSE,FALSE,FALSE,,EXCLUDED_SOURCE_ROW,
2026,limesurvey_2026_deidentified.csv,7,23,,,EXCLUDED,,MSBS,B,,post,28,,,TRUE,FALSE,FALSE,FALSE,,EXCLUDED_SOURCE_ROW,
2026,limesurvey_2026_deidentified.csv,11,29,,,EXCLUDED,,MSBS,A,,post,28,,,TRUE,FALSE,FALSE,FALSE,,EXCLUDED_SOURCE_ROW,
2026,limesurvey_2026_deidentified.csv,11,29,,,EXCLUDED,,MSBS,B,,post,28,,,TRUE,FALSE,FALSE,FALSE,,EXCLUDED_SOURCE_ROW,
2026,limesurvey_2026_deidentified.csv,29,48,,,EXCLUDED,,MSBS,A,,post,28,,,TRUE,FALSE,FALSE,FALSE,,EXCLUDED_SOURCE_ROW,
2026,limesurvey_2026_deidentified.csv,29,48,,,EXCLUDED,,MSBS,B,,post,28,,,TRUE,FALSE,FALSE,FALSE,,EXCLUDED_SOURCE_ROW,
2024,limesurvey_2024_deidentified.csv,16,condition B 2:50 participant has opened velcro by accident with right hand,,,EXCLUDED,,SBPS,,,trait,01,,,TRUE,FALSE,FALSE,FALSE,FALSE,EXCLUDED_SOURCE_ROW,
2024,limesurvey_2024_deidentified.csv,17,"condtions B_2-4 at some point he crossed his arms""",,,EXCLUDED,,SBPS,,,trait,01,,,TRUE,FALSE,FALSE,FALSE,FALSE,EXCLUDED_SOURCE_ROW,
2024,limesurvey_2024_deidentified.csv,25,B-LB-t1reden,,,EXCLUDED,,SBPS,,,trait,01,,,TRUE,FALSE,FALSE,FALSE,FALSE,EXCLUDED_SOURCE_ROW,
2024,limesurvey_2024_deidentified.csv,26,"des Fußballs nicht gezählt bei podcast""",,,EXCLUDED,,SBPS,,,trait,01,,,TRUE,FALSE,FALSE,FALSE,FALSE,EXCLUDED_SOURCE_ROW,
2024,limesurvey_2024_deidentified.csv,28,40,,,EXCLUDED,,SBPS,,,trait,01,,,TRUE,FALSE,FALSE,FALSE,FALSE,EXCLUDED_SOURCE_ROW,
2026,limesurvey_2026_deidentified.csv,2,18,,,EXCLUDED,,SBPS,,,trait,01,,,TRUE,FALSE,FALSE,FALSE,FALSE,EXCLUDED_SOURCE_ROW,
2026,limesurvey_2026_deidentified.csv,3,19,,,EXCLUDED,,SBPS,,,trait,01,,,TRUE,FALSE,FALSE,FALSE,FALSE,EXCLUDED_SOURCE_ROW,
2026,limesurvey_2026_deidentified.csv,6,22,,,EXCLUDED,,SBPS,,,trait,01,,,TRUE,FALSE,FALSE,FALSE,FALSE,EXCLUDED_SOURCE_ROW,
2026,limesurvey_2026_deidentified.csv,7,23,,,EXCLUDED,,SBPS,,,trait,01,,,TRUE,FALSE,FALSE,FALSE,FALSE,EXCLUDED_SOURCE_ROW,
2026,limesurvey_2026_deidentified.csv,11,29,,,EXCLUDED,,SBPS,,,trait,01,,,TRUE,FALSE,FALSE,FALSE,FALSE,EXCLUDED_SOURCE_ROW,
2026,limesurvey_2026_deidentified.csv,29,48,,,EXCLUDED,,SBPS,,,trait,01,,,TRUE,FALSE,FALSE,FALSE,FALSE,EXCLUDED_SOURCE_ROW,
2024,limesurvey_2024_deidentified.csv,16,condition B 2:50 participant has opened velcro by accident with right hand,,,EXCLUDED,,SBPS,,,trait,02,,,TRUE,FALSE,FALSE,FALSE,FALSE,EXCLUDED_SOURCE_ROW,
2024,limesurvey_2024_deidentified.csv,17,"condtions B_2-4 at some point he crossed his arms""",,,EXCLUDED,,SBPS,,,trait,02,,,TRUE,FALSE,FALSE,FALSE,FALSE,EXCLUDED_SOURCE_ROW,
2024,limesurvey_2024_deidentified.csv,25,B-LB-t1reden,,,EXCLUDED,,SBPS,,,trait,02,,,TRUE,FALSE,FALSE,FALSE,FALSE,EXCLUDED_SOURCE_ROW,
2024,limesurvey_2024_deidentified.csv,26,"des Fußballs nicht gezählt bei podcast""",,,EXCLUDED,,SBPS,,,trait,02,,,TRUE,FALSE,FALSE,FALSE,FALSE,EXCLUDED_SOURCE_ROW,
2024,limesurvey_2024_deidentified.csv,28,40,,,EXCLUDED,,SBPS,,,trait,02,,,TRUE,FALSE,FALSE,FALSE,FALSE,EXCLUDED_SOURCE_ROW,
2026,limesurvey_2026_deidentified.csv,2,18,,,EXCLUDED,,SBPS,,,trait,02,,,TRUE,FALSE,FALSE,FALSE,FALSE,EXCLUDED_SOURCE_ROW,
2026,limesurvey_2026_deidentified.csv,3,19,,,EXCLUDED,,SBPS,,,trait,02,,,TRUE,FALSE,FALSE,FALSE,FALSE,EXCLUDED_SOURCE_ROW,
2026,limesurvey_2026_deidentified.csv,6,22,,,EXCLUDED,,SBPS,,,trait,02,,,TRUE,FALSE,FALSE,FALSE,FALSE,EXCLUDED_SOURCE_ROW,
2026,limesurvey_2026_deidentified.csv,7,23,,,EXCLUDED,,SBPS,,,trait,02,,,TRUE,FALSE,FALSE,FALSE,FALSE,EXCLUDED_SOURCE_ROW,
2026,limesurvey_2026_deidentified.csv,11,29,,,EXCLUDED,,SBPS,,,trait,02,,,TRUE,FALSE,FALSE,FALSE,FALSE,EXCLUDED_SOURCE_ROW,
2026,limesurvey_2026_deidentified.csv,29,48,,,EXCLUDED,,SBPS,,,trait,02,,,TRUE,FALSE,FALSE,FALSE,FALSE,EXCLUDED_SOURCE_ROW,
2024,limesurvey_2024_deidentified.csv,16,condition B 2:50 participant has opened velcro by accident with right hand,,,EXCLUDED,,SBPS,,,trait,03,,,TRUE,FALSE,FALSE,FALSE,FALSE,EXCLUDED_SOURCE_ROW,
2024,limesurvey_2024_deidentified.csv,17,"condtions B_2-4 at some point he crossed his arms""",,,EXCLUDED,,SBPS,,,trait,03,,,TRUE,FALSE,FALSE,FALSE,FALSE,EXCLUDED_SOURCE_ROW,
2024,limesurvey_2024_deidentified.csv,25,B-LB-t1reden,,,EXCLUDED,,SBPS,,,trait,03,,,TRUE,FALSE,FALSE,FALSE,FALSE,EXCLUDED_SOURCE_ROW,
2024,limesurvey_2024_deidentified.csv,26,"des Fußballs nicht gezählt bei podcast""",,,EXCLUDED,,SBPS,,,trait,03,,,TRUE,FALSE,FALSE,FALSE,FALSE,EXCLUDED_SOURCE_ROW,
2024,limesurvey_2024_deidentified.csv,28,40,,,EXCLUDED,,SBPS,,,trait,03,,,TRUE,FALSE,FALSE,FALSE,FALSE,EXCLUDED_SOURCE_ROW,
2026,limesurvey_2026_deidentified.csv,2,18,,,EXCLUDED,,SBPS,,,trait,03,,,TRUE,FALSE,FALSE,FALSE,FALSE,EXCLUDED_SOURCE_ROW,
2026,limesurvey_2026_deidentified.csv,3,19,,,EXCLUDED,,SBPS,,,trait,03,,,TRUE,FALSE,FALSE,FALSE,FALSE,EXCLUDED_SOURCE_ROW,
2026,limesurvey_2026_deidentified.csv,6,22,,,EXCLUDED,,SBPS,,,trait,03,,,TRUE,FALSE,FALSE,FALSE,FALSE,EXCLUDED_SOURCE_ROW,
2026,limesurvey_2026_deidentified.csv,7,23,,,EXCLUDED,,SBPS,,,trait,03,,,TRUE,FALSE,FALSE,FALSE,FALSE,EXCLUDED_SOURCE_ROW,
2026,limesurvey_2026_deidentified.csv,11,29,,,EXCLUDED,,SBPS,,,trait,03,,,TRUE,FALSE,FALSE,FALSE,FALSE,EXCLUDED_SOURCE_ROW,
2026,limesurvey_2026_deidentified.csv,29,48,,,EXCLUDED,,SBPS,,,trait,03,,,TRUE,FALSE,FALSE,FALSE,FALSE,EXCLUDED_SOURCE_ROW,
2024,limesurvey_2024_deidentified.csv,16,condition B 2:50 participant has opened velcro by accident with right hand,,,EXCLUDED,,SBPS,,,trait,04,,,TRUE,FALSE,FALSE,FALSE,FALSE,EXCLUDED_SOURCE_ROW,
2024,limesurvey_2024_deidentified.csv,17,"condtions B_2-4 at some point he crossed his arms""",,,EXCLUDED,,SBPS,,,trait,04,,,TRUE,FALSE,FALSE,FALSE,FALSE,EXCLUDED_SOURCE_ROW,
2024,limesurvey_2024_deidentified.csv,25,B-LB-t1reden,,,EXCLUDED,,SBPS,,,trait,04,,,TRUE,FALSE,FALSE,FALSE,FALSE,EXCLUDED_SOURCE_ROW,
2024,limesurvey_2024_deidentified.csv,26,"des Fußballs nicht gezählt bei podcast""",,,EXCLUDED,,SBPS,,,trait,04,,,TRUE,FALSE,FALSE,FALSE,FALSE,EXCLUDED_SOURCE_ROW,
2024,limesurvey_2024_deidentified.csv,28,40,,,EXCLUDED,,SBPS,,,trait,04,,,TRUE,FALSE,FALSE,FALSE,FALSE,EXCLUDED_SOURCE_ROW,
2026,limesurvey_2026_deidentified.csv,2,18,,,EXCLUDED,,SBPS,,,trait,04,,,TRUE,FALSE,FALSE,FALSE,FALSE,EXCLUDED_SOURCE_ROW,
2026,limesurvey_2026_deidentified.csv,3,19,,,EXCLUDED,,SBPS,,,trait,04,,,TRUE,FALSE,FALSE,FALSE,FALSE,EXCLUDED_SOURCE_ROW,
2026,limesurvey_2026_deidentified.csv,6,22,,,EXCLUDED,,SBPS,,,trait,04,,,TRUE,FALSE,FALSE,FALSE,FALSE,EXCLUDED_SOURCE_ROW,
2026,limesurvey_2026_deidentified.csv,7,23,,,EXCLUDED,,SBPS,,,trait,04,,,TRUE,FALSE,FALSE,FALSE,FALSE,EXCLUDED_SOURCE_ROW,
2026,limesurvey_2026_deidentified.csv,11,29,,,EXCLUDED,,SBPS,,,trait,04,,,TRUE,FALSE,FALSE,FALSE,FALSE,EXCLUDED_SOURCE_ROW,
2026,limesurvey_2026_deidentified.csv,29,48,,,EXCLUDED,,SBPS,,,trait,04,,,TRUE,FALSE,FALSE,FALSE,FALSE,EXCLUDED_SOURCE_ROW,
2024,limesurvey_2024_deidentified.csv,16,condition B 2:50 participant has opened velcro by accident with right hand,,,EXCLUDED,,SBPS,,,trait,05,,,TRUE,FALSE,FALSE,FALSE,FALSE,EXCLUDED_SOURCE_ROW,
2024,limesurvey_2024_deidentified.csv,17,"condtions B_2-4 at some point he crossed his arms""",,,EXCLUDED,,SBPS,,,trait,05,,,TRUE,FALSE,FALSE,FALSE,FALSE,EXCLUDED_SOURCE_ROW,
2024,limesurvey_2024_deidentified.csv,25,B-LB-t1reden,,,EXCLUDED,,SBPS,,,trait,05,,,TRUE,FALSE,FALSE,FALSE,FALSE,EXCLUDED_SOURCE_ROW,
2024,limesurvey_2024_deidentified.csv,26,"des Fußballs nicht gezählt bei podcast""",,,EXCLUDED,,SBPS,,,trait,05,,,TRUE,FALSE,FALSE,FALSE,FALSE,EXCLUDED_SOURCE_ROW,
2024,limesurvey_2024_deidentified.csv,28,40,,,EXCLUDED,,SBPS,,,trait,05,,,TRUE,FALSE,FALSE,FALSE,FALSE,EXCLUDED_SOURCE_ROW,
2026,limesurvey_2026_deidentified.csv,2,18,,,EXCLUDED,,SBPS,,,trait,05,,,TRUE,FALSE,FALSE,FALSE,FALSE,EXCLUDED_SOURCE_ROW,
2026,limesurvey_2026_deidentified.csv,3,19,,,EXCLUDED,,SBPS,,,trait,05,,,TRUE,FALSE,FALSE,FALSE,FALSE,EXCLUDED_SOURCE_ROW,
2026,limesurvey_2026_deidentified.csv,6,22,,,EXCLUDED,,SBPS,,,trait,05,,,TRUE,FALSE,FALSE,FALSE,FALSE,EXCLUDED_SOURCE_ROW,
2026,limesurvey_2026_deidentified.csv,7,23,,,EXCLUDED,,SBPS,,,trait,05,,,TRUE,FALSE,FALSE,FALSE,FALSE,EXCLUDED_SOURCE_ROW,
2026,limesurvey_2026_deidentified.csv,11,29,,,EXCLUDED,,SBPS,,,trait,05,,,TRUE,FALSE,FALSE,FALSE,FALSE,EXCLUDED_SOURCE_ROW,
2026,limesurvey_2026_deidentified.csv,29,48,,,EXCLUDED,,SBPS,,,trait,05,,,TRUE,FALSE,FALSE,FALSE,FALSE,EXCLUDED_SOURCE_ROW,
2024,limesurvey_2024_deidentified.csv,16,condition B 2:50 participant has opened velcro by accident with right hand,,,EXCLUDED,,SBPS,,,trait,06,,,TRUE,FALSE,FALSE,FALSE,FALSE,EXCLUDED_SOURCE_ROW,
2024,limesurvey_2024_deidentified.csv,17,"condtions B_2-4 at some point he crossed his arms""",,,EXCLUDED,,SBPS,,,trait,06,,,TRUE,FALSE,FALSE,FALSE,FALSE,EXCLUDED_SOURCE_ROW,
2024,limesurvey_2024_deidentified.csv,25,B-LB-t1reden,,,EXCLUDED,,SBPS,,,trait,06,,,TRUE,FALSE,FALSE,FALSE,FALSE,EXCLUDED_SOURCE_ROW,
2024,limesurvey_2024_deidentified.csv,26,"des Fußballs nicht gezählt bei podcast""",,,EXCLUDED,,SBPS,,,trait,06,,,TRUE,FALSE,FALSE,FALSE,FALSE,EXCLUDED_SOURCE_ROW,
2024,limesurvey_2024_deidentified.csv,28,40,,,EXCLUDED,,SBPS,,,trait,06,,,TRUE,FALSE,FALSE,FALSE,FALSE,EXCLUDED_SOURCE_ROW,
2026,limesurvey_2026_deidentified.csv,2,18,,,EXCLUDED,,SBPS,,,trait,06,,,TRUE,FALSE,FALSE,FALSE,FALSE,EXCLUDED_SOURCE_ROW,
2026,limesurvey_2026_deidentified.csv,3,19,,,EXCLUDED,,SBPS,,,trait,06,,,TRUE,FALSE,FALSE,FALSE,FALSE,EXCLUDED_SOURCE_ROW,
2026,limesurvey_2026_deidentified.csv,6,22,,,EXCLUDED,,SBPS,,,trait,06,,,TRUE,FALSE,FALSE,FALSE,FALSE,EXCLUDED_SOURCE_ROW,
2026,limesurvey_2026_deidentified.csv,7,23,,,EXCLUDED,,SBPS,,,trait,06,,,TRUE,FALSE,FALSE,FALSE,FALSE,EXCLUDED_SOURCE_ROW,
2026,limesurvey_2026_deidentified.csv,11,29,,,EXCLUDED,,SBPS,,,trait,06,,,TRUE,FALSE,FALSE,FALSE,FALSE,EXCLUDED_SOURCE_ROW,
2026,limesurvey_2026_deidentified.csv,29,48,,,EXCLUDED,,SBPS,,,trait,06,,,TRUE,FALSE,FALSE,FALSE,FALSE,EXCLUDED_SOURCE_ROW,
2024,limesurvey_2024_deidentified.csv,16,condition B 2:50 participant has opened velcro by accident with right hand,,,EXCLUDED,,SBPS,,,trait,07,,,TRUE,FALSE,FALSE,FALSE,FALSE,EXCLUDED_SOURCE_ROW,
2024,limesurvey_2024_deidentified.csv,17,"condtions B_2-4 at some point he crossed his arms""",,,EXCLUDED,,SBPS,,,trait,07,,,TRUE,FALSE,FALSE,FALSE,FALSE,EXCLUDED_SOURCE_ROW,
2024,limesurvey_2024_deidentified.csv,25,B-LB-t1reden,,,EXCLUDED,,SBPS,,,trait,07,,,TRUE,FALSE,FALSE,FALSE,FALSE,EXCLUDED_SOURCE_ROW,
2024,limesurvey_2024_deidentified.csv,26,"des Fußballs nicht gezählt bei podcast""",,,EXCLUDED,,SBPS,,,trait,07,,,TRUE,FALSE,FALSE,FALSE,FALSE,EXCLUDED_SOURCE_ROW,
2024,limesurvey_2024_deidentified.csv,28,40,,,EXCLUDED,,SBPS,,,trait,07,,,TRUE,FALSE,FALSE,FALSE,FALSE,EXCLUDED_SOURCE_ROW,
2026,limesurvey_2026_deidentified.csv,2,18,,,EXCLUDED,,SBPS,,,trait,07,,,TRUE,FALSE,FALSE,FALSE,FALSE,EXCLUDED_SOURCE_ROW,
2026,limesurvey_2026_deidentified.csv,3,19,,,EXCLUDED,,SBPS,,,trait,07,,,TRUE,FALSE,FALSE,FALSE,FALSE,EXCLUDED_SOURCE_ROW,
2026,limesurvey_2026_deidentified.csv,6,22,,,EXCLUDED,,SBPS,,,trait,07,,,TRUE,FALSE,FALSE,FALSE,FALSE,EXCLUDED_SOURCE_ROW,
2026,limesurvey_2026_deidentified.csv,7,23,,,EXCLUDED,,SBPS,,,trait,07,,,TRUE,FALSE,FALSE,FALSE,FALSE,EXCLUDED_SOURCE_ROW,
2026,limesurvey_2026_deidentified.csv,11,29,,,EXCLUDED,,SBPS,,,trait,07,,,TRUE,FALSE,FALSE,FALSE,FALSE,EXCLUDED_SOURCE_ROW,
2026,limesurvey_2026_deidentified.csv,29,48,,,EXCLUDED,,SBPS,,,trait,07,,,TRUE,FALSE,FALSE,FALSE,FALSE,EXCLUDED_SOURCE_ROW,
2024,limesurvey_2024_deidentified.csv,16,condition B 2:50 participant has opened velcro by accident with right hand,,,EXCLUDED,,SBPS,,,trait,08,,,TRUE,FALSE,FALSE,FALSE,FALSE,EXCLUDED_SOURCE_ROW,
2024,limesurvey_2024_deidentified.csv,17,"condtions B_2-4 at some point he crossed his arms""",,,EXCLUDED,,SBPS,,,trait,08,,,TRUE,FALSE,FALSE,FALSE,FALSE,EXCLUDED_SOURCE_ROW,
2024,limesurvey_2024_deidentified.csv,25,B-LB-t1reden,,,EXCLUDED,,SBPS,,,trait,08,,,TRUE,FALSE,FALSE,FALSE,FALSE,EXCLUDED_SOURCE_ROW,
2024,limesurvey_2024_deidentified.csv,26,"des Fußballs nicht gezählt bei podcast""",,,EXCLUDED,,SBPS,,,trait,08,,,TRUE,FALSE,FALSE,FALSE,FALSE,EXCLUDED_SOURCE_ROW,
2024,limesurvey_2024_deidentified.csv,28,40,,,EXCLUDED,,SBPS,,,trait,08,,,TRUE,FALSE,FALSE,FALSE,FALSE,EXCLUDED_SOURCE_ROW,
2026,limesurvey_2026_deidentified.csv,2,18,,,EXCLUDED,,SBPS,,,trait,08,,,TRUE,FALSE,FALSE,FALSE,FALSE,EXCLUDED_SOURCE_ROW,
2026,limesurvey_2026_deidentified.csv,3,19,,,EXCLUDED,,SBPS,,,trait,08,,,TRUE,FALSE,FALSE,FALSE,FALSE,EXCLUDED_SOURCE_ROW,
2026,limesurvey_2026_deidentified.csv,6,22,,,EXCLUDED,,SBPS,,,trait,08,,,TRUE,FALSE,FALSE,FALSE,FALSE,EXCLUDED_SOURCE_ROW,
2026,limesurvey_2026_deidentified.csv,7,23,,,EXCLUDED,,SBPS,,,trait,08,,,TRUE,FALSE,FALSE,FALSE,FALSE,EXCLUDED_SOURCE_ROW,
2026,limesurvey_2026_deidentified.csv,11,29,,,EXCLUDED,,SBPS,,,trait,08,,,TRUE,FALSE,FALSE,FALSE,FALSE,EXCLUDED_SOURCE_ROW,
2026,limesurvey_2026_deidentified.csv,29,48,,,EXCLUDED,,SBPS,,,trait,08,,,TRUE,FALSE,FALSE,FALSE,FALSE,EXCLUDED_SOURCE_ROW,
2026,limesurvey_2026_deidentified.csv,25,44,AN06AN18,AN06AN18,INCLUDED,LB_HB,MSBS,B,HB,baseline,01,1 - stimme überhaupt nicht zu,1,FALSE,FALSE,FALSE,FALSE,FALSE,VALID,
2026,limesurvey_2026_deidentified.csv,25,44,AN06AN18,AN06AN18,INCLUDED,LB_HB,MSBS,B,HB,baseline,03,2,2,FALSE,FALSE,FALSE,FALSE,FALSE,VALID,
2026,limesurvey_2026_deidentified.csv,25,44,AN06AN18,AN06AN18,INCLUDED,LB_HB,MSBS,B,HB,baseline,09,1 - stimme überhaupt nicht zu,1,FALSE,FALSE,FALSE,FALSE,FALSE,VALID,
2026,limesurvey_2026_deidentified.csv,25,44,AN06AN18,AN06AN18,INCLUDED,LB_HB,MSBS,B,HB,baseline,10,2,2,FALSE,FALSE,FALSE,FALSE,FALSE,VALID,
2026,limesurvey_2026_deidentified.csv,25,44,AN06AN18,AN06AN18,INCLUDED,LB_HB,MSBS,B,HB,baseline,22,2,2,FALSE,FALSE,FALSE,FALSE,FALSE,VALID,
2026,limesurvey_2026_deidentified.csv,25,44,AN06AN18,AN06AN18,INCLUDED,LB_HB,MSBS,B,HB,baseline,23,1 - stimme überhaupt nicht zu,1,FALSE,FALSE,FALSE,FALSE,FALSE,VALID,
2026,limesurvey_2026_deidentified.csv,25,44,AN06AN18,AN06AN18,INCLUDED,LB_HB,MSBS,B,HB,baseline,24,1 - stimme überhaupt nicht zu,1,FALSE,FALSE,FALSE,FALSE,FALSE,VALID,
2026,limesurvey_2026_deidentified.csv,25,44,AN06AN18,AN06AN18,INCLUDED,LB_HB,MSBS,B,HB,baseline,28,2,2,FALSE,FALSE,FALSE,FALSE,FALSE,VALID,
2026,limesurvey_2026_deidentified.csv,25,44,AN06AN18,AN06AN18,INCLUDED,LB_HB,MSBS,B,HB,post,01,2,2,FALSE,FALSE,FALSE,FALSE,FALSE,VALID,
2026,limesurvey_2026_deidentified.csv,25,44,AN06AN18,AN06AN18,INCLUDED,LB_HB,MSBS,B,HB,post,03,2,2,FALSE,FALSE,FALSE,FALSE,FALSE,VALID,
2026,limesurvey_2026_deidentified.csv,25,44,AN06AN18,AN06AN18,INCLUDED,LB_HB,MSBS,B,HB,post,09,1 - stimme überhaupt nicht zu,1,FALSE,FALSE,FALSE,FALSE,FALSE,VALID,
2026,limesurvey_2026_deidentified.csv,25,44,AN06AN18,AN06AN18,INCLUDED,LB_HB,MSBS,B,HB,post,10,3,3,FALSE,FALSE,FALSE,FALSE,FALSE,VALID,
2026,limesurvey_2026_deidentified.csv,25,44,AN06AN18,AN06AN18,INCLUDED,LB_HB,MSBS,B,HB,post,22,2,2,FALSE,FALSE,FALSE,FALSE,FALSE,VALID,
2026,limesurvey_2026_deidentified.csv,25,44,AN06AN18,AN06AN18,INCLUDED,LB_HB,MSBS,B,HB,post,23,3,3,FALSE,FALSE,FALSE,FALSE,FALSE,VALID,
2026,limesurvey_2026_deidentified.csv,25,44,AN06AN18,AN06AN18,INCLUDED,LB_HB,MSBS,B,HB,post,24,1 - stimme überhaupt nicht zu,1,FALSE,FALSE,FALSE,FALSE,FALSE,VALID,
2026,limesurvey_2026_deidentified.csv,25,44,AN06AN18,AN06AN18,INCLUDED,LB_HB,MSBS,B,HB,post,28,2,2,FALSE,FALSE,FALSE,FALSE,FALSE,VALID,
2026,limesurvey_2026_deidentified.csv,25,44,AN06AN18,AN06AN18,INCLUDED,LB_HB,MSBS,A,LB,baseline,01,1 - stimme überhaupt nicht zu,1,FALSE,FALSE,FALSE,FALSE,FALSE,VALID,
2026,limesurvey_2026_deidentified.csv,25,44,AN06AN18,AN06AN18,INCLUDED,LB_HB,MSBS,A,LB,baseline,03,1 - stimme überhaupt nicht zu,1,FALSE,FALSE,FALSE,FALSE,FALSE,VALID,
2026,limesurvey_2026_deidentified.csv,25,44,AN06AN18,AN06AN18,INCLUDED,LB_HB,MSBS,A,LB,baseline,09,1 - stimme überhaupt nicht zu,1,FALSE,FALSE,FALSE,FALSE,FALSE,VALID,
2026,limesurvey_2026_deidentified.csv,25,44,AN06AN18,AN06AN18,INCLUDED,LB_HB,MSBS,A,LB,baseline,10,1 - stimme überhaupt nicht zu,1,FALSE,FALSE,FALSE,FALSE,FALSE,VALID,
2026,limesurvey_2026_deidentified.csv,25,44,AN06AN18,AN06AN18,INCLUDED,LB_HB,MSBS,A,LB,baseline,22,2,2,FALSE,FALSE,FALSE,FALSE,FALSE,VALID,
2026,limesurvey_2026_deidentified.csv,25,44,AN06AN18,AN06AN18,INCLUDED,LB_HB,MSBS,A,LB,baseline,23,1 - stimme überhaupt nicht zu,1,FALSE,FALSE,FALSE,FALSE,FALSE,VALID,
2026,limesurvey_2026_deidentified.csv,25,44,AN06AN18,AN06AN18,INCLUDED,LB_HB,MSBS,A,LB,baseline,24,1 - stimme überhaupt nicht zu,1,FALSE,FALSE,FALSE,FALSE,FALSE,VALID,
2026,limesurvey_2026_deidentified.csv,25,44,AN06AN18,AN06AN18,INCLUDED,LB_HB,MSBS,A,LB,baseline,28,1 - stimme überhaupt nicht zu,1,FALSE,FALSE,FALSE,FALSE,FALSE,VALID,
2026,limesurvey_2026_deidentified.csv,25,44,AN06AN18,AN06AN18,INCLUDED,LB_HB,MSBS,A,LB,post,01,1 - stimme überhaupt nicht zu,1,FALSE,FALSE,FALSE,FALSE,FALSE,VALID,
2026,limesurvey_2026_deidentified.csv,25,44,AN06AN18,AN06AN18,INCLUDED,LB_HB,MSBS,A,LB,post,03,2,2,FALSE,FALSE,FALSE,FALSE,FALSE,VALID,
2026,limesurvey_2026_deidentified.csv,25,44,AN06AN18,AN06AN18,INCLUDED,LB_HB,MSBS,A,LB,post,09,1 - stimme überhaupt nicht zu,1,FALSE,FALSE,FALSE,FALSE,FALSE,VALID,
2026,limesurvey_2026_deidentified.csv,25,44,AN06AN18,AN06AN18,INCLUDED,LB_HB,MSBS,A,LB,post,10,2,2,FALSE,FALSE,FALSE,FALSE,FALSE,VALID,
2026,limesurvey_2026_deidentified.csv,25,44,AN06AN18,AN06AN18,INCLUDED,LB_HB,MSBS,A,LB,post,22,2,2,FALSE,FALSE,FALSE,FALSE,FALSE,VALID,
2026,limesurvey_2026_deidentified.csv,25,44,AN06AN18,AN06AN18,INCLUDED,LB_HB,MSBS,A,LB,post,23,1 - stimme überhaupt nicht zu,1,FALSE,FALSE,FALSE,FALSE,FALSE,VALID,
2026,limesurvey_2026_deidentified.csv,25,44,AN06AN18,AN06AN18,INCLUDED,LB_HB,MSBS,A,LB,post,24,1 - stimme überhaupt nicht zu,1,FALSE,FALSE,FALSE,FALSE,FALSE,VALID,
2026,limesurvey_2026_deidentified.csv,25,44,AN06AN18,AN06AN18,INCLUDED,LB_HB,MSBS,A,LB,post,28,2,2,FALSE,FALSE,FALSE,FALSE,FALSE,VALID,
2026,limesurvey_2026_deidentified.csv,25,44,AN06AN18,AN06AN18,INCLUDED,LB_HB,SBPS,,,trait,01,1 - stimme überhaupt nicht zu,1,FALSE,FALSE,FALSE,FALSE,FALSE,VALID,
2026,limesurvey_2026_deidentified.csv,25,44,AN06AN18,AN06AN18,INCLUDED,LB_HB,SBPS,,,trait,02,1 - stimme überhaupt nicht zu,1,FALSE,FALSE,FALSE,FALSE,FALSE,VALID,
2026,limesurvey_2026_deidentified.csv,25,44,AN06AN18,AN06AN18,INCLUDED,LB_HB,SBPS,,,trait,03,2,2,FALSE,FALSE,FALSE,FALSE,FALSE,VALID,
2026,limesurvey_2026_deidentified.csv,25,44,AN06AN18,AN06AN18,INCLUDED,LB_HB,SBPS,,,trait,04,1 - stimme überhaupt nicht zu,1,FALSE,FALSE,FALSE,FALSE,FALSE,VALID,
2026,limesurvey_2026_deidentified.csv,25,44,AN06AN18,AN06AN18,INCLUDED,LB_HB,SBPS,,,trait,05,2,2,FALSE,FALSE,FALSE,FALSE,FALSE,VALID,
2026,limesurvey_2026_deidentified.csv,25,44,AN06AN18,AN06AN18,INCLUDED,LB_HB,SBPS,,,trait,06,1 - stimme überhaupt nicht zu,1,FALSE,FALSE,FALSE,FALSE,FALSE,VALID,
2026,limesurvey_2026_deidentified.csv,25,44,AN06AN18,AN06AN18,INCLUDED,LB_HB,SBPS,,,trait,07,1 - stimme überhaupt nicht zu,1,FALSE,FALSE,FALSE,FALSE,FALSE,VALID,
2026,limesurvey_2026_deidentified.csv,25,44,AN06AN18,AN06AN18,INCLUDED,LB_HB,SBPS,,,trait,08,1 - stimme überhaupt nicht zu,1,FALSE,FALSE,FALSE,FALSE,FALSE,VALID,
2026,limesurvey_2026_deidentified.csv,24,43,AN,AN07IE11,INCLUDED,HB_LB,MSBS,A,HB,baseline,01,2,2,FALSE,FALSE,FALSE,FALSE,FALSE,VALID,
2026,limesurvey_2026_deidentified.csv,24,43,AN,AN07IE11,INCLUDED,HB_LB,MSBS,A,HB,baseline,03,3,3,FALSE,FALSE,FALSE,FALSE,FALSE,VALID,
2026,limesurvey_2026_deidentified.csv,24,43,AN,AN07IE11,INCLUDED,HB_LB,MSBS,A,HB,baseline,09,1 - stimme überhaupt nicht zu,1,FALSE,FALSE,FALSE,FALSE,FALSE,VALID,
2026,limesurvey_2026_deidentified.csv,24,43,AN,AN07IE11,INCLUDED,HB_LB,MSBS,A,HB,baseline,10,1 - stimme überhaupt nicht zu,1,FALSE,FALSE,FALSE,FALSE,FALSE,VALID,
2026,limesurvey_2026_deidentified.csv,24,43,AN,AN07IE11,INCLUDED,HB_LB,MSBS,A,HB,baseline,22,2,2,FALSE,FALSE,FALSE,FALSE,FALSE,VALID,
2026,limesurvey_2026_deidentified.csv,24,43,AN,AN07IE11,INCLUDED,HB_LB,MSBS,A,HB,baseline,23,2,2,FALSE,FALSE,FALSE,FALSE,FALSE,VALID,
2026,limesurvey_2026_deidentified.csv,24,43,AN,AN07IE11,INCLUDED,HB_LB,MSBS,A,HB,baseline,24,2,2,FALSE,FALSE,FALSE,FALSE,FALSE,VALID,
2026,limesurvey_2026_deidentified.csv,24,43,AN,AN07IE11,INCLUDED,HB_LB,MSBS,A,HB,baseline,28,1 - stimme überhaupt nicht zu,1,FALSE,FALSE,FALSE,FALSE,FALSE,VALID,
2026,limesurvey_2026_deidentified.csv,24,43,AN,AN07IE11,INCLUDED,HB_LB,MSBS,A,HB,post,01,6,6,FALSE,FALSE,FALSE,FALSE,FALSE,VALID,
2026,limesurvey_2026_deidentified.csv,24,43,AN,AN07IE11,INCLUDED,HB_LB,MSBS,A,HB,post,03,4,4,FALSE,FALSE,FALSE,FALSE,FALSE,VALID,
2026,limesurvey_2026_deidentified.csv,24,43,AN,AN07IE11,INCLUDED,HB_LB,MSBS,A,HB,post,09,4,4,FALSE,FALSE,FALSE,FALSE,FALSE,VALID,
2026,limesurvey_2026_deidentified.csv,24,43,AN,AN07IE11,INCLUDED,HB_LB,MSBS,A,HB,post,10,4,4,FALSE,FALSE,FALSE,FALSE,FALSE,VALID,
2026,limesurvey_2026_deidentified.csv,24,43,AN,AN07IE11,INCLUDED,HB_LB,MSBS,A,HB,post,22,5,5,FALSE,FALSE,FALSE,FALSE,FALSE,VALID,
2026,limesurvey_2026_deidentified.csv,24,43,AN,AN07IE11,INCLUDED,HB_LB,MSBS,A,HB,post,23,4,4,FALSE,FALSE,FALSE,FALSE,FALSE,VALID,
2026,limesurvey_2026_deidentified.csv,24,43,AN,AN07IE11,INCLUDED,HB_LB,MSBS,A,HB,post,24,6,6,FALSE,FALSE,FALSE,FALSE,FALSE,VALID,
2026,limesurvey_2026_deidentified.csv,24,43,AN,AN07IE11,INCLUDED,HB_LB,MSBS,A,HB,post,28,7 - stimme voll und ganz zu,7,FALSE,FALSE,FALSE,FALSE,FALSE,VALID,
2026,limesurvey_2026_deidentified.csv,24,43,AN,AN07IE11,INCLUDED,HB_LB,MSBS,B,LB,baseline,01,3,3,FALSE,FALSE,FALSE,FALSE,FALSE,VALID,
2026,limesurvey_2026_deidentified.csv,24,43,AN,AN07IE11,INCLUDED,HB_LB,MSBS,B,LB,baseline,03,2,2,FALSE,FALSE,FALSE,FALSE,FALSE,VALID,
2026,limesurvey_2026_deidentified.csv,24,43,AN,AN07IE11,INCLUDED,HB_LB,MSBS,B,LB,baseline,09,4,4,FALSE,FALSE,FALSE,FALSE,FALSE,VALID,
2026,limesurvey_2026_deidentified.csv,24,43,AN,AN07IE11,INCLUDED,HB_LB,MSBS,B,LB,baseline,10,3,3,FALSE,FALSE,FALSE,FALSE,FALSE,VALID,
2026,limesurvey_2026_deidentified.csv,24,43,AN,AN07IE11,INCLUDED,HB_LB,MSBS,B,LB,baseline,22,4,4,FALSE,FALSE,FALSE,FALSE,FALSE,VALID,
2026,limesurvey_2026_deidentified.csv,24,43,AN,AN07IE11,INCLUDED,HB_LB,MSBS,B,LB,baseline,23,2,2,FALSE,FALSE,FALSE,FALSE,FALSE,VALID,
2026,limesurvey_2026_deidentified.csv,24,43,AN,AN07IE11,INCLUDED,HB_LB,MSBS,B,LB,baseline,24,3,3,FALSE,FALSE,FALSE,FALSE,FALSE,VALID,
2026,limesurvey_2026_deidentified.csv,24,43,AN,AN07IE11,INCLUDED,HB_LB,MSBS,B,LB,baseline,28,4,4,FALSE,FALSE,FALSE,FALSE,FALSE,VALID,
2026,limesurvey_2026_deidentified.csv,24,43,AN,AN07IE11,INCLUDED,HB_LB,MSBS,B,LB,post,01,3,3,FALSE,FALSE,FALSE,FALSE,FALSE,VALID,
2026,limesurvey_2026_deidentified.csv,24,43,AN,AN07IE11,INCLUDED,HB_LB,MSBS,B,LB,post,03,2,2,FALSE,FALSE,FALSE,FALSE,FALSE,VALID,
2026,limesurvey_2026_deidentified.csv,24,43,AN,AN07IE11,INCLUDED,HB_LB,MSBS,B,LB,post,09,3,3,FALSE,FALSE,FALSE,FALSE,FALSE,VALID,
2026,limesurvey_2026_deidentified.csv,24,43,AN,AN07IE11,INCLUDED,HB_LB,MSBS,B,LB,post,10,3,3,FALSE,FALSE,FALSE,FALSE,FALSE,VALID,
2026,limesurvey_2026_deidentified.csv,24,43,AN,AN07IE11,INCLUDED,HB_LB,MSBS,B,LB,post,22,4,4,FALSE,FALSE,FALSE,FALSE,FALSE,VALID,
2026,limesurvey_2026_deidentified.csv,24,43,AN,AN07IE11,INCLUDED,HB_LB,MSBS,B,LB,post,23,2,2,FALSE,FALSE,FALSE,FALSE,FALSE,VALID,
2026,limesurvey_2026_deidentified.csv,24,43,AN,AN07IE11,INCLUDED,HB_LB,MSBS,B,LB,post,24,2,2,FALSE,FALSE,FALSE,FALSE,FALSE,VALID,
2026,limesurvey_2026_deidentified.csv,24,43,AN,AN07IE11,INCLUDED,HB_LB,MSBS,B,LB,post,28,2,2,FALSE,FALSE,FALSE,FALSE,FALSE,VALID,
2026,limesurvey_2026_deidentified.csv,24,43,AN,AN07IE11,INCLUDED,HB_LB,SBPS,,,trait,01,2,2,FALSE,FALSE,FALSE,FALSE,FALSE,VALID,
2026,limesurvey_2026_deidentified.csv,24,43,AN,AN07IE11,INCLUDED,HB_LB,SBPS,,,trait,02,1 - stimme überhaupt nicht zu,1,FALSE,FALSE,FALSE,FALSE,FALSE,VALID,
2026,limesurvey_2026_deidentified.csv,24,43,AN,AN07IE11,INCLUDED,HB_LB,SBPS,,,trait,03,2,2,FALSE,FALSE,FALSE,FALSE,FALSE,VALID,
2026,limesurvey_2026_deidentified.csv,24,43,AN,AN07IE11,INCLUDED,HB_LB,SBPS,,,trait,04,1 - stimme überhaupt nicht zu,1,FALSE,FALSE,FALSE,FALSE,FALSE,VALID,
2026,limesurvey_2026_deidentified.csv,24,43,AN,AN07IE11,INCLUDED,HB_LB,SBPS,,,trait,05,3,3,FALSE,FALSE,FALSE,FALSE,FALSE,VALID,
2026,limesurvey_2026_deidentified.csv,24,43,AN,AN07IE11,INCLUDED,HB_LB,SBPS,,,trait,06,3,3,FALSE,FALSE,FALSE,FALSE,FALSE,VALID,
2026,limesurvey_2026_deidentified.csv,24,43,AN,AN07IE11,INCLUDED,HB_LB,SBPS,,,trait,07,1 - stimme überhaupt nicht zu,1,FALSE,FALSE,FALSE,FALSE,FALSE,VALID,
2026,limesurvey_2026_deidentified.csv,24,43,AN,AN07IE11,INCLUDED,HB_LB,SBPS,,,trait,08,1 - stimme überhaupt nicht zu,1,FALSE,FALSE,FALSE,FALSE,FALSE,VALID,
2024,limesurvey_2024_deidentified.csv,13,29,AN11ST11,AN11ST11,INCLUDED,HB_LB,MSBS,A,HB,baseline,01,1 - stimme überhaupt nicht zu,1,FALSE,FALSE,FALSE,FALSE,FALSE,VALID,
2024,limesurvey_2024_deidentified.csv,13,29,AN11ST11,AN11ST11,INCLUDED,HB_LB,MSBS,A,HB,baseline,03,2,2,FALSE,FALSE,FALSE,FALSE,FALSE,VALID,
2024,limesurvey_2024_deidentified.csv,13,29,AN11ST11,AN11ST11,INCLUDED,HB_LB,MSBS,A,HB,baseline,09,2,2,FALSE,FALSE,FALSE,FALSE,FALSE,VALID,
2024,limesurvey_2024_deidentified.csv,13,29,AN11ST11,AN11ST11,INCLUDED,HB_LB,MSBS,A,HB,baseline,10,1 - stimme überhaupt nicht zu,1,FALSE,FALSE,FALSE,FALSE,FALSE,VALID,
2024,limesurvey_2024_deidentified.csv,13,29,AN11ST11,AN11ST11,INCLUDED,HB_LB,MSBS,A,HB,baseline,22,1 - stimme überhaupt nicht zu,1,FALSE,FALSE,FALSE,FALSE,FALSE,VALID,
2024,limesurvey_2024_deidentified.csv,13,29,AN11ST11,AN11ST11,INCLUDED,HB_LB,MSBS,A,HB,baseline,23,2,2,FALSE,FALSE,FALSE,FALSE,FALSE,VALID,
2024,limesurvey_2024_deidentified.csv,13,29,AN11ST11,AN11ST11,INCLUDED,HB_LB,MSBS,A,HB,baseline,24,1 - stimme überhaupt nicht zu,1,FALSE,FALSE,FALSE,FALSE,FALSE,VALID,
2024,limesurvey_2024_deidentified.csv,13,29,AN11ST11,AN11ST11,INCLUDED,HB_LB,MSBS,A,HB,baseline,28,1 - stimme überhaupt nicht zu,1,FALSE,FALSE,FALSE,FALSE,FALSE,VALID,
2024,limesurvey_2024_deidentified.csv,13,29,AN11ST11,AN11ST11,INCLUDED,HB_LB,MSBS,A,HB,post,01,3,3,FALSE,FALSE,FALSE,FALSE,FALSE,VALID,
2024,limesurvey_2024_deidentified.csv,13,29,AN11ST11,AN11ST11,INCLUDED,HB_LB,MSBS,A,HB,post,03,3,3,FALSE,FALSE,FALSE,FALSE,FALSE,VALID,
2024,limesurvey_2024_deidentified.csv,13,29,AN11ST11,AN11ST11,INCLUDED,HB_LB,MSBS,A,HB,post,09,2,2,FALSE,FALSE,FALSE,FALSE,FALSE,VALID,
2024,limesurvey_2024_deidentified.csv,13,29,AN11ST11,AN11ST11,INCLUDED,HB_LB,MSBS,A,HB,post,10,3,3,FALSE,FALSE,FALSE,FALSE,FALSE,VALID,
2024,limesurvey_2024_deidentified.csv,13,29,AN11ST11,AN11ST11,INCLUDED,HB_LB,MSBS,A,HB,post,22,1 - stimme überhaupt nicht zu,1,FALSE,FALSE,FALSE,FALSE,FALSE,VALID,
2024,limesurvey_2024_deidentified.csv,13,29,AN11ST11,AN11ST11,INCLUDED,HB_LB,MSBS,A,HB,post,23,5,5,FALSE,FALSE,FALSE,FALSE,FALSE,VALID,
2024,limesurvey_2024_deidentified.csv,13,29,AN11ST11,AN11ST11,INCLUDED,HB_LB,MSBS,A,HB,post,24,2,2,FALSE,FALSE,FALSE,FALSE,FALSE,VALID,
2024,limesurvey_2024_deidentified.csv,13,29,AN11ST11,AN11ST11,INCLUDED,HB_LB,MSBS,A,HB,post,28,3,3,FALSE,FALSE,FALSE,FALSE,FALSE,VALID,
2024,limesurvey_2024_deidentified.csv,13,29,AN11ST11,AN11ST11,INCLUDED,HB_LB,MSBS,B,LB,baseline,01,3,3,FALSE,FALSE,FALSE,FALSE,FALSE,VALID,
2024,limesurvey_2024_deidentified.csv,13,29,AN11ST11,AN11ST11,INCLUDED,HB_LB,MSBS,B,LB,baseline,03,3,3,FALSE,FALSE,FALSE,FALSE,FALSE,VALID,
2024,limesurvey_2024_deidentified.csv,13,29,AN11ST11,AN11ST11,INCLUDED,HB_LB,MSBS,B,LB,baseline,09,1 - stimme überhaupt nicht zu,1,FALSE,FALSE,FALSE,FALSE,FALSE,VALID,
2024,limesurvey_2024_deidentified.csv,13,29,AN11ST11,AN11ST11,INCLUDED,HB_LB,MSBS,B,LB,baseline,10,2,2,FALSE,FALSE,FALSE,FALSE,FALSE,VALID,
2024,limesurvey_2024_deidentified.csv,13,29,AN11ST11,AN11ST11,INCLUDED,HB_LB,MSBS,B,LB,baseline,22,1 - stimme überhaupt nicht zu,1,FALSE,FALSE,FALSE,FALSE,FALSE,VALID,
2024,limesurvey_2024_deidentified.csv,13,29,AN11ST11,AN11ST11,INCLUDED,HB_LB,MSBS,B,LB,baseline,23,3,3,FALSE,FALSE,FALSE,FALSE,FALSE,VALID,
2024,limesurvey_2024_deidentified.csv,13,29,AN11ST11,AN11ST11,INCLUDED,HB_LB,MSBS,B,LB,baseline,24,1 - stimme überhaupt nicht zu,1,FALSE,FALSE,FALSE,FALSE,FALSE,VALID,
2024,limesurvey_2024_deidentified.csv,13,29,AN11ST11,AN11ST11,INCLUDED,HB_LB,MSBS,B,LB,baseline,28,2,2,FALSE,FALSE,FALSE,FALSE,FALSE,VALID,
2024,limesurvey_2024_deidentified.csv,13,29,AN11ST11,AN11ST11,INCLUDED,HB_LB,MSBS,B,LB,post,01,4,4,FALSE,FALSE,FALSE,FALSE,FALSE,VALID,
2024,limesurvey_2024_deidentified.csv,13,29,AN11ST11,AN11ST11,INCLUDED,HB_LB,MSBS,B,LB,post,03,5,5,FALSE,FALSE,FALSE,FALSE,FALSE,VALID,
2024,limesurvey_2024_deidentified.csv,13,29,AN11ST11,AN11ST11,INCLUDED,HB_LB,MSBS,B,LB,post,09,1 - stimme überhaupt nicht zu,1,FALSE,FALSE,FALSE,FALSE,FALSE,VALID,
2024,limesurvey_2024_deidentified.csv,13,29,AN11ST11,AN11ST11,INCLUDED,HB_LB,MSBS,B,LB,post,10,5,5,FALSE,FALSE,FALSE,FALSE,FALSE,VALID,
2024,limesurvey_2024_deidentified.csv,13,29,AN11ST11,AN11ST11,INCLUDED,HB_LB,MSBS,B,LB,post,22,2,2,FALSE,FALSE,FALSE,FALSE,FALSE,VALID,
2024,limesurvey_2024_deidentified.csv,13,29,AN11ST11,AN11ST11,INCLUDED,HB_LB,MSBS,B,LB,post,23,5,5,FALSE,FALSE,FALSE,FALSE,FALSE,VALID,
2024,limesurvey_2024_deidentified.csv,13,29,AN11ST11,AN11ST11,INCLUDED,HB_LB,MSBS,B,LB,post,24,2,2,FALSE,FALSE,FALSE,FALSE,FALSE,VALID,
2024,limesurvey_2024_deidentified.csv,13,29,AN11ST11,AN11ST11,INCLUDED,HB_LB,MSBS,B,LB,post,28,3,3,FALSE,FALSE,FALSE,FALSE,FALSE,VALID,
2024,limesurvey_2024_deidentified.csv,13,29,AN11ST11,AN11ST11,INCLUDED,HB_LB,SBPS,,,trait,01,2,2,FALSE,FALSE,FALSE,FALSE,FALSE,VALID,
2024,limesurvey_2024_deidentified.csv,13,29,AN11ST11,AN11ST11,INCLUDED,HB_LB,SBPS,,,trait,02,2,2,FALSE,FALSE,FALSE,FALSE,FALSE,VALID,
2024,limesurvey_2024_deidentified.csv,13,29,AN11ST11,AN11ST11,INCLUDED,HB_LB,SBPS,,,trait,03,1 - stimme überhaupt nicht zu,1,FALSE,FALSE,FALSE,FALSE,FALSE,VALID,
2024,limesurvey_2024_deidentified.csv,13,29,AN11ST11,AN11ST11,INCLUDED,HB_LB,SBPS,,,trait,04,1 - stimme überhaupt nicht zu,1,FALSE,FALSE,FALSE,FALSE,FALSE,VALID,
2024,limesurvey_2024_deidentified.csv,13,29,AN11ST11,AN11ST11,INCLUDED,HB_LB,SBPS,,,trait,05,2,2,FALSE,FALSE,FALSE,FALSE,FALSE,VALID,
2024,limesurvey_2024_deidentified.csv,13,29,AN11ST11,AN11ST11,INCLUDED,HB_LB,SBPS,,,trait,06,2,2,FALSE,FALSE,FALSE,FALSE,FALSE,VALID,
2024,limesurvey_2024_deidentified.csv,13,29,AN11ST11,AN11ST11,INCLUDED,HB_LB,SBPS,,,trait,07,1 - stimme überhaupt nicht zu,1,FALSE,FALSE,FALSE,FALSE,FALSE,VALID,
2024,limesurvey_2024_deidentified.csv,13,29,AN11ST11,AN11ST11,INCLUDED,HB_LB,SBPS,,,trait,08,2,2,FALSE,FALSE,FALSE,FALSE,FALSE,VALID,
2024,limesurvey_2024_deidentified.csv,18,32,AN15AV09,AN15AV09,INCLUDED,LB_HB,MSBS,B,HB,baseline,01,3,3,FALSE,FALSE,FALSE,FALSE,FALSE,VALID,
2024,limesurvey_2024_deidentified.csv,18,32,AN15AV09,AN15AV09,INCLUDED,LB_HB,MSBS,B,HB,baseline,03,2,2,FALSE,FALSE,FALSE,FALSE,FALSE,VALID,
2024,limesurvey_2024_deidentified.csv,18,32,AN15AV09,AN15AV09,INCLUDED,LB_HB,MSBS,B,HB,baseline,09,3,3,FALSE,FALSE,FALSE,FALSE,FALSE,VALID,
2024,limesurvey_2024_deidentified.csv,18,32,AN15AV09,AN15AV09,INCLUDED,LB_HB,MSBS,B,HB,baseline,10,3,3,FALSE,FALSE,FALSE,FALSE,FALSE,VALID,
2024,limesurvey_2024_deidentified.csv,18,32,AN15AV09,AN15AV09,INCLUDED,LB_HB,MSBS,B,HB,baseline,22,4,4,FALSE,FALSE,FALSE,FALSE,FALSE,VALID,
2024,limesurvey_2024_deidentified.csv,18,32,AN15AV09,AN15AV09,INCLUDED,LB_HB,MSBS,B,HB,baseline,23,2,2,FALSE,FALSE,FALSE,FALSE,FALSE,VALID,
2024,limesurvey_2024_deidentified.csv,18,32,AN15AV09,AN15AV09,INCLUDED,LB_HB,MSBS,B,HB,baseline,24,4,4,FALSE,FALSE,FALSE,FALSE,FALSE,VALID,
2024,limesurvey_2024_deidentified.csv,18,32,AN15AV09,AN15AV09,INCLUDED,LB_HB,MSBS,B,HB,baseline,28,3,3,FALSE,FALSE,FALSE,FALSE,FALSE,VALID,
2024,limesurvey_2024_deidentified.csv,18,32,AN15AV09,AN15AV09,INCLUDED,LB_HB,MSBS,B,HB,post,01,3,3,FALSE,FALSE,FALSE,FALSE,FALSE,VALID,
2024,limesurvey_2024_deidentified.csv,18,32,AN15AV09,AN15AV09,INCLUDED,LB_HB,MSBS,B,HB,post,03,2,2,FALSE,FALSE,FALSE,FALSE,FALSE,VALID,
2024,limesurvey_2024_deidentified.csv,18,32,AN15AV09,AN15AV09,INCLUDED,LB_HB,MSBS,B,HB,post,09,3,3,FALSE,FALSE,FALSE,FALSE,FALSE,VALID,
2024,limesurvey_2024_deidentified.csv,18,32,AN15AV09,AN15AV09,INCLUDED,LB_HB,MSBS,B,HB,post,10,3,3,FALSE,FALSE,FALSE,FALSE,FALSE,VALID,
2024,limesurvey_2024_deidentified.csv,18,32,AN15AV09,AN15AV09,INCLUDED,LB_HB,MSBS,B,HB,post,22,3,3,FALSE,FALSE,FALSE,FALSE,FALSE,VALID,
2024,limesurvey_2024_deidentified.csv,18,32,AN15AV09,AN15AV09,INCLUDED,LB_HB,MSBS,B,HB,post,23,2,2,FALSE,FALSE,FALSE,FALSE,FALSE,VALID,
2024,limesurvey_2024_deidentified.csv,18,32,AN15AV09,AN15AV09,INCLUDED,LB_HB,MSBS,B,HB,post,24,3,3,FALSE,FALSE,FALSE,FALSE,FALSE,VALID,
2024,limesurvey_2024_deidentified.csv,18,32,AN15AV09,AN15AV09,INCLUDED,LB_HB,MSBS,B,HB,post,28,4,4,FALSE,FALSE,FALSE,FALSE,FALSE,VALID,
2024,limesurvey_2024_deidentified.csv,18,32,AN15AV09,AN15AV09,INCLUDED,LB_HB,MSBS,A,LB,baseline,01,3,3,FALSE,FALSE,FALSE,FALSE,FALSE,VALID,
2024,limesurvey_2024_deidentified.csv,18,32,AN15AV09,AN15AV09,INCLUDED,LB_HB,MSBS,A,LB,baseline,03,2,2,FALSE,FALSE,FALSE,FALSE,FALSE,VALID,
2024,limesurvey_2024_deidentified.csv,18,32,AN15AV09,AN15AV09,INCLUDED,LB_HB,MSBS,A,LB,baseline,09,1 - stimme überhaupt nicht zu,1,FALSE,FALSE,FALSE,FALSE,FALSE,VALID,
2024,limesurvey_2024_deidentified.csv,18,32,AN15AV09,AN15AV09,INCLUDED,LB_HB,MSBS,A,LB,baseline,10,1 - stimme überhaupt nicht zu,1,FALSE,FALSE,FALSE,FALSE,FALSE,VALID,
2024,limesurvey_2024_deidentified.csv,18,32,AN15AV09,AN15AV09,INCLUDED,LB_HB,MSBS,A,LB,baseline,22,2,2,FALSE,FALSE,FALSE,FALSE,FALSE,VALID,
2024,limesurvey_2024_deidentified.csv,18,32,AN15AV09,AN15AV09,INCLUDED,LB_HB,MSBS,A,LB,baseline,23,3,3,FALSE,FALSE,FALSE,FALSE,FALSE,VALID,
2024,limesurvey_2024_deidentified.csv,18,32,AN15AV09,AN15AV09,INCLUDED,LB_HB,MSBS,A,LB,baseline,24,2,2,FALSE,FALSE,FALSE,FALSE,FALSE,VALID,
2024,limesurvey_2024_deidentified.csv,18,32,AN15AV09,AN15AV09,INCLUDED,LB_HB,MSBS,A,LB,baseline,28,2,2,FALSE,FALSE,FALSE,FALSE,FALSE,VALID,
2024,limesurvey_2024_deidentified.csv,18,32,AN15AV09,AN15AV09,INCLUDED,LB_HB,MSBS,A,LB,post,01,4,4,FALSE,FALSE,FALSE,FALSE,FALSE,VALID,
2024,limesurvey_2024_deidentified.csv,18,32,AN15AV09,AN15AV09,INCLUDED,LB_HB,MSBS,A,LB,post,03,3,3,FALSE,FALSE,FALSE,FALSE,FALSE,VALID,
2024,limesurvey_2024_deidentified.csv,18,32,AN15AV09,AN15AV09,INCLUDED,LB_HB,MSBS,A,LB,post,09,3,3,FALSE,FALSE,FALSE,FALSE,FALSE,VALID,
2024,limesurvey_2024_deidentified.csv,18,32,AN15AV09,AN15AV09,INCLUDED,LB_HB,MSBS,A,LB,post,10,3,3,FALSE,FALSE,FALSE,FALSE,FALSE,VALID,
2024,limesurvey_2024_deidentified.csv,18,32,AN15AV09,AN15AV09,INCLUDED,LB_HB,MSBS,A,LB,post,22,4,4,FALSE,FALSE,FALSE,FALSE,FALSE,VALID,
2024,limesurvey_2024_deidentified.csv,18,32,AN15AV09,AN15AV09,INCLUDED,LB_HB,MSBS,A,LB,post,23,2,2,FALSE,FALSE,FALSE,FALSE,FALSE,VALID,
2024,limesurvey_2024_deidentified.csv,18,32,AN15AV09,AN15AV09,INCLUDED,LB_HB,MSBS,A,LB,post,24,3,3,FALSE,FALSE,FALSE,FALSE,FALSE,VALID,
2024,limesurvey_2024_deidentified.csv,18,32,AN15AV09,AN15AV09,INCLUDED,LB_HB,MSBS,A,LB,post,28,4,4,FALSE,FALSE,FALSE,FALSE,FALSE,VALID,
2024,limesurvey_2024_deidentified.csv,18,32,AN15AV09,AN15AV09,INCLUDED,LB_HB,SBPS,,,trait,01,2,2,FALSE,FALSE,FALSE,FALSE,FALSE,VALID,
2024,limesurvey_2024_deidentified.csv,18,32,AN15AV09,AN15AV09,INCLUDED,LB_HB,SBPS,,,trait,02,2,2,FALSE,FALSE,FALSE,FALSE,FALSE,VALID,
2024,limesurvey_2024_deidentified.csv,18,32,AN15AV09,AN15AV09,INCLUDED,LB_HB,SBPS,,,trait,03,2,2,FALSE,FALSE,FALSE,FALSE,FALSE,VALID,
2024,limesurvey_2024_deidentified.csv,18,32,AN15AV09,AN15AV09,INCLUDED,LB_HB,SBPS,,,trait,04,2,2,FALSE,FALSE,FALSE,FALSE,FALSE,VALID,
2024,limesurvey_2024_deidentified.csv,18,32,AN15AV09,AN15AV09,INCLUDED,LB_HB,SBPS,,,trait,05,1 - stimme überhaupt nicht zu,1,FALSE,FALSE,FALSE,FALSE,FALSE,VALID,
2024,limesurvey_2024_deidentified.csv,18,32,AN15AV09,AN15AV09,INCLUDED,LB_HB,SBPS,,,trait,06,2,2,FALSE,FALSE,FALSE,FALSE,FALSE,VALID,
2024,limesurvey_2024_deidentified.csv,18,32,AN15AV09,AN15AV09,INCLUDED,LB_HB,SBPS,,,trait,07,2,2,FALSE,FALSE,FALSE,FALSE,FALSE,VALID,
2024,limesurvey_2024_deidentified.csv,18,32,AN15AV09,AN15AV09,INCLUDED,LB_HB,SBPS,,,trait,08,2,2,FALSE,FALSE,FALSE,FALSE,FALSE,VALID,
2026,limesurvey_2026_deidentified.csv,19,38,AN23BE15,AN23BE15,INCLUDED,HB_LB,MSBS,A,HB,baseline,01,2,2,FALSE,FALSE,FALSE,FALSE,FALSE,VALID,
2026,limesurvey_2026_deidentified.csv,19,38,AN23BE15,AN23BE15,INCLUDED,HB_LB,MSBS,A,HB,baseline,03,6,6,FALSE,FALSE,FALSE,FALSE,FALSE,VALID,
2026,limesurvey_2026_deidentified.csv,19,38,AN23BE15,AN23BE15,INCLUDED,HB_LB,MSBS,A,HB,baseline,09,2,2,FALSE,FALSE,FALSE,FALSE,FALSE,VALID,
2026,limesurvey_2026_deidentified.csv,19,38,AN23BE15,AN23BE15,INCLUDED,HB_LB,MSBS,A,HB,baseline,10,2,2,FALSE,FALSE,FALSE,FALSE,FALSE,VALID,
2026,limesurvey_2026_deidentified.csv,19,38,AN23BE15,AN23BE15,INCLUDED,HB_LB,MSBS,A,HB,baseline,22,6,6,FALSE,FALSE,FALSE,FALSE,FALSE,VALID,
2026,limesurvey_2026_deidentified.csv,19,38,AN23BE15,AN23BE15,INCLUDED,HB_LB,MSBS,A,HB,baseline,23,6,6,FALSE,FALSE,FALSE,FALSE,FALSE,VALID,
2026,limesurvey_2026_deidentified.csv,19,38,AN23BE15,AN23BE15,INCLUDED,HB_LB,MSBS,A,HB,baseline,24,6,6,FALSE,FALSE,FALSE,FALSE,FALSE,VALID,
2026,limesurvey_2026_deidentified.csv,19,38,AN23BE15,AN23BE15,INCLUDED,HB_LB,MSBS,A,HB,baseline,28,2,2,FALSE,FALSE,FALSE,FALSE,FALSE,VALID,
2026,limesurvey_2026_deidentified.csv,19,38,AN23BE15,AN23BE15,INCLUDED,HB_LB,MSBS,A,HB,post,01,6,6,FALSE,FALSE,FALSE,FALSE,FALSE,VALID,
2026,limesurvey_2026_deidentified.csv,19,38,AN23BE15,AN23BE15,INCLUDED,HB_LB,MSBS,A,HB,post,03,6,6,FALSE,FALSE,FALSE,FALSE,FALSE,VALID,
2026,limesurvey_2026_deidentified.csv,19,38,AN23BE15,AN23BE15,INCLUDED,HB_LB,MSBS,A,HB,post,09,4,4,FALSE,FALSE,FALSE,FALSE,FALSE,VALID,
2026,limesurvey_2026_deidentified.csv,19,38,AN23BE15,AN23BE15,INCLUDED,HB_LB,MSBS,A,HB,post,10,6,6,FALSE,FALSE,FALSE,FALSE,FALSE,VALID,
2026,limesurvey_2026_deidentified.csv,19,38,AN23BE15,AN23BE15,INCLUDED,HB_LB,MSBS,A,HB,post,22,6,6,FALSE,FALSE,FALSE,FALSE,FALSE,VALID,
2026,limesurvey_2026_deidentified.csv,19,38,AN23BE15,AN23BE15,INCLUDED,HB_LB,MSBS,A,HB,post,23,7 - stimme voll und ganz zu,7,FALSE,FALSE,FALSE,FALSE,FALSE,VALID,
2026,limesurvey_2026_deidentified.csv,19,38,AN23BE15,AN23BE15,INCLUDED,HB_LB,MSBS,A,HB,post,24,6,6,FALSE,FALSE,FALSE,FALSE,FALSE,VALID,
2026,limesurvey_2026_deidentified.csv,19,38,AN23BE15,AN23BE15,INCLUDED,HB_LB,MSBS,A,HB,post,28,5,5,FALSE,FALSE,FALSE,FALSE,FALSE,VALID,
2026,limesurvey_2026_deidentified.csv,19,38,AN23BE15,AN23BE15,INCLUDED,HB_LB,MSBS,B,LB,baseline,01,6,6,FALSE,FALSE,FALSE,FALSE,FALSE,VALID,
2026,limesurvey_2026_deidentified.csv,19,38,AN23BE15,AN23BE15,INCLUDED,HB_LB,MSBS,B,LB,baseline,03,6,6,FALSE,FALSE,FALSE,FALSE,FALSE,VALID,
2026,limesurvey_2026_deidentified.csv,19,38,AN23BE15,AN23BE15,INCLUDED,HB_LB,MSBS,B,LB,baseline,09,4,4,FALSE,FALSE,FALSE,FALSE,FALSE,VALID,
2026,limesurvey_2026_deidentified.csv,19,38,AN23BE15,AN23BE15,INCLUDED,HB_LB,MSBS,B,LB,baseline,10,6,6,FALSE,FALSE,FALSE,FALSE,FALSE,VALID,
2026,limesurvey_2026_deidentified.csv,19,38,AN23BE15,AN23BE15,INCLUDED,HB_LB,MSBS,B,LB,baseline,22,6,6,FALSE,FALSE,FALSE,FALSE,FALSE,VALID,
2026,limesurvey_2026_deidentified.csv,19,38,AN23BE15,AN23BE15,INCLUDED,HB_LB,MSBS,B,LB,baseline,23,7 - stimme voll und ganz zu,7,FALSE,FALSE,FALSE,FALSE,FALSE,VALID,
2026,limesurvey_2026_deidentified.csv,19,38,AN23BE15,AN23BE15,INCLUDED,HB_LB,MSBS,B,LB,baseline,24,5,5,FALSE,FALSE,FALSE,FALSE,FALSE,VALID,
2026,limesurvey_2026_deidentified.csv,19,38,AN23BE15,AN23BE15,INCLUDED,HB_LB,MSBS,B,LB,baseline,28,5,5,FALSE,FALSE,FALSE,FALSE,FALSE,VALID,
2026,limesurvey_2026_deidentified.csv,19,38,AN23BE15,AN23BE15,INCLUDED,HB_LB,MSBS,B,LB,post,01,5,5,FALSE,FALSE,FALSE,FALSE,FALSE,VALID,
2026,limesurvey_2026_deidentified.csv,19,38,AN23BE15,AN23BE15,INCLUDED,HB_LB,MSBS,B,LB,post,03,4,4,FALSE,FALSE,FALSE,FALSE,FALSE,VALID,
2026,limesurvey_2026_deidentified.csv,19,38,AN23BE15,AN23BE15,INCLUDED,HB_LB,MSBS,B,LB,post,09,3,3,FALSE,FALSE,FALSE,FALSE,FALSE,VALID,
2026,limesurvey_2026_deidentified.csv,19,38,AN23BE15,AN23BE15,INCLUDED,HB_LB,MSBS,B,LB,post,10,5,5,FALSE,FALSE,FALSE,FALSE,FALSE,VALID,
2026,limesurvey_2026_deidentified.csv,19,38,AN23BE15,AN23BE15,INCLUDED,HB_LB,MSBS,B,LB,post,22,5,5,FALSE,FALSE,FALSE,FALSE,FALSE,VALID,
2026,limesurvey_2026_deidentified.csv,19,38,AN23BE15,AN23BE15,INCLUDED,HB_LB,MSBS,B,LB,post,23,4,4,FALSE,FALSE,FALSE,FALSE,FALSE,VALID,
2026,limesurvey_2026_deidentified.csv,19,38,AN23BE15,AN23BE15,INCLUDED,HB_LB,MSBS,B,LB,post,24,5,5,FALSE,FALSE,FALSE,FALSE,FALSE,VALID,
2026,limesurvey_2026_deidentified.csv,19,38,AN23BE15,AN23BE15,INCLUDED,HB_LB,MSBS,B,LB,post,28,3,3,FALSE,FALSE,FALSE,FALSE,FALSE,VALID,
2026,limesurvey_2026_deidentified.csv,19,38,AN23BE15,AN23BE15,INCLUDED,HB_LB,SBPS,,,trait,01,4,4,FALSE,FALSE,FALSE,FALSE,FALSE,VALID,
2026,limesurvey_2026_deidentified.csv,19,38,AN23BE15,AN23BE15,INCLUDED,HB_LB,SBPS,,,trait,02,5,5,FALSE,FALSE,FALSE,FALSE,FALSE,VALID,
2026,limesurvey_2026_deidentified.csv,19,38,AN23BE15,AN23BE15,INCLUDED,HB_LB,SBPS,,,trait,03,3,3,FALSE,FALSE,FALSE,FALSE,FALSE,VALID,
2026,limesurvey_2026_deidentified.csv,19,38,AN23BE15,AN23BE15,INCLUDED,HB_LB,SBPS,,,trait,04,1 - stimme überhaupt nicht zu,1,FALSE,FALSE,FALSE,FALSE,FALSE,VALID,
2026,limesurvey_2026_deidentified.csv,19,38,AN23BE15,AN23BE15,INCLUDED,HB_LB,SBPS,,,trait,05,1 - stimme überhaupt nicht zu,1,FALSE,FALSE,FALSE,FALSE,FALSE,VALID,
2026,limesurvey_2026_deidentified.csv,19,38,AN23BE15,AN23BE15,INCLUDED,HB_LB,SBPS,,,trait,06,1 - stimme überhaupt nicht zu,1,FALSE,FALSE,FALSE,FALSE,FALSE,VALID,
2026,limesurvey_2026_deidentified.csv,19,38,AN23BE15,AN23BE15,INCLUDED,HB_LB,SBPS,,,trait,07,1 - stimme überhaupt nicht zu,1,FALSE,FALSE,FALSE,FALSE,FALSE,VALID,
2026,limesurvey_2026_deidentified.csv,19,38,AN23BE15,AN23BE15,INCLUDED,HB_LB,SBPS,,,trait,08,3,3,FALSE,FALSE,FALSE,FALSE,FALSE,VALID,
2024,limesurvey_2024_deidentified.csv,37,49,an29ra22,AN29RA22,INCLUDED,LB_HB,MSBS,B,HB,baseline,01,3,3,FALSE,FALSE,FALSE,FALSE,FALSE,VALID,
2024,limesurvey_2024_deidentified.csv,37,49,an29ra22,AN29RA22,INCLUDED,LB_HB,MSBS,B,HB,baseline,03,2,2,FALSE,FALSE,FALSE,FALSE,FALSE,VALID,
2024,limesurvey_2024_deidentified.csv,37,49,an29ra22,AN29RA22,INCLUDED,LB_HB,MSBS,B,HB,baseline,09,2,2,FALSE,FALSE,FALSE,FALSE,FALSE,VALID,
2024,limesurvey_2024_deidentified.csv,37,49,an29ra22,AN29RA22,INCLUDED,LB_HB,MSBS,B,HB,baseline,10,3,3,FALSE,FALSE,FALSE,FALSE,FALSE,VALID,
2024,limesurvey_2024_deidentified.csv,37,49,an29ra22,AN29RA22,INCLUDED,LB_HB,MSBS,B,HB,baseline,22,5,5,FALSE,FALSE,FALSE,FALSE,FALSE,VALID,
2024,limesurvey_2024_deidentified.csv,37,49,an29ra22,AN29RA22,INCLUDED,LB_HB,MSBS,B,HB,baseline,23,4,4,FALSE,FALSE,FALSE,FALSE,FALSE,VALID,
2024,limesurvey_2024_deidentified.csv,37,49,an29ra22,AN29RA22,INCLUDED,LB_HB,MSBS,B,HB,baseline,24,4,4,FALSE,FALSE,FALSE,FALSE,FALSE,VALID,
2024,limesurvey_2024_deidentified.csv,37,49,an29ra22,AN29RA22,INCLUDED,LB_HB,MSBS,B,HB,baseline,28,5,5,FALSE,FALSE,FALSE,FALSE,FALSE,VALID,
2024,limesurvey_2024_deidentified.csv,37,49,an29ra22,AN29RA22,INCLUDED,LB_HB,MSBS,B,HB,post,01,3,3,FALSE,FALSE,FALSE,FALSE,FALSE,VALID,
2024,limesurvey_2024_deidentified.csv,37,49,an29ra22,AN29RA22,INCLUDED,LB_HB,MSBS,B,HB,post,03,5,5,FALSE,FALSE,FALSE,FALSE,FALSE,VALID,
2024,limesurvey_2024_deidentified.csv,37,49,an29ra22,AN29RA22,INCLUDED,LB_HB,MSBS,B,HB,post,09,4,4,FALSE,FALSE,FALSE,FALSE,FALSE,VALID,
2024,limesurvey_2024_deidentified.csv,37,49,an29ra22,AN29RA22,INCLUDED,LB_HB,MSBS,B,HB,post,10,4,4,FALSE,FALSE,FALSE,FALSE,FALSE,VALID,
2024,limesurvey_2024_deidentified.csv,37,49,an29ra22,AN29RA22,INCLUDED,LB_HB,MSBS,B,HB,post,22,6,6,FALSE,FALSE,FALSE,FALSE,FALSE,VALID,
2024,limesurvey_2024_deidentified.csv,37,49,an29ra22,AN29RA22,INCLUDED,LB_HB,MSBS,B,HB,post,23,5,5,FALSE,FALSE,FALSE,FALSE,FALSE,VALID,
2024,limesurvey_2024_deidentified.csv,37,49,an29ra22,AN29RA22,INCLUDED,LB_HB,MSBS,B,HB,post,24,5,5,FALSE,FALSE,FALSE,FALSE,FALSE,VALID,
2024,limesurvey_2024_deidentified.csv,37,49,an29ra22,AN29RA22,INCLUDED,LB_HB,MSBS,B,HB,post,28,4,4,FALSE,FALSE,FALSE,FALSE,FALSE,VALID,
2024,limesurvey_2024_deidentified.csv,37,49,an29ra22,AN29RA22,INCLUDED,LB_HB,MSBS,A,LB,baseline,01,1 - stimme überhaupt nicht zu,1,FALSE,FALSE,FALSE,FALSE,FALSE,VALID,
2024,limesurvey_2024_deidentified.csv,37,49,an29ra22,AN29RA22,INCLUDED,LB_HB,MSBS,A,LB,baseline,03,5,5,FALSE,FALSE,FALSE,FALSE,FALSE,VALID,
2024,limesurvey_2024_deidentified.csv,37,49,an29ra22,AN29RA22,INCLUDED,LB_HB,MSBS,A,LB,baseline,09,2,2,FALSE,FALSE,FALSE,FALSE,FALSE,VALID,
2024,limesurvey_2024_deidentified.csv,37,49,an29ra22,AN29RA22,INCLUDED,LB_HB,MSBS,A,LB,baseline,10,1 - stimme überhaupt nicht zu,1,FALSE,FALSE,FALSE,FALSE,FALSE,VALID,
2024,limesurvey_2024_deidentified.csv,37,49,an29ra22,AN29RA22,INCLUDED,LB_HB,MSBS,A,LB,baseline,22,3,3,FALSE,FALSE,FALSE,FALSE,FALSE,VALID,
2024,limesurvey_2024_deidentified.csv,37,49,an29ra22,AN29RA22,INCLUDED,LB_HB,MSBS,A,LB,baseline,23,4,4,FALSE,FALSE,FALSE,FALSE,FALSE,VALID,
2024,limesurvey_2024_deidentified.csv,37,49,an29ra22,AN29RA22,INCLUDED,LB_HB,MSBS,A,LB,baseline,24,3,3,FALSE,FALSE,FALSE,FALSE,FALSE,VALID,
2024,limesurvey_2024_deidentified.csv,37,49,an29ra22,AN29RA22,INCLUDED,LB_HB,MSBS,A,LB,baseline,28,1 - stimme überhaupt nicht zu,1,FALSE,FALSE,FALSE,FALSE,FALSE,VALID,
2024,limesurvey_2024_deidentified.csv,37,49,an29ra22,AN29RA22,INCLUDED,LB_HB,MSBS,A,LB,post,01,4,4,FALSE,FALSE,FALSE,FALSE,FALSE,VALID,
2024,limesurvey_2024_deidentified.csv,37,49,an29ra22,AN29RA22,INCLUDED,LB_HB,MSBS,A,LB,post,03,1 - stimme überhaupt nicht zu,1,FALSE,FALSE,FALSE,FALSE,FALSE,VALID,
2024,limesurvey_2024_deidentified.csv,37,49,an29ra22,AN29RA22,INCLUDED,LB_HB,MSBS,A,LB,post,09,3,3,FALSE,FALSE,FALSE,FALSE,FALSE,VALID,
2024,limesurvey_2024_deidentified.csv,37,49,an29ra22,AN29RA22,INCLUDED,LB_HB,MSBS,A,LB,post,10,3,3,FALSE,FALSE,FALSE,FALSE,FALSE,VALID,
2024,limesurvey_2024_deidentified.csv,37,49,an29ra22,AN29RA22,INCLUDED,LB_HB,MSBS,A,LB,post,22,5,5,FALSE,FALSE,FALSE,FALSE,FALSE,VALID,
2024,limesurvey_2024_deidentified.csv,37,49,an29ra22,AN29RA22,INCLUDED,LB_HB,MSBS,A,LB,post,23,4,4,FALSE,FALSE,FALSE,FALSE,FALSE,VALID,
2024,limesurvey_2024_deidentified.csv,37,49,an29ra22,AN29RA22,INCLUDED,LB_HB,MSBS,A,LB,post,24,5,5,FALSE,FALSE,FALSE,FALSE,FALSE,VALID,
2024,limesurvey_2024_deidentified.csv,37,49,an29ra22,AN29RA22,INCLUDED,LB_HB,MSBS,A,LB,post,28,4,4,FALSE,FALSE,FALSE,FALSE,FALSE,VALID,
2024,limesurvey_2024_deidentified.csv,37,49,an29ra22,AN29RA22,INCLUDED,LB_HB,SBPS,,,trait,01,3,3,FALSE,FALSE,FALSE,FALSE,FALSE,VALID,
2024,limesurvey_2024_deidentified.csv,37,49,an29ra22,AN29RA22,INCLUDED,LB_HB,SBPS,,,trait,02,2,2,FALSE,FALSE,FALSE,FALSE,FALSE,VALID,
2024,limesurvey_2024_deidentified.csv,37,49,an29ra22,AN29RA22,INCLUDED,LB_HB,SBPS,,,trait,03,2,2,FALSE,FALSE,FALSE,FALSE,FALSE,VALID,
2024,limesurvey_2024_deidentified.csv,37,49,an29ra22,AN29RA22,INCLUDED,LB_HB,SBPS,,,trait,04,2,2,FALSE,FALSE,FALSE,FALSE,FALSE,VALID,
2024,limesurvey_2024_deidentified.csv,37,49,an29ra22,AN29RA22,INCLUDED,LB_HB,SBPS,,,trait,05,2,2,FALSE,FALSE,FALSE,FALSE,FALSE,VALID,
2024,limesurvey_2024_deidentified.csv,37,49,an29ra22,AN29RA22,INCLUDED,LB_HB,SBPS,,,trait,06,2,2,FALSE,FALSE,FALSE,FALSE,FALSE,VALID,
2024,limesurvey_2024_deidentified.csv,37,49,an29ra22,AN29RA22,INCLUDED,LB_HB,SBPS,,,trait,07,1 - stimme überhaupt nicht zu,1,FALSE,FALSE,FALSE,FALSE,FALSE,VALID,
2024,limesurvey_2024_deidentified.csv,37,49,an29ra22,AN29RA22,INCLUDED,LB_HB,SBPS,,,trait,08,1 - stimme überhaupt nicht zu,1,FALSE,FALSE,FALSE,FALSE,FALSE,VALID,
2024,limesurvey_2024_deidentified.csv,11,27,BE06LL24,BE06LL24,INCLUDED,HB_LB,MSBS,A,HB,baseline,01,1 - stimme überhaupt nicht zu,1,FALSE,FALSE,FALSE,FALSE,FALSE,VALID,
2024,limesurvey_2024_deidentified.csv,11,27,BE06LL24,BE06LL24,INCLUDED,HB_LB,MSBS,A,HB,baseline,03,2,2,FALSE,FALSE,FALSE,FALSE,FALSE,VALID,
2024,limesurvey_2024_deidentified.csv,11,27,BE06LL24,BE06LL24,INCLUDED,HB_LB,MSBS,A,HB,baseline,09,1 - stimme überhaupt nicht zu,1,FALSE,FALSE,FALSE,FALSE,FALSE,VALID,
2024,limesurvey_2024_deidentified.csv,11,27,BE06LL24,BE06LL24,INCLUDED,HB_LB,MSBS,A,HB,baseline,10,1 - stimme überhaupt nicht zu,1,FALSE,FALSE,FALSE,FALSE,FALSE,VALID,
2024,limesurvey_2024_deidentified.csv,11,27,BE06LL24,BE06LL24,INCLUDED,HB_LB,MSBS,A,HB,baseline,22,1 - stimme überhaupt nicht zu,1,FALSE,FALSE,FALSE,FALSE,FALSE,VALID,
2024,limesurvey_2024_deidentified.csv,11,27,BE06LL24,BE06LL24,INCLUDED,HB_LB,MSBS,A,HB,baseline,23,1 - stimme überhaupt nicht zu,1,FALSE,FALSE,FALSE,FALSE,FALSE,VALID,
2024,limesurvey_2024_deidentified.csv,11,27,BE06LL24,BE06LL24,INCLUDED,HB_LB,MSBS,A,HB,baseline,24,1 - stimme überhaupt nicht zu,1,FALSE,FALSE,FALSE,FALSE,FALSE,VALID,
2024,limesurvey_2024_deidentified.csv,11,27,BE06LL24,BE06LL24,INCLUDED,HB_LB,MSBS,A,HB,baseline,28,1 - stimme überhaupt nicht zu,1,FALSE,FALSE,FALSE,FALSE,FALSE,VALID,
2024,limesurvey_2024_deidentified.csv,11,27,BE06LL24,BE06LL24,INCLUDED,HB_LB,MSBS,A,HB,post,01,3,3,FALSE,FALSE,FALSE,FALSE,FALSE,VALID,
2024,limesurvey_2024_deidentified.csv,11,27,BE06LL24,BE06LL24,INCLUDED,HB_LB,MSBS,A,HB,post,03,2,2,FALSE,FALSE,FALSE,FALSE,FALSE,VALID,
2024,limesurvey_2024_deidentified.csv,11,27,BE06LL24,BE06LL24,INCLUDED,HB_LB,MSBS,A,HB,post,09,1 - stimme überhaupt nicht zu,1,FALSE,FALSE,FALSE,FALSE,FALSE,VALID,
2024,limesurvey_2024_deidentified.csv,11,27,BE06LL24,BE06LL24,INCLUDED,HB_LB,MSBS,A,HB,post,10,3,3,FALSE,FALSE,FALSE,FALSE,FALSE,VALID,
2024,limesurvey_2024_deidentified.csv,11,27,BE06LL24,BE06LL24,INCLUDED,HB_LB,MSBS,A,HB,post,22,2,2,FALSE,FALSE,FALSE,FALSE,FALSE,VALID,
2024,limesurvey_2024_deidentified.csv,11,27,BE06LL24,BE06LL24,INCLUDED,HB_LB,MSBS,A,HB,post,23,2,2,FALSE,FALSE,FALSE,FALSE,FALSE,VALID,
2024,limesurvey_2024_deidentified.csv,11,27,BE06LL24,BE06LL24,INCLUDED,HB_LB,MSBS,A,HB,post,24,1 - stimme überhaupt nicht zu,1,FALSE,FALSE,FALSE,FALSE,FALSE,VALID,
2024,limesurvey_2024_deidentified.csv,11,27,BE06LL24,BE06LL24,INCLUDED,HB_LB,MSBS,A,HB,post,28,1 - stimme überhaupt nicht zu,1,FALSE,FALSE,FALSE,FALSE,FALSE,VALID,
2024,limesurvey_2024_deidentified.csv,11,27,BE06LL24,BE06LL24,INCLUDED,HB_LB,MSBS,B,LB,baseline,01,2,2,FALSE,FALSE,FALSE,FALSE,FALSE,VALID,
2024,limesurvey_2024_deidentified.csv,11,27,BE06LL24,BE06LL24,INCLUDED,HB_LB,MSBS,B,LB,baseline,03,2,2,FALSE,FALSE,FALSE,FALSE,FALSE,VALID,
2024,limesurvey_2024_deidentified.csv,11,27,BE06LL24,BE06LL24,INCLUDED,HB_LB,MSBS,B,LB,baseline,09,1 - stimme überhaupt nicht zu,1,FALSE,FALSE,FALSE,FALSE,FALSE,VALID,
2024,limesurvey_2024_deidentified.csv,11,27,BE06LL24,BE06LL24,INCLUDED,HB_LB,MSBS,B,LB,baseline,10,2,2,FALSE,FALSE,FALSE,FALSE,FALSE,VALID,
2024,limesurvey_2024_deidentified.csv,11,27,BE06LL24,BE06LL24,INCLUDED,HB_LB,MSBS,B,LB,baseline,22,1 - stimme überhaupt nicht zu,1,FALSE,FALSE,FALSE,FALSE,FALSE,VALID,
2024,limesurvey_2024_deidentified.csv,11,27,BE06LL24,BE06LL24,INCLUDED,HB_LB,MSBS,B,LB,baseline,23,2,2,FALSE,FALSE,FALSE,FALSE,FALSE,VALID,
2024,limesurvey_2024_deidentified.csv,11,27,BE06LL24,BE06LL24,INCLUDED,HB_LB,MSBS,B,LB,baseline,24,1 - stimme überhaupt nicht zu,1,FALSE,FALSE,FALSE,FALSE,FALSE,VALID,
2024,limesurvey_2024_deidentified.csv,11,27,BE06LL24,BE06LL24,INCLUDED,HB_LB,MSBS,B,LB,baseline,28,1 - stimme überhaupt nicht zu,1,FALSE,FALSE,FALSE,FALSE,FALSE,VALID,
2024,limesurvey_2024_deidentified.csv,11,27,BE06LL24,BE06LL24,INCLUDED,HB_LB,MSBS,B,LB,post,01,1 - stimme überhaupt nicht zu,1,FALSE,FALSE,FALSE,FALSE,FALSE,VALID,
2024,limesurvey_2024_deidentified.csv,11,27,BE06LL24,BE06LL24,INCLUDED,HB_LB,MSBS,B,LB,post,03,1 - stimme überhaupt nicht zu,1,FALSE,FALSE,FALSE,FALSE,FALSE,VALID,
2024,limesurvey_2024_deidentified.csv,11,27,BE06LL24,BE06LL24,INCLUDED,HB_LB,MSBS,B,LB,post,09,1 - stimme überhaupt nicht zu,1,FALSE,FALSE,FALSE,FALSE,FALSE,VALID,
2024,limesurvey_2024_deidentified.csv,11,27,BE06LL24,BE06LL24,INCLUDED,HB_LB,MSBS,B,LB,post,10,1 - stimme überhaupt nicht zu,1,FALSE,FALSE,FALSE,FALSE,FALSE,VALID,
2024,limesurvey_2024_deidentified.csv,11,27,BE06LL24,BE06LL24,INCLUDED,HB_LB,MSBS,B,LB,post,22,1 - stimme überhaupt nicht zu,1,FALSE,FALSE,FALSE,FALSE,FALSE,VALID,
2024,limesurvey_2024_deidentified.csv,11,27,BE06LL24,BE06LL24,INCLUDED,HB_LB,MSBS,B,LB,post,23,2,2,FALSE,FALSE,FALSE,FALSE,FALSE,VALID,
2024,limesurvey_2024_deidentified.csv,11,27,BE06LL24,BE06LL24,INCLUDED,HB_LB,MSBS,B,LB,post,24,1 - stimme überhaupt nicht zu,1,FALSE,FALSE,FALSE,FALSE,FALSE,VALID,
2024,limesurvey_2024_deidentified.csv,11,27,BE06LL24,BE06LL24,INCLUDED,HB_LB,MSBS,B,LB,post,28,1 - stimme überhaupt nicht zu,1,FALSE,FALSE,FALSE,FALSE,FALSE,VALID,
2024,limesurvey_2024_deidentified.csv,11,27,BE06LL24,BE06LL24,INCLUDED,HB_LB,SBPS,,,trait,01,1 - stimme überhaupt nicht zu,1,FALSE,FALSE,FALSE,FALSE,FALSE,VALID,
2024,limesurvey_2024_deidentified.csv,11,27,BE06LL24,BE06LL24,INCLUDED,HB_LB,SBPS,,,trait,02,1 - stimme überhaupt nicht zu,1,FALSE,FALSE,FALSE,FALSE,FALSE,VALID,
2024,limesurvey_2024_deidentified.csv,11,27,BE06LL24,BE06LL24,INCLUDED,HB_LB,SBPS,,,trait,03,1 - stimme überhaupt nicht zu,1,FALSE,FALSE,FALSE,FALSE,FALSE,VALID,
2024,limesurvey_2024_deidentified.csv,11,27,BE06LL24,BE06LL24,INCLUDED,HB_LB,SBPS,,,trait,04,1 - stimme überhaupt nicht zu,1,FALSE,FALSE,FALSE,FALSE,FALSE,VALID,
2024,limesurvey_2024_deidentified.csv,11,27,BE06LL24,BE06LL24,INCLUDED,HB_LB,SBPS,,,trait,05,1 - stimme überhaupt nicht zu,1,FALSE,FALSE,FALSE,FALSE,FALSE,VALID,
2024,limesurvey_2024_deidentified.csv,11,27,BE06LL24,BE06LL24,INCLUDED,HB_LB,SBPS,,,trait,06,1 - stimme überhaupt nicht zu,1,FALSE,FALSE,FALSE,FALSE,FALSE,VALID,
2024,limesurvey_2024_deidentified.csv,11,27,BE06LL24,BE06LL24,INCLUDED,HB_LB,SBPS,,,trait,07,1 - stimme überhaupt nicht zu,1,FALSE,FALSE,FALSE,FALSE,FALSE,VALID,
2024,limesurvey_2024_deidentified.csv,11,27,BE06LL24,BE06LL24,INCLUDED,HB_LB,SBPS,,,trait,08,1 - stimme überhaupt nicht zu,1,FALSE,FALSE,FALSE,FALSE,FALSE,VALID,
2024,limesurvey_2024_deidentified.csv,30,42,BG22OE24,BG22OE24,INCLUDED,LB_HB,MSBS,B,HB,baseline,01,2,2,FALSE,FALSE,FALSE,FALSE,FALSE,VALID,
2024,limesurvey_2024_deidentified.csv,30,42,BG22OE24,BG22OE24,INCLUDED,LB_HB,MSBS,B,HB,baseline,03,2,2,FALSE,FALSE,FALSE,FALSE,FALSE,VALID,
2024,limesurvey_2024_deidentified.csv,30,42,BG22OE24,BG22OE24,INCLUDED,LB_HB,MSBS,B,HB,baseline,09,1 - stimme überhaupt nicht zu,1,FALSE,FALSE,FALSE,FALSE,FALSE,VALID,
2024,limesurvey_2024_deidentified.csv,30,42,BG22OE24,BG22OE24,INCLUDED,LB_HB,MSBS,B,HB,baseline,10,2,2,FALSE,FALSE,FALSE,FALSE,FALSE,VALID,
2024,limesurvey_2024_deidentified.csv,30,42,BG22OE24,BG22OE24,INCLUDED,LB_HB,MSBS,B,HB,baseline,22,7 - stimme voll und ganz zu,7,FALSE,FALSE,FALSE,FALSE,FALSE,VALID,
2024,limesurvey_2024_deidentified.csv,30,42,BG22OE24,BG22OE24,INCLUDED,LB_HB,MSBS,B,HB,baseline,23,3,3,FALSE,FALSE,FALSE,FALSE,FALSE,VALID,
2024,limesurvey_2024_deidentified.csv,30,42,BG22OE24,BG22OE24,INCLUDED,LB_HB,MSBS,B,HB,baseline,24,2,2,FALSE,FALSE,FALSE,FALSE,FALSE,VALID,
2024,limesurvey_2024_deidentified.csv,30,42,BG22OE24,BG22OE24,INCLUDED,LB_HB,MSBS,B,HB,baseline,28,4,4,FALSE,FALSE,FALSE,FALSE,FALSE,VALID,
2024,limesurvey_2024_deidentified.csv,30,42,BG22OE24,BG22OE24,INCLUDED,LB_HB,MSBS,B,HB,post,01,5,5,FALSE,FALSE,FALSE,FALSE,FALSE,VALID,
2024,limesurvey_2024_deidentified.csv,30,42,BG22OE24,BG22OE24,INCLUDED,LB_HB,MSBS,B,HB,post,03,5,5,FALSE,FALSE,FALSE,FALSE,FALSE,VALID,
2024,limesurvey_2024_deidentified.csv,30,42,BG22OE24,BG22OE24,INCLUDED,LB_HB,MSBS,B,HB,post,09,1 - stimme überhaupt nicht zu,1,FALSE,FALSE,FALSE,FALSE,FALSE,VALID,
2024,limesurvey_2024_deidentified.csv,30,42,BG22OE24,BG22OE24,INCLUDED,LB_HB,MSBS,B,HB,post,10,5,5,FALSE,FALSE,FALSE,FALSE,FALSE,VALID,
2024,limesurvey_2024_deidentified.csv,30,42,BG22OE24,BG22OE24,INCLUDED,LB_HB,MSBS,B,HB,post,22,6,6,FALSE,FALSE,FALSE,FALSE,FALSE,VALID,
2024,limesurvey_2024_deidentified.csv,30,42,BG22OE24,BG22OE24,INCLUDED,LB_HB,MSBS,B,HB,post,23,4,4,FALSE,FALSE,FALSE,FALSE,FALSE,VALID,
2024,limesurvey_2024_deidentified.csv,30,42,BG22OE24,BG22OE24,INCLUDED,LB_HB,MSBS,B,HB,post,24,4,4,FALSE,FALSE,FALSE,FALSE,FALSE,VALID,
2024,limesurvey_2024_deidentified.csv,30,42,BG22OE24,BG22OE24,INCLUDED,LB_HB,MSBS,B,HB,post,28,4,4,FALSE,FALSE,FALSE,FALSE,FALSE,VALID,
2024,limesurvey_2024_deidentified.csv,30,42,BG22OE24,BG22OE24,INCLUDED,LB_HB,MSBS,A,LB,baseline,01,1 - stimme überhaupt nicht zu,1,FALSE,FALSE,FALSE,FALSE,FALSE,VALID,
2024,limesurvey_2024_deidentified.csv,30,42,BG22OE24,BG22OE24,INCLUDED,LB_HB,MSBS,A,LB,baseline,03,3,3,FALSE,FALSE,FALSE,FALSE,FALSE,VALID,
2024,limesurvey_2024_deidentified.csv,30,42,BG22OE24,BG22OE24,INCLUDED,LB_HB,MSBS,A,LB,baseline,09,3,3,FALSE,FALSE,FALSE,FALSE,FALSE,VALID,
2024,limesurvey_2024_deidentified.csv,30,42,BG22OE24,BG22OE24,INCLUDED,LB_HB,MSBS,A,LB,baseline,10,2,2,FALSE,FALSE,FALSE,FALSE,FALSE,VALID,
2024,limesurvey_2024_deidentified.csv,30,42,BG22OE24,BG22OE24,INCLUDED,LB_HB,MSBS,A,LB,baseline,22,4,4,FALSE,FALSE,FALSE,FALSE,FALSE,VALID,
2024,limesurvey_2024_deidentified.csv,30,42,BG22OE24,BG22OE24,INCLUDED,LB_HB,MSBS,A,LB,baseline,23,5,5,FALSE,FALSE,FALSE,FALSE,FALSE,VALID,
2024,limesurvey_2024_deidentified.csv,30,42,BG22OE24,BG22OE24,INCLUDED,LB_HB,MSBS,A,LB,baseline,24,2,2,FALSE,FALSE,FALSE,FALSE,FALSE,VALID,
2024,limesurvey_2024_deidentified.csv,30,42,BG22OE24,BG22OE24,INCLUDED,LB_HB,MSBS,A,LB,baseline,28,2,2,FALSE,FALSE,FALSE,FALSE,FALSE,VALID,
2024,limesurvey_2024_deidentified.csv,30,42,BG22OE24,BG22OE24,INCLUDED,LB_HB,MSBS,A,LB,post,01,5,5,FALSE,FALSE,FALSE,FALSE,FALSE,VALID,
2024,limesurvey_2024_deidentified.csv,30,42,BG22OE24,BG22OE24,INCLUDED,LB_HB,MSBS,A,LB,post,03,3,3,FALSE,FALSE,FALSE,FALSE,FALSE,VALID,
2024,limesurvey_2024_deidentified.csv,30,42,BG22OE24,BG22OE24,INCLUDED,LB_HB,MSBS,A,LB,post,09,1 - stimme überhaupt nicht zu,1,FALSE,FALSE,FALSE,FALSE,FALSE,VALID,
2024,limesurvey_2024_deidentified.csv,30,42,BG22OE24,BG22OE24,INCLUDED,LB_HB,MSBS,A,LB,post,10,2,2,FALSE,FALSE,FALSE,FALSE,FALSE,VALID,
2024,limesurvey_2024_deidentified.csv,30,42,BG22OE24,BG22OE24,INCLUDED,LB_HB,MSBS,A,LB,post,22,4,4,FALSE,FALSE,FALSE,FALSE,FALSE,VALID,
2024,limesurvey_2024_deidentified.csv,30,42,BG22OE24,BG22OE24,INCLUDED,LB_HB,MSBS,A,LB,post,23,3,3,FALSE,FALSE,FALSE,FALSE,FALSE,VALID,
2024,limesurvey_2024_deidentified.csv,30,42,BG22OE24,BG22OE24,INCLUDED,LB_HB,MSBS,A,LB,post,24,2,2,FALSE,FALSE,FALSE,FALSE,FALSE,VALID,
2024,limesurvey_2024_deidentified.csv,30,42,BG22OE24,BG22OE24,INCLUDED,LB_HB,MSBS,A,LB,post,28,3,3,FALSE,FALSE,FALSE,FALSE,FALSE,VALID,
2024,limesurvey_2024_deidentified.csv,30,42,BG22OE24,BG22OE24,INCLUDED,LB_HB,SBPS,,,trait,01,3,3,FALSE,FALSE,FALSE,FALSE,FALSE,VALID,
2024,limesurvey_2024_deidentified.csv,30,42,BG22OE24,BG22OE24,INCLUDED,LB_HB,SBPS,,,trait,02,1 - stimme überhaupt nicht zu,1,FALSE,FALSE,FALSE,FALSE,FALSE,VALID,
2024,limesurvey_2024_deidentified.csv,30,42,BG22OE24,BG22OE24,INCLUDED,LB_HB,SBPS,,,trait,03,4,4,FALSE,FALSE,FALSE,FALSE,FALSE,VALID,
2024,limesurvey_2024_deidentified.csv,30,42,BG22OE24,BG22OE24,INCLUDED,LB_HB,SBPS,,,trait,04,2,2,FALSE,FALSE,FALSE,FALSE,FALSE,VALID,
2024,limesurvey_2024_deidentified.csv,30,42,BG22OE24,BG22OE24,INCLUDED,LB_HB,SBPS,,,trait,05,2,2,FALSE,FALSE,FALSE,FALSE,FALSE,VALID,
2024,limesurvey_2024_deidentified.csv,30,42,BG22OE24,BG22OE24,INCLUDED,LB_HB,SBPS,,,trait,06,4,4,FALSE,FALSE,FALSE,FALSE,FALSE,VALID,
2024,limesurvey_2024_deidentified.csv,30,42,BG22OE24,BG22OE24,INCLUDED,LB_HB,SBPS,,,trait,07,2,2,FALSE,FALSE,FALSE,FALSE,FALSE,VALID,
2024,limesurvey_2024_deidentified.csv,30,42,BG22OE24,BG22OE24,INCLUDED,LB_HB,SBPS,,,trait,08,1 - stimme überhaupt nicht zu,1,FALSE,FALSE,FALSE,FALSE,FALSE,VALID,
2026,limesurvey_2026_deidentified.csv,21,40,BI20OE24,BI20OE24,INCLUDED,LB_HB,MSBS,B,HB,baseline,01,4,4,FALSE,FALSE,FALSE,FALSE,FALSE,VALID,
2026,limesurvey_2026_deidentified.csv,21,40,BI20OE24,BI20OE24,INCLUDED,LB_HB,MSBS,B,HB,baseline,03,3,3,FALSE,FALSE,FALSE,FALSE,FALSE,VALID,
2026,limesurvey_2026_deidentified.csv,21,40,BI20OE24,BI20OE24,INCLUDED,LB_HB,MSBS,B,HB,baseline,09,2,2,FALSE,FALSE,FALSE,FALSE,FALSE,VALID,
2026,limesurvey_2026_deidentified.csv,21,40,BI20OE24,BI20OE24,INCLUDED,LB_HB,MSBS,B,HB,baseline,10,3,3,FALSE,FALSE,FALSE,FALSE,FALSE,VALID,
2026,limesurvey_2026_deidentified.csv,21,40,BI20OE24,BI20OE24,INCLUDED,LB_HB,MSBS,B,HB,baseline,22,2,2,FALSE,FALSE,FALSE,FALSE,FALSE,VALID,
2026,limesurvey_2026_deidentified.csv,21,40,BI20OE24,BI20OE24,INCLUDED,LB_HB,MSBS,B,HB,baseline,23,3,3,FALSE,FALSE,FALSE,FALSE,FALSE,VALID,
2026,limesurvey_2026_deidentified.csv,21,40,BI20OE24,BI20OE24,INCLUDED,LB_HB,MSBS,B,HB,baseline,24,2,2,FALSE,FALSE,FALSE,FALSE,FALSE,VALID,
2026,limesurvey_2026_deidentified.csv,21,40,BI20OE24,BI20OE24,INCLUDED,LB_HB,MSBS,B,HB,baseline,28,2,2,FALSE,FALSE,FALSE,FALSE,FALSE,VALID,
2026,limesurvey_2026_deidentified.csv,21,40,BI20OE24,BI20OE24,INCLUDED,LB_HB,MSBS,B,HB,post,01,7 - stimme voll und ganz zu,7,FALSE,FALSE,FALSE,FALSE,FALSE,VALID,
2026,limesurvey_2026_deidentified.csv,21,40,BI20OE24,BI20OE24,INCLUDED,LB_HB,MSBS,B,HB,post,03,7 - stimme voll und ganz zu,7,FALSE,FALSE,FALSE,FALSE,FALSE,VALID,
2026,limesurvey_2026_deidentified.csv,21,40,BI20OE24,BI20OE24,INCLUDED,LB_HB,MSBS,B,HB,post,09,3,3,FALSE,FALSE,FALSE,FALSE,FALSE,VALID,
2026,limesurvey_2026_deidentified.csv,21,40,BI20OE24,BI20OE24,INCLUDED,LB_HB,MSBS,B,HB,post,10,6,6,FALSE,FALSE,FALSE,FALSE,FALSE,VALID,
2026,limesurvey_2026_deidentified.csv,21,40,BI20OE24,BI20OE24,INCLUDED,LB_HB,MSBS,B,HB,post,22,4,4,FALSE,FALSE,FALSE,FALSE,FALSE,VALID,
2026,limesurvey_2026_deidentified.csv,21,40,BI20OE24,BI20OE24,INCLUDED,LB_HB,MSBS,B,HB,post,23,6,6,FALSE,FALSE,FALSE,FALSE,FALSE,VALID,
2026,limesurvey_2026_deidentified.csv,21,40,BI20OE24,BI20OE24,INCLUDED,LB_HB,MSBS,B,HB,post,24,4,4,FALSE,FALSE,FALSE,FALSE,FALSE,VALID,
2026,limesurvey_2026_deidentified.csv,21,40,BI20OE24,BI20OE24,INCLUDED,LB_HB,MSBS,B,HB,post,28,4,4,FALSE,FALSE,FALSE,FALSE,FALSE,VALID,
2026,limesurvey_2026_deidentified.csv,21,40,BI20OE24,BI20OE24,INCLUDED,LB_HB,MSBS,A,LB,baseline,01,1 - stimme überhaupt nicht zu,1,FALSE,FALSE,FALSE,FALSE,FALSE,VALID,
2026,limesurvey_2026_deidentified.csv,21,40,BI20OE24,BI20OE24,INCLUDED,LB_HB,MSBS,A,LB,baseline,03,2,2,FALSE,FALSE,FALSE,FALSE,FALSE,VALID,
2026,limesurvey_2026_deidentified.csv,21,40,BI20OE24,BI20OE24,INCLUDED,LB_HB,MSBS,A,LB,baseline,09,2,2,FALSE,FALSE,FALSE,FALSE,FALSE,VALID,
2026,limesurvey_2026_deidentified.csv,21,40,BI20OE24,BI20OE24,INCLUDED,LB_HB,MSBS,A,LB,baseline,10,1 - stimme überhaupt nicht zu,1,FALSE,FALSE,FALSE,FALSE,FALSE,VALID,
2026,limesurvey_2026_deidentified.csv,21,40,BI20OE24,BI20OE24,INCLUDED,LB_HB,MSBS,A,LB,baseline,22,1 - stimme überhaupt nicht zu,1,FALSE,FALSE,FALSE,FALSE,FALSE,VALID,
2026,limesurvey_2026_deidentified.csv,21,40,BI20OE24,BI20OE24,INCLUDED,LB_HB,MSBS,A,LB,baseline,23,1 - stimme überhaupt nicht zu,1,FALSE,FALSE,FALSE,FALSE,FALSE,VALID,
2026,limesurvey_2026_deidentified.csv,21,40,BI20OE24,BI20OE24,INCLUDED,LB_HB,MSBS,A,LB,baseline,24,2,2,FALSE,FALSE,FALSE,FALSE,FALSE,VALID,
2026,limesurvey_2026_deidentified.csv,21,40,BI20OE24,BI20OE24,INCLUDED,LB_HB,MSBS,A,LB,baseline,28,1 - stimme überhaupt nicht zu,1,FALSE,FALSE,FALSE,FALSE,FALSE,VALID,
2026,limesurvey_2026_deidentified.csv,21,40,BI20OE24,BI20OE24,INCLUDED,LB_HB,MSBS,A,LB,post,01,4,4,FALSE,FALSE,FALSE,FALSE,FALSE,VALID,
2026,limesurvey_2026_deidentified.csv,21,40,BI20OE24,BI20OE24,INCLUDED,LB_HB,MSBS,A,LB,post,03,3,3,FALSE,FALSE,FALSE,FALSE,FALSE,VALID,
2026,limesurvey_2026_deidentified.csv,21,40,BI20OE24,BI20OE24,INCLUDED,LB_HB,MSBS,A,LB,post,09,1 - stimme überhaupt nicht zu,1,FALSE,FALSE,FALSE,FALSE,FALSE,VALID,
2026,limesurvey_2026_deidentified.csv,21,40,BI20OE24,BI20OE24,INCLUDED,LB_HB,MSBS,A,LB,post,10,2,2,FALSE,FALSE,FALSE,FALSE,FALSE,VALID,
2026,limesurvey_2026_deidentified.csv,21,40,BI20OE24,BI20OE24,INCLUDED,LB_HB,MSBS,A,LB,post,22,1 - stimme überhaupt nicht zu,1,FALSE,FALSE,FALSE,FALSE,FALSE,VALID,
2026,limesurvey_2026_deidentified.csv,21,40,BI20OE24,BI20OE24,INCLUDED,LB_HB,MSBS,A,LB,post,23,2,2,FALSE,FALSE,FALSE,FALSE,FALSE,VALID,
2026,limesurvey_2026_deidentified.csv,21,40,BI20OE24,BI20OE24,INCLUDED,LB_HB,MSBS,A,LB,post,24,2,2,FALSE,FALSE,FALSE,FALSE,FALSE,VALID,
2026,limesurvey_2026_deidentified.csv,21,40,BI20OE24,BI20OE24,INCLUDED,LB_HB,MSBS,A,LB,post,28,2,2,FALSE,FALSE,FALSE,FALSE,FALSE,VALID,
2026,limesurvey_2026_deidentified.csv,21,40,BI20OE24,BI20OE24,INCLUDED,LB_HB,SBPS,,,trait,01,2,2,FALSE,FALSE,FALSE,FALSE,FALSE,VALID,
2026,limesurvey_2026_deidentified.csv,21,40,BI20OE24,BI20OE24,INCLUDED,LB_HB,SBPS,,,trait,02,1 - stimme überhaupt nicht zu,1,FALSE,FALSE,FALSE,FALSE,FALSE,VALID,
2026,limesurvey_2026_deidentified.csv,21,40,BI20OE24,BI20OE24,INCLUDED,LB_HB,SBPS,,,trait,03,2,2,FALSE,FALSE,FALSE,FALSE,FALSE,VALID,
2026,limesurvey_2026_deidentified.csv,21,40,BI20OE24,BI20OE24,INCLUDED,LB_HB,SBPS,,,trait,04,1 - stimme überhaupt nicht zu,1,FALSE,FALSE,FALSE,FALSE,FALSE,VALID,
2026,limesurvey_2026_deidentified.csv,21,40,BI20OE24,BI20OE24,INCLUDED,LB_HB,SBPS,,,trait,05,2,2,FALSE,FALSE,FALSE,FALSE,FALSE,VALID,
2026,limesurvey_2026_deidentified.csv,21,40,BI20OE24,BI20OE24,INCLUDED,LB_HB,SBPS,,,trait,06,2,2,FALSE,FALSE,FALSE,FALSE,FALSE,VALID,
2026,limesurvey_2026_deidentified.csv,21,40,BI20OE24,BI20OE24,INCLUDED,LB_HB,SBPS,,,trait,07,1 - stimme überhaupt nicht zu,1,FALSE,FALSE,FALSE,FALSE,FALSE,VALID,
2026,limesurvey_2026_deidentified.csv,21,40,BI20OE24,BI20OE24,INCLUDED,LB_HB,SBPS,,,trait,08,1 - stimme überhaupt nicht zu,1,FALSE,FALSE,FALSE,FALSE,FALSE,VALID,
2026,limesurvey_2026_deidentified.csv,17,35,CA04TU11,CA04TU11,INCLUDED,LB_HB,MSBS,B,HB,baseline,01,1 - stimme überhaupt nicht zu,1,FALSE,FALSE,FALSE,FALSE,FALSE,VALID,
2026,limesurvey_2026_deidentified.csv,17,35,CA04TU11,CA04TU11,INCLUDED,LB_HB,MSBS,B,HB,baseline,03,2,2,FALSE,FALSE,FALSE,FALSE,FALSE,VALID,
2026,limesurvey_2026_deidentified.csv,17,35,CA04TU11,CA04TU11,INCLUDED,LB_HB,MSBS,B,HB,baseline,09,1 - stimme überhaupt nicht zu,1,FALSE,FALSE,FALSE,FALSE,FALSE,VALID,
2026,limesurvey_2026_deidentified.csv,17,35,CA04TU11,CA04TU11,INCLUDED,LB_HB,MSBS,B,HB,baseline,10,1 - stimme überhaupt nicht zu,1,FALSE,FALSE,FALSE,FALSE,FALSE,VALID,
2026,limesurvey_2026_deidentified.csv,17,35,CA04TU11,CA04TU11,INCLUDED,LB_HB,MSBS,B,HB,baseline,22,1 - stimme überhaupt nicht zu,1,FALSE,FALSE,FALSE,FALSE,FALSE,VALID,
2026,limesurvey_2026_deidentified.csv,17,35,CA04TU11,CA04TU11,INCLUDED,LB_HB,MSBS,B,HB,baseline,23,2,2,FALSE,FALSE,FALSE,FALSE,FALSE,VALID,
2026,limesurvey_2026_deidentified.csv,17,35,CA04TU11,CA04TU11,INCLUDED,LB_HB,MSBS,B,HB,baseline,24,1 - stimme überhaupt nicht zu,1,FALSE,FALSE,FALSE,FALSE,FALSE,VALID,
2026,limesurvey_2026_deidentified.csv,17,35,CA04TU11,CA04TU11,INCLUDED,LB_HB,MSBS,B,HB,baseline,28,2,2,FALSE,FALSE,FALSE,FALSE,FALSE,VALID,
2026,limesurvey_2026_deidentified.csv,17,35,CA04TU11,CA04TU11,INCLUDED,LB_HB,MSBS,B,HB,post,01,1 - stimme überhaupt nicht zu,1,FALSE,FALSE,FALSE,FALSE,FALSE,VALID,
2026,limesurvey_2026_deidentified.csv,17,35,CA04TU11,CA04TU11,INCLUDED,LB_HB,MSBS,B,HB,post,03,2,2,FALSE,FALSE,FALSE,FALSE,FALSE,VALID,
2026,limesurvey_2026_deidentified.csv,17,35,CA04TU11,CA04TU11,INCLUDED,LB_HB,MSBS,B,HB,post,09,1 - stimme überhaupt nicht zu,1,FALSE,FALSE,FALSE,FALSE,FALSE,VALID,
2026,limesurvey_2026_deidentified.csv,17,35,CA04TU11,CA04TU11,INCLUDED,LB_HB,MSBS,B,HB,post,10,2,2,FALSE,FALSE,FALSE,FALSE,FALSE,VALID,
2026,limesurvey_2026_deidentified.csv,17,35,CA04TU11,CA04TU11,INCLUDED,LB_HB,MSBS,B,HB,post,22,2,2,FALSE,FALSE,FALSE,FALSE,FALSE,VALID,
2026,limesurvey_2026_deidentified.csv,17,35,CA04TU11,CA04TU11,INCLUDED,LB_HB,MSBS,B,HB,post,23,2,2,FALSE,FALSE,FALSE,FALSE,FALSE,VALID,
2026,limesurvey_2026_deidentified.csv,17,35,CA04TU11,CA04TU11,INCLUDED,LB_HB,MSBS,B,HB,post,24,1 - stimme überhaupt nicht zu,1,FALSE,FALSE,FALSE,FALSE,FALSE,VALID,
2026,limesurvey_2026_deidentified.csv,17,35,CA04TU11,CA04TU11,INCLUDED,LB_HB,MSBS,B,HB,post,28,1 - stimme überhaupt nicht zu,1,FALSE,FALSE,FALSE,FALSE,FALSE,VALID,
2026,limesurvey_2026_deidentified.csv,17,35,CA04TU11,CA04TU11,INCLUDED,LB_HB,MSBS,A,LB,baseline,01,2,2,FALSE,FALSE,FALSE,FALSE,FALSE,VALID,
2026,limesurvey_2026_deidentified.csv,17,35,CA04TU11,CA04TU11,INCLUDED,LB_HB,MSBS,A,LB,baseline,03,2,2,FALSE,FALSE,FALSE,FALSE,FALSE,VALID,
2026,limesurvey_2026_deidentified.csv,17,35,CA04TU11,CA04TU11,INCLUDED,LB_HB,MSBS,A,LB,baseline,09,1 - stimme überhaupt nicht zu,1,FALSE,FALSE,FALSE,FALSE,FALSE,VALID,
2026,limesurvey_2026_deidentified.csv,17,35,CA04TU11,CA04TU11,INCLUDED,LB_HB,MSBS,A,LB,baseline,10,1 - stimme überhaupt nicht zu,1,FALSE,FALSE,FALSE,FALSE,FALSE,VALID,
2026,limesurvey_2026_deidentified.csv,17,35,CA04TU11,CA04TU11,INCLUDED,LB_HB,MSBS,A,LB,baseline,22,1 - stimme überhaupt nicht zu,1,FALSE,FALSE,FALSE,FALSE,FALSE,VALID,
2026,limesurvey_2026_deidentified.csv,17,35,CA04TU11,CA04TU11,INCLUDED,LB_HB,MSBS,A,LB,baseline,23,2,2,FALSE,FALSE,FALSE,FALSE,FALSE,VALID,
2026,limesurvey_2026_deidentified.csv,17,35,CA04TU11,CA04TU11,INCLUDED,LB_HB,MSBS,A,LB,baseline,24,1 - stimme überhaupt nicht zu,1,FALSE,FALSE,FALSE,FALSE,FALSE,VALID,
2026,limesurvey_2026_deidentified.csv,17,35,CA04TU11,CA04TU11,INCLUDED,LB_HB,MSBS,A,LB,baseline,28,1 - stimme überhaupt nicht zu,1,FALSE,FALSE,FALSE,FALSE,FALSE,VALID,
2026,limesurvey_2026_deidentified.csv,17,35,CA04TU11,CA04TU11,INCLUDED,LB_HB,MSBS,A,LB,post,01,2,2,FALSE,FALSE,FALSE,FALSE,FALSE,VALID,
2026,limesurvey_2026_deidentified.csv,17,35,CA04TU11,CA04TU11,INCLUDED,LB_HB,MSBS,A,LB,post,03,1 - stimme überhaupt nicht zu,1,FALSE,FALSE,FALSE,FALSE,FALSE,VALID,
2026,limesurvey_2026_deidentified.csv,17,35,CA04TU11,CA04TU11,INCLUDED,LB_HB,MSBS,A,LB,post,09,1 - stimme überhaupt nicht zu,1,FALSE,FALSE,FALSE,FALSE,FALSE,VALID,
2026,limesurvey_2026_deidentified.csv,17,35,CA04TU11,CA04TU11,INCLUDED,LB_HB,MSBS,A,LB,post,10,1 - stimme überhaupt nicht zu,1,FALSE,FALSE,FALSE,FALSE,FALSE,VALID,
2026,limesurvey_2026_deidentified.csv,17,35,CA04TU11,CA04TU11,INCLUDED,LB_HB,MSBS,A,LB,post,22,1 - stimme überhaupt nicht zu,1,FALSE,FALSE,FALSE,FALSE,FALSE,VALID,
2026,limesurvey_2026_deidentified.csv,17,35,CA04TU11,CA04TU11,INCLUDED,LB_HB,MSBS,A,LB,post,23,1 - stimme überhaupt nicht zu,1,FALSE,FALSE,FALSE,FALSE,FALSE,VALID,
2026,limesurvey_2026_deidentified.csv,17,35,CA04TU11,CA04TU11,INCLUDED,LB_HB,MSBS,A,LB,post,24,1 - stimme überhaupt nicht zu,1,FALSE,FALSE,FALSE,FALSE,FALSE,VALID,
2026,limesurvey_2026_deidentified.csv,17,35,CA04TU11,CA04TU11,INCLUDED,LB_HB,MSBS,A,LB,post,28,2,2,FALSE,FALSE,FALSE,FALSE,FALSE,VALID,
2026,limesurvey_2026_deidentified.csv,17,35,CA04TU11,CA04TU11,INCLUDED,LB_HB,SBPS,,,trait,01,2,2,FALSE,FALSE,FALSE,FALSE,FALSE,VALID,
2026,limesurvey_2026_deidentified.csv,17,35,CA04TU11,CA04TU11,INCLUDED,LB_HB,SBPS,,,trait,02,1 - stimme überhaupt nicht zu,1,FALSE,FALSE,FALSE,FALSE,FALSE,VALID,
2026,limesurvey_2026_deidentified.csv,17,35,CA04TU11,CA04TU11,INCLUDED,LB_HB,SBPS,,,trait,03,3,3,FALSE,FALSE,FALSE,FALSE,FALSE,VALID,
2026,limesurvey_2026_deidentified.csv,17,35,CA04TU11,CA04TU11,INCLUDED,LB_HB,SBPS,,,trait,04,2,2,FALSE,FALSE,FALSE,FALSE,FALSE,VALID,
2026,limesurvey_2026_deidentified.csv,17,35,CA04TU11,CA04TU11,INCLUDED,LB_HB,SBPS,,,trait,05,2,2,FALSE,FALSE,FALSE,FALSE,FALSE,VALID,
2026,limesurvey_2026_deidentified.csv,17,35,CA04TU11,CA04TU11,INCLUDED,LB_HB,SBPS,,,trait,06,2,2,FALSE,FALSE,FALSE,FALSE,FALSE,VALID,
2026,limesurvey_2026_deidentified.csv,17,35,CA04TU11,CA04TU11,INCLUDED,LB_HB,SBPS,,,trait,07,1 - stimme überhaupt nicht zu,1,FALSE,FALSE,FALSE,FALSE,FALSE,VALID,
2026,limesurvey_2026_deidentified.csv,17,35,CA04TU11,CA04TU11,INCLUDED,LB_HB,SBPS,,,trait,08,3,3,FALSE,FALSE,FALSE,FALSE,FALSE,VALID,
2024,limesurvey_2024_deidentified.csv,24,38,CA11UR11,CA11UR11,INCLUDED,HB_LB,MSBS,A,HB,baseline,01,1 - stimme überhaupt nicht zu,1,FALSE,FALSE,FALSE,FALSE,FALSE,VALID,
2024,limesurvey_2024_deidentified.csv,24,38,CA11UR11,CA11UR11,INCLUDED,HB_LB,MSBS,A,HB,baseline,03,5,5,FALSE,FALSE,FALSE,FALSE,FALSE,VALID,
2024,limesurvey_2024_deidentified.csv,24,38,CA11UR11,CA11UR11,INCLUDED,HB_LB,MSBS,A,HB,baseline,09,2,2,FALSE,FALSE,FALSE,FALSE,FALSE,VALID,
2024,limesurvey_2024_deidentified.csv,24,38,CA11UR11,CA11UR11,INCLUDED,HB_LB,MSBS,A,HB,baseline,10,3,3,FALSE,FALSE,FALSE,FALSE,FALSE,VALID,
2024,limesurvey_2024_deidentified.csv,24,38,CA11UR11,CA11UR11,INCLUDED,HB_LB,MSBS,A,HB,baseline,22,2,2,FALSE,FALSE,FALSE,FALSE,FALSE,VALID,
2024,limesurvey_2024_deidentified.csv,24,38,CA11UR11,CA11UR11,INCLUDED,HB_LB,MSBS,A,HB,baseline,23,5,5,FALSE,FALSE,FALSE,FALSE,FALSE,VALID,
2024,limesurvey_2024_deidentified.csv,24,38,CA11UR11,CA11UR11,INCLUDED,HB_LB,MSBS,A,HB,baseline,24,3,3,FALSE,FALSE,FALSE,FALSE,FALSE,VALID,
2024,limesurvey_2024_deidentified.csv,24,38,CA11UR11,CA11UR11,INCLUDED,HB_LB,MSBS,A,HB,baseline,28,2,2,FALSE,FALSE,FALSE,FALSE,FALSE,VALID,
2024,limesurvey_2024_deidentified.csv,24,38,CA11UR11,CA11UR11,INCLUDED,HB_LB,MSBS,A,HB,post,01,4,4,FALSE,FALSE,FALSE,FALSE,FALSE,VALID,
2024,limesurvey_2024_deidentified.csv,24,38,CA11UR11,CA11UR11,INCLUDED,HB_LB,MSBS,A,HB,post,03,3,3,FALSE,FALSE,FALSE,FALSE,FALSE,VALID,
2024,limesurvey_2024_deidentified.csv,24,38,CA11UR11,CA11UR11,INCLUDED,HB_LB,MSBS,A,HB,post,09,2,2,FALSE,FALSE,FALSE,FALSE,FALSE,VALID,
2024,limesurvey_2024_deidentified.csv,24,38,CA11UR11,CA11UR11,INCLUDED,HB_LB,MSBS,A,HB,post,10,4,4,FALSE,FALSE,FALSE,FALSE,FALSE,VALID,
2024,limesurvey_2024_deidentified.csv,24,38,CA11UR11,CA11UR11,INCLUDED,HB_LB,MSBS,A,HB,post,22,2,2,FALSE,FALSE,FALSE,FALSE,FALSE,VALID,
2024,limesurvey_2024_deidentified.csv,24,38,CA11UR11,CA11UR11,INCLUDED,HB_LB,MSBS,A,HB,post,23,3,3,FALSE,FALSE,FALSE,FALSE,FALSE,VALID,
2024,limesurvey_2024_deidentified.csv,24,38,CA11UR11,CA11UR11,INCLUDED,HB_LB,MSBS,A,HB,post,24,1 - stimme überhaupt nicht zu,1,FALSE,FALSE,FALSE,FALSE,FALSE,VALID,
2024,limesurvey_2024_deidentified.csv,24,38,CA11UR11,CA11UR11,INCLUDED,HB_LB,MSBS,A,HB,post,28,3,3,FALSE,FALSE,FALSE,FALSE,FALSE,VALID,
2024,limesurvey_2024_deidentified.csv,24,38,CA11UR11,CA11UR11,INCLUDED,HB_LB,MSBS,B,LB,baseline,01,2,2,FALSE,FALSE,FALSE,FALSE,FALSE,VALID,
2024,limesurvey_2024_deidentified.csv,24,38,CA11UR11,CA11UR11,INCLUDED,HB_LB,MSBS,B,LB,baseline,03,2,2,FALSE,FALSE,FALSE,FALSE,FALSE,VALID,
2024,limesurvey_2024_deidentified.csv,24,38,CA11UR11,CA11UR11,INCLUDED,HB_LB,MSBS,B,LB,baseline,09,1 - stimme überhaupt nicht zu,1,FALSE,FALSE,FALSE,FALSE,FALSE,VALID,
2024,limesurvey_2024_deidentified.csv,24,38,CA11UR11,CA11UR11,INCLUDED,HB_LB,MSBS,B,LB,baseline,10,1 - stimme überhaupt nicht zu,1,FALSE,FALSE,FALSE,FALSE,FALSE,VALID,
2024,limesurvey_2024_deidentified.csv,24,38,CA11UR11,CA11UR11,INCLUDED,HB_LB,MSBS,B,LB,baseline,22,2,2,FALSE,FALSE,FALSE,FALSE,FALSE,VALID,
2024,limesurvey_2024_deidentified.csv,24,38,CA11UR11,CA11UR11,INCLUDED,HB_LB,MSBS,B,LB,baseline,23,2,2,FALSE,FALSE,FALSE,FALSE,FALSE,VALID,
2024,limesurvey_2024_deidentified.csv,24,38,CA11UR11,CA11UR11,INCLUDED,HB_LB,MSBS,B,LB,baseline,24,1 - stimme überhaupt nicht zu,1,FALSE,FALSE,FALSE,FALSE,FALSE,VALID,
2024,limesurvey_2024_deidentified.csv,24,38,CA11UR11,CA11UR11,INCLUDED,HB_LB,MSBS,B,LB,baseline,28,2,2,FALSE,FALSE,FALSE,FALSE,FALSE,VALID,
2024,limesurvey_2024_deidentified.csv,24,38,CA11UR11,CA11UR11,INCLUDED,HB_LB,MSBS,B,LB,post,01,1 - stimme überhaupt nicht zu,1,FALSE,FALSE,FALSE,FALSE,FALSE,VALID,
2024,limesurvey_2024_deidentified.csv,24,38,CA11UR11,CA11UR11,INCLUDED,HB_LB,MSBS,B,LB,post,03,3,3,FALSE,FALSE,FALSE,FALSE,FALSE,VALID,
2024,limesurvey_2024_deidentified.csv,24,38,CA11UR11,CA11UR11,INCLUDED,HB_LB,MSBS,B,LB,post,09,1 - stimme überhaupt nicht zu,1,FALSE,FALSE,FALSE,FALSE,FALSE,VALID,
2024,limesurvey_2024_deidentified.csv,24,38,CA11UR11,CA11UR11,INCLUDED,HB_LB,MSBS,B,LB,post,10,1 - stimme überhaupt nicht zu,1,FALSE,FALSE,FALSE,FALSE,FALSE,VALID,
2024,limesurvey_2024_deidentified.csv,24,38,CA11UR11,CA11UR11,INCLUDED,HB_LB,MSBS,B,LB,post,22,2,2,FALSE,FALSE,FALSE,FALSE,FALSE,VALID,
2024,limesurvey_2024_deidentified.csv,24,38,CA11UR11,CA11UR11,INCLUDED,HB_LB,MSBS,B,LB,post,23,2,2,FALSE,FALSE,FALSE,FALSE,FALSE,VALID,
2024,limesurvey_2024_deidentified.csv,24,38,CA11UR11,CA11UR11,INCLUDED,HB_LB,MSBS,B,LB,post,24,1 - stimme überhaupt nicht zu,1,FALSE,FALSE,FALSE,FALSE,FALSE,VALID,
2024,limesurvey_2024_deidentified.csv,24,38,CA11UR11,CA11UR11,INCLUDED,HB_LB,MSBS,B,LB,post,28,1 - stimme überhaupt nicht zu,1,FALSE,FALSE,FALSE,FALSE,FALSE,VALID,
2024,limesurvey_2024_deidentified.csv,24,38,CA11UR11,CA11UR11,INCLUDED,HB_LB,SBPS,,,trait,01,2,2,FALSE,FALSE,FALSE,FALSE,FALSE,VALID,
2024,limesurvey_2024_deidentified.csv,24,38,CA11UR11,CA11UR11,INCLUDED,HB_LB,SBPS,,,trait,02,1 - stimme überhaupt nicht zu,1,FALSE,FALSE,FALSE,FALSE,FALSE,VALID,
2024,limesurvey_2024_deidentified.csv,24,38,CA11UR11,CA11UR11,INCLUDED,HB_LB,SBPS,,,trait,03,3,3,FALSE,FALSE,FALSE,FALSE,FALSE,VALID,
2024,limesurvey_2024_deidentified.csv,24,38,CA11UR11,CA11UR11,INCLUDED,HB_LB,SBPS,,,trait,04,1 - stimme überhaupt nicht zu,1,FALSE,FALSE,FALSE,FALSE,FALSE,VALID,
2024,limesurvey_2024_deidentified.csv,24,38,CA11UR11,CA11UR11,INCLUDED,HB_LB,SBPS,,,trait,05,2,2,FALSE,FALSE,FALSE,FALSE,FALSE,VALID,
2024,limesurvey_2024_deidentified.csv,24,38,CA11UR11,CA11UR11,INCLUDED,HB_LB,SBPS,,,trait,06,2,2,FALSE,FALSE,FALSE,FALSE,FALSE,VALID,
2024,limesurvey_2024_deidentified.csv,24,38,CA11UR11,CA11UR11,INCLUDED,HB_LB,SBPS,,,trait,07,2,2,FALSE,FALSE,FALSE,FALSE,FALSE,VALID,
2024,limesurvey_2024_deidentified.csv,24,38,CA11UR11,CA11UR11,INCLUDED,HB_LB,SBPS,,,trait,08,1 - stimme überhaupt nicht zu,1,FALSE,FALSE,FALSE,FALSE,FALSE,VALID,
2026,limesurvey_2026_deidentified.csv,30,49,CH08TU30,CH08TU30,INCLUDED,HB_LB,MSBS,A,HB,baseline,01,1 - stimme überhaupt nicht zu,1,FALSE,FALSE,FALSE,FALSE,FALSE,VALID,
2026,limesurvey_2026_deidentified.csv,30,49,CH08TU30,CH08TU30,INCLUDED,HB_LB,MSBS,A,HB,baseline,03,5,5,FALSE,FALSE,FALSE,FALSE,FALSE,VALID,
2026,limesurvey_2026_deidentified.csv,30,49,CH08TU30,CH08TU30,INCLUDED,HB_LB,MSBS,A,HB,baseline,09,1 - stimme überhaupt nicht zu,1,FALSE,FALSE,FALSE,FALSE,FALSE,VALID,
2026,limesurvey_2026_deidentified.csv,30,49,CH08TU30,CH08TU30,INCLUDED,HB_LB,MSBS,A,HB,baseline,10,1 - stimme überhaupt nicht zu,1,FALSE,FALSE,FALSE,FALSE,FALSE,VALID,
2026,limesurvey_2026_deidentified.csv,30,49,CH08TU30,CH08TU30,INCLUDED,HB_LB,MSBS,A,HB,baseline,22,6,6,FALSE,FALSE,FALSE,FALSE,FALSE,VALID,
2026,limesurvey_2026_deidentified.csv,30,49,CH08TU30,CH08TU30,INCLUDED,HB_LB,MSBS,A,HB,baseline,23,3,3,FALSE,FALSE,FALSE,FALSE,FALSE,VALID,
2026,limesurvey_2026_deidentified.csv,30,49,CH08TU30,CH08TU30,INCLUDED,HB_LB,MSBS,A,HB,baseline,24,1 - stimme überhaupt nicht zu,1,FALSE,FALSE,FALSE,FALSE,FALSE,VALID,
2026,limesurvey_2026_deidentified.csv,30,49,CH08TU30,CH08TU30,INCLUDED,HB_LB,MSBS,A,HB,baseline,28,1 - stimme überhaupt nicht zu,1,FALSE,FALSE,FALSE,FALSE,FALSE,VALID,
2026,limesurvey_2026_deidentified.csv,30,49,CH08TU30,CH08TU30,INCLUDED,HB_LB,MSBS,A,HB,post,01,7 - stimme voll und ganz zu,7,FALSE,FALSE,FALSE,FALSE,FALSE,VALID,
2026,limesurvey_2026_deidentified.csv,30,49,CH08TU30,CH08TU30,INCLUDED,HB_LB,MSBS,A,HB,post,03,5,5,FALSE,FALSE,FALSE,FALSE,FALSE,VALID,
2026,limesurvey_2026_deidentified.csv,30,49,CH08TU30,CH08TU30,INCLUDED,HB_LB,MSBS,A,HB,post,09,5,5,FALSE,FALSE,FALSE,FALSE,FALSE,VALID,
2026,limesurvey_2026_deidentified.csv,30,49,CH08TU30,CH08TU30,INCLUDED,HB_LB,MSBS,A,HB,post,10,6,6,FALSE,FALSE,FALSE,FALSE,FALSE,VALID,
2026,limesurvey_2026_deidentified.csv,30,49,CH08TU30,CH08TU30,INCLUDED,HB_LB,MSBS,A,HB,post,22,3,3,FALSE,FALSE,FALSE,FALSE,FALSE,VALID,
2026,limesurvey_2026_deidentified.csv,30,49,CH08TU30,CH08TU30,INCLUDED,HB_LB,MSBS,A,HB,post,23,6,6,FALSE,FALSE,FALSE,FALSE,FALSE,VALID,
2026,limesurvey_2026_deidentified.csv,30,49,CH08TU30,CH08TU30,INCLUDED,HB_LB,MSBS,A,HB,post,24,6,6,FALSE,FALSE,FALSE,FALSE,FALSE,VALID,
2026,limesurvey_2026_deidentified.csv,30,49,CH08TU30,CH08TU30,INCLUDED,HB_LB,MSBS,A,HB,post,28,7 - stimme voll und ganz zu,7,FALSE,FALSE,FALSE,FALSE,FALSE,VALID,
2026,limesurvey_2026_deidentified.csv,30,49,CH08TU30,CH08TU30,INCLUDED,HB_LB,MSBS,B,LB,baseline,01,4,4,FALSE,FALSE,FALSE,FALSE,FALSE,VALID,
2026,limesurvey_2026_deidentified.csv,30,49,CH08TU30,CH08TU30,INCLUDED,HB_LB,MSBS,B,LB,baseline,03,3,3,FALSE,FALSE,FALSE,FALSE,FALSE,VALID,
2026,limesurvey_2026_deidentified.csv,30,49,CH08TU30,CH08TU30,INCLUDED,HB_LB,MSBS,B,LB,baseline,09,5,5,FALSE,FALSE,FALSE,FALSE,FALSE,VALID,
2026,limesurvey_2026_deidentified.csv,30,49,CH08TU30,CH08TU30,INCLUDED,HB_LB,MSBS,B,LB,baseline,10,3,3,FALSE,FALSE,FALSE,FALSE,FALSE,VALID,
2026,limesurvey_2026_deidentified.csv,30,49,CH08TU30,CH08TU30,INCLUDED,HB_LB,MSBS,B,LB,baseline,22,4,4,FALSE,FALSE,FALSE,FALSE,FALSE,VALID,
2026,limesurvey_2026_deidentified.csv,30,49,CH08TU30,CH08TU30,INCLUDED,HB_LB,MSBS,B,LB,baseline,23,3,3,FALSE,FALSE,FALSE,FALSE,FALSE,VALID,
2026,limesurvey_2026_deidentified.csv,30,49,CH08TU30,CH08TU30,INCLUDED,HB_LB,MSBS,B,LB,baseline,24,3,3,FALSE,FALSE,FALSE,FALSE,FALSE,VALID,
2026,limesurvey_2026_deidentified.csv,30,49,CH08TU30,CH08TU30,INCLUDED,HB_LB,MSBS,B,LB,baseline,28,4,4,FALSE,FALSE,FALSE,FALSE,FALSE,VALID,
2026,limesurvey_2026_deidentified.csv,30,49,CH08TU30,CH08TU30,INCLUDED,HB_LB,MSBS,B,LB,post,01,5,5,FALSE,FALSE,FALSE,FALSE,FALSE,VALID,
2026,limesurvey_2026_deidentified.csv,30,49,CH08TU30,CH08TU30,INCLUDED,HB_LB,MSBS,B,LB,post,03,4,4,FALSE,FALSE,FALSE,FALSE,FALSE,VALID,
2026,limesurvey_2026_deidentified.csv,30,49,CH08TU30,CH08TU30,INCLUDED,HB_LB,MSBS,B,LB,post,09,5,5,FALSE,FALSE,FALSE,FALSE,FALSE,VALID,
2026,limesurvey_2026_deidentified.csv,30,49,CH08TU30,CH08TU30,INCLUDED,HB_LB,MSBS,B,LB,post,10,4,4,FALSE,FALSE,FALSE,FALSE,FALSE,VALID,
2026,limesurvey_2026_deidentified.csv,30,49,CH08TU30,CH08TU30,INCLUDED,HB_LB,MSBS,B,LB,post,22,5,5,FALSE,FALSE,FALSE,FALSE,FALSE,VALID,
2026,limesurvey_2026_deidentified.csv,30,49,CH08TU30,CH08TU30,INCLUDED,HB_LB,MSBS,B,LB,post,23,3,3,FALSE,FALSE,FALSE,FALSE,FALSE,VALID,
2026,limesurvey_2026_deidentified.csv,30,49,CH08TU30,CH08TU30,INCLUDED,HB_LB,MSBS,B,LB,post,24,3,3,FALSE,FALSE,FALSE,FALSE,FALSE,VALID,
2026,limesurvey_2026_deidentified.csv,30,49,CH08TU30,CH08TU30,INCLUDED,HB_LB,MSBS,B,LB,post,28,4,4,FALSE,FALSE,FALSE,FALSE,FALSE,VALID,
2026,limesurvey_2026_deidentified.csv,30,49,CH08TU30,CH08TU30,INCLUDED,HB_LB,SBPS,,,trait,01,2,2,FALSE,FALSE,FALSE,FALSE,FALSE,VALID,
2026,limesurvey_2026_deidentified.csv,30,49,CH08TU30,CH08TU30,INCLUDED,HB_LB,SBPS,,,trait,02,3,3,FALSE,FALSE,FALSE,FALSE,FALSE,VALID,
2026,limesurvey_2026_deidentified.csv,30,49,CH08TU30,CH08TU30,INCLUDED,HB_LB,SBPS,,,trait,03,2,2,FALSE,FALSE,FALSE,FALSE,FALSE,VALID,
2026,limesurvey_2026_deidentified.csv,30,49,CH08TU30,CH08TU30,INCLUDED,HB_LB,SBPS,,,trait,04,1 - stimme überhaupt nicht zu,1,FALSE,FALSE,FALSE,FALSE,FALSE,VALID,
2026,limesurvey_2026_deidentified.csv,30,49,CH08TU30,CH08TU30,INCLUDED,HB_LB,SBPS,,,trait,05,3,3,FALSE,FALSE,FALSE,FALSE,FALSE,VALID,
2026,limesurvey_2026_deidentified.csv,30,49,CH08TU30,CH08TU30,INCLUDED,HB_LB,SBPS,,,trait,06,3,3,FALSE,FALSE,FALSE,FALSE,FALSE,VALID,
2026,limesurvey_2026_deidentified.csv,30,49,CH08TU30,CH08TU30,INCLUDED,HB_LB,SBPS,,,trait,07,3,3,FALSE,FALSE,FALSE,FALSE,FALSE,VALID,
2026,limesurvey_2026_deidentified.csv,30,49,CH08TU30,CH08TU30,INCLUDED,HB_LB,SBPS,,,trait,08,1 - stimme überhaupt nicht zu,1,FALSE,FALSE,FALSE,FALSE,FALSE,VALID,
2026,limesurvey_2026_deidentified.csv,31,50,CH10AL22,CH10AL22,INCLUDED,LB_HB,MSBS,B,HB,baseline,01,4,4,FALSE,FALSE,FALSE,FALSE,FALSE,VALID,
2026,limesurvey_2026_deidentified.csv,31,50,CH10AL22,CH10AL22,INCLUDED,LB_HB,MSBS,B,HB,baseline,03,5,5,FALSE,FALSE,FALSE,FALSE,FALSE,VALID,
2026,limesurvey_2026_deidentified.csv,31,50,CH10AL22,CH10AL22,INCLUDED,LB_HB,MSBS,B,HB,baseline,09,3,3,FALSE,FALSE,FALSE,FALSE,FALSE,VALID,
2026,limesurvey_2026_deidentified.csv,31,50,CH10AL22,CH10AL22,INCLUDED,LB_HB,MSBS,B,HB,baseline,10,3,3,FALSE,FALSE,FALSE,FALSE,FALSE,VALID,
2026,limesurvey_2026_deidentified.csv,31,50,CH10AL22,CH10AL22,INCLUDED,LB_HB,MSBS,B,HB,baseline,22,5,5,FALSE,FALSE,FALSE,FALSE,FALSE,VALID,
2026,limesurvey_2026_deidentified.csv,31,50,CH10AL22,CH10AL22,INCLUDED,LB_HB,MSBS,B,HB,baseline,23,3,3,FALSE,FALSE,FALSE,FALSE,FALSE,VALID,
2026,limesurvey_2026_deidentified.csv,31,50,CH10AL22,CH10AL22,INCLUDED,LB_HB,MSBS,B,HB,baseline,24,2,2,FALSE,FALSE,FALSE,FALSE,FALSE,VALID,
2026,limesurvey_2026_deidentified.csv,31,50,CH10AL22,CH10AL22,INCLUDED,LB_HB,MSBS,B,HB,baseline,28,2,2,FALSE,FALSE,FALSE,FALSE,FALSE,VALID,
2026,limesurvey_2026_deidentified.csv,31,50,CH10AL22,CH10AL22,INCLUDED,LB_HB,MSBS,B,HB,post,01,2,2,FALSE,FALSE,FALSE,FALSE,FALSE,VALID,
2026,limesurvey_2026_deidentified.csv,31,50,CH10AL22,CH10AL22,INCLUDED,LB_HB,MSBS,B,HB,post,03,6,6,FALSE,FALSE,FALSE,FALSE,FALSE,VALID,
2026,limesurvey_2026_deidentified.csv,31,50,CH10AL22,CH10AL22,INCLUDED,LB_HB,MSBS,B,HB,post,09,3,3,FALSE,FALSE,FALSE,FALSE,FALSE,VALID,
2026,limesurvey_2026_deidentified.csv,31,50,CH10AL22,CH10AL22,INCLUDED,LB_HB,MSBS,B,HB,post,10,5,5,FALSE,FALSE,FALSE,FALSE,FALSE,VALID,
2026,limesurvey_2026_deidentified.csv,31,50,CH10AL22,CH10AL22,INCLUDED,LB_HB,MSBS,B,HB,post,22,5,5,FALSE,FALSE,FALSE,FALSE,FALSE,VALID,
2026,limesurvey_2026_deidentified.csv,31,50,CH10AL22,CH10AL22,INCLUDED,LB_HB,MSBS,B,HB,post,23,6,6,FALSE,FALSE,FALSE,FALSE,FALSE,VALID,
2026,limesurvey_2026_deidentified.csv,31,50,CH10AL22,CH10AL22,INCLUDED,LB_HB,MSBS,B,HB,post,24,4,4,FALSE,FALSE,FALSE,FALSE,FALSE,VALID,
2026,limesurvey_2026_deidentified.csv,31,50,CH10AL22,CH10AL22,INCLUDED,LB_HB,MSBS,B,HB,post,28,5,5,FALSE,FALSE,FALSE,FALSE,FALSE,VALID,
2026,limesurvey_2026_deidentified.csv,31,50,CH10AL22,CH10AL22,INCLUDED,LB_HB,MSBS,A,LB,baseline,01,5,5,FALSE,FALSE,FALSE,FALSE,FALSE,VALID,
2026,limesurvey_2026_deidentified.csv,31,50,CH10AL22,CH10AL22,INCLUDED,LB_HB,MSBS,A,LB,baseline,03,2,2,FALSE,FALSE,FALSE,FALSE,FALSE,VALID,
2026,limesurvey_2026_deidentified.csv,31,50,CH10AL22,CH10AL22,INCLUDED,LB_HB,MSBS,A,LB,baseline,09,3,3,FALSE,FALSE,FALSE,FALSE,FALSE,VALID,
2026,limesurvey_2026_deidentified.csv,31,50,CH10AL22,CH10AL22,INCLUDED,LB_HB,MSBS,A,LB,baseline,10,2,2,FALSE,FALSE,FALSE,FALSE,FALSE,VALID,
2026,limesurvey_2026_deidentified.csv,31,50,CH10AL22,CH10AL22,INCLUDED,LB_HB,MSBS,A,LB,baseline,22,5,5,FALSE,FALSE,FALSE,FALSE,FALSE,VALID,
2026,limesurvey_2026_deidentified.csv,31,50,CH10AL22,CH10AL22,INCLUDED,LB_HB,MSBS,A,LB,baseline,23,2,2,FALSE,FALSE,FALSE,FALSE,FALSE,VALID,
2026,limesurvey_2026_deidentified.csv,31,50,CH10AL22,CH10AL22,INCLUDED,LB_HB,MSBS,A,LB,baseline,24,1 - stimme überhaupt nicht zu,1,FALSE,FALSE,FALSE,FALSE,FALSE,VALID,
2026,limesurvey_2026_deidentified.csv,31,50,CH10AL22,CH10AL22,INCLUDED,LB_HB,MSBS,A,LB,baseline,28,1 - stimme überhaupt nicht zu,1,FALSE,FALSE,FALSE,FALSE,FALSE,VALID,
2026,limesurvey_2026_deidentified.csv,31,50,CH10AL22,CH10AL22,INCLUDED,LB_HB,MSBS,A,LB,post,01,4,4,FALSE,FALSE,FALSE,FALSE,FALSE,VALID,
2026,limesurvey_2026_deidentified.csv,31,50,CH10AL22,CH10AL22,INCLUDED,LB_HB,MSBS,A,LB,post,03,5,5,FALSE,FALSE,FALSE,FALSE,FALSE,VALID,
2026,limesurvey_2026_deidentified.csv,31,50,CH10AL22,CH10AL22,INCLUDED,LB_HB,MSBS,A,LB,post,09,5,5,FALSE,FALSE,FALSE,FALSE,FALSE,VALID,
2026,limesurvey_2026_deidentified.csv,31,50,CH10AL22,CH10AL22,INCLUDED,LB_HB,MSBS,A,LB,post,10,7 - stimme voll und ganz zu,7,FALSE,FALSE,FALSE,FALSE,FALSE,VALID,
2026,limesurvey_2026_deidentified.csv,31,50,CH10AL22,CH10AL22,INCLUDED,LB_HB,MSBS,A,LB,post,22,5,5,FALSE,FALSE,FALSE,FALSE,FALSE,VALID,
2026,limesurvey_2026_deidentified.csv,31,50,CH10AL22,CH10AL22,INCLUDED,LB_HB,MSBS,A,LB,post,23,5,5,FALSE,FALSE,FALSE,FALSE,FALSE,VALID,
2026,limesurvey_2026_deidentified.csv,31,50,CH10AL22,CH10AL22,INCLUDED,LB_HB,MSBS,A,LB,post,24,6,6,FALSE,FALSE,FALSE,FALSE,FALSE,VALID,
2026,limesurvey_2026_deidentified.csv,31,50,CH10AL22,CH10AL22,INCLUDED,LB_HB,MSBS,A,LB,post,28,7 - stimme voll und ganz zu,7,FALSE,FALSE,FALSE,FALSE,FALSE,VALID,
2026,limesurvey_2026_deidentified.csv,31,50,CH10AL22,CH10AL22,INCLUDED,LB_HB,SBPS,,,trait,01,6,6,FALSE,FALSE,FALSE,FALSE,FALSE,VALID,
2026,limesurvey_2026_deidentified.csv,31,50,CH10AL22,CH10AL22,INCLUDED,LB_HB,SBPS,,,trait,02,2,2,FALSE,FALSE,FALSE,FALSE,FALSE,VALID,
2026,limesurvey_2026_deidentified.csv,31,50,CH10AL22,CH10AL22,INCLUDED,LB_HB,SBPS,,,trait,03,5,5,FALSE,FALSE,FALSE,FALSE,FALSE,VALID,
2026,limesurvey_2026_deidentified.csv,31,50,CH10AL22,CH10AL22,INCLUDED,LB_HB,SBPS,,,trait,04,5,5,FALSE,FALSE,FALSE,FALSE,FALSE,VALID,
2026,limesurvey_2026_deidentified.csv,31,50,CH10AL22,CH10AL22,INCLUDED,LB_HB,SBPS,,,trait,05,2,2,FALSE,FALSE,FALSE,FALSE,FALSE,VALID,
2026,limesurvey_2026_deidentified.csv,31,50,CH10AL22,CH10AL22,INCLUDED,LB_HB,SBPS,,,trait,06,4,4,FALSE,FALSE,FALSE,FALSE,FALSE,VALID,
2026,limesurvey_2026_deidentified.csv,31,50,CH10AL22,CH10AL22,INCLUDED,LB_HB,SBPS,,,trait,07,2,2,FALSE,FALSE,FALSE,FALSE,FALSE,VALID,
2026,limesurvey_2026_deidentified.csv,31,50,CH10AL22,CH10AL22,INCLUDED,LB_HB,SBPS,,,trait,08,3,3,FALSE,FALSE,FALSE,FALSE,FALSE,VALID,
2024,limesurvey_2024_deidentified.csv,29,41,CH10AN25,CH10AN25,INCLUDED,HB_LB,MSBS,A,HB,baseline,01,4,4,FALSE,FALSE,FALSE,FALSE,FALSE,VALID,
2024,limesurvey_2024_deidentified.csv,29,41,CH10AN25,CH10AN25,INCLUDED,HB_LB,MSBS,A,HB,baseline,03,3,3,FALSE,FALSE,FALSE,FALSE,FALSE,VALID,
2024,limesurvey_2024_deidentified.csv,29,41,CH10AN25,CH10AN25,INCLUDED,HB_LB,MSBS,A,HB,baseline,09,2,2,FALSE,FALSE,FALSE,FALSE,FALSE,VALID,
2024,limesurvey_2024_deidentified.csv,29,41,CH10AN25,CH10AN25,INCLUDED,HB_LB,MSBS,A,HB,baseline,10,2,2,FALSE,FALSE,FALSE,FALSE,FALSE,VALID,
2024,limesurvey_2024_deidentified.csv,29,41,CH10AN25,CH10AN25,INCLUDED,HB_LB,MSBS,A,HB,baseline,22,2,2,FALSE,FALSE,FALSE,FALSE,FALSE,VALID,
2024,limesurvey_2024_deidentified.csv,29,41,CH10AN25,CH10AN25,INCLUDED,HB_LB,MSBS,A,HB,baseline,23,3,3,FALSE,FALSE,FALSE,FALSE,FALSE,VALID,
2024,limesurvey_2024_deidentified.csv,29,41,CH10AN25,CH10AN25,INCLUDED,HB_LB,MSBS,A,HB,baseline,24,4,4,FALSE,FALSE,FALSE,FALSE,FALSE,VALID,
2024,limesurvey_2024_deidentified.csv,29,41,CH10AN25,CH10AN25,INCLUDED,HB_LB,MSBS,A,HB,baseline,28,3,3,FALSE,FALSE,FALSE,FALSE,FALSE,VALID,
2024,limesurvey_2024_deidentified.csv,29,41,CH10AN25,CH10AN25,INCLUDED,HB_LB,MSBS,A,HB,post,01,6,6,FALSE,FALSE,FALSE,FALSE,FALSE,VALID,
2024,limesurvey_2024_deidentified.csv,29,41,CH10AN25,CH10AN25,INCLUDED,HB_LB,MSBS,A,HB,post,03,4,4,FALSE,FALSE,FALSE,FALSE,FALSE,VALID,
2024,limesurvey_2024_deidentified.csv,29,41,CH10AN25,CH10AN25,INCLUDED,HB_LB,MSBS,A,HB,post,09,3,3,FALSE,FALSE,FALSE,FALSE,FALSE,VALID,
2024,limesurvey_2024_deidentified.csv,29,41,CH10AN25,CH10AN25,INCLUDED,HB_LB,MSBS,A,HB,post,10,6,6,FALSE,FALSE,FALSE,FALSE,FALSE,VALID,
2024,limesurvey_2024_deidentified.csv,29,41,CH10AN25,CH10AN25,INCLUDED,HB_LB,MSBS,A,HB,post,22,4,4,FALSE,FALSE,FALSE,FALSE,FALSE,VALID,
2024,limesurvey_2024_deidentified.csv,29,41,CH10AN25,CH10AN25,INCLUDED,HB_LB,MSBS,A,HB,post,23,4,4,FALSE,FALSE,FALSE,FALSE,FALSE,VALID,
2024,limesurvey_2024_deidentified.csv,29,41,CH10AN25,CH10AN25,INCLUDED,HB_LB,MSBS,A,HB,post,24,5,5,FALSE,FALSE,FALSE,FALSE,FALSE,VALID,
2024,limesurvey_2024_deidentified.csv,29,41,CH10AN25,CH10AN25,INCLUDED,HB_LB,MSBS,A,HB,post,28,6,6,FALSE,FALSE,FALSE,FALSE,FALSE,VALID,
2024,limesurvey_2024_deidentified.csv,29,41,CH10AN25,CH10AN25,INCLUDED,HB_LB,MSBS,B,LB,baseline,01,4,4,FALSE,FALSE,FALSE,FALSE,FALSE,VALID,
2024,limesurvey_2024_deidentified.csv,29,41,CH10AN25,CH10AN25,INCLUDED,HB_LB,MSBS,B,LB,baseline,03,3,3,FALSE,FALSE,FALSE,FALSE,FALSE,VALID,
2024,limesurvey_2024_deidentified.csv,29,41,CH10AN25,CH10AN25,INCLUDED,HB_LB,MSBS,B,LB,baseline,09,3,3,FALSE,FALSE,FALSE,FALSE,FALSE,VALID,
2024,limesurvey_2024_deidentified.csv,29,41,CH10AN25,CH10AN25,INCLUDED,HB_LB,MSBS,B,LB,baseline,10,5,5,FALSE,FALSE,FALSE,FALSE,FALSE,VALID,
2024,limesurvey_2024_deidentified.csv,29,41,CH10AN25,CH10AN25,INCLUDED,HB_LB,MSBS,B,LB,baseline,22,4,4,FALSE,FALSE,FALSE,FALSE,FALSE,VALID,
2024,limesurvey_2024_deidentified.csv,29,41,CH10AN25,CH10AN25,INCLUDED,HB_LB,MSBS,B,LB,baseline,23,4,4,FALSE,FALSE,FALSE,FALSE,FALSE,VALID,
2024,limesurvey_2024_deidentified.csv,29,41,CH10AN25,CH10AN25,INCLUDED,HB_LB,MSBS,B,LB,baseline,24,6,6,FALSE,FALSE,FALSE,FALSE,FALSE,VALID,
2024,limesurvey_2024_deidentified.csv,29,41,CH10AN25,CH10AN25,INCLUDED,HB_LB,MSBS,B,LB,baseline,28,6,6,FALSE,FALSE,FALSE,FALSE,FALSE,VALID,
2024,limesurvey_2024_deidentified.csv,29,41,CH10AN25,CH10AN25,INCLUDED,HB_LB,MSBS,B,LB,post,01,4,4,FALSE,FALSE,FALSE,FALSE,FALSE,VALID,
2024,limesurvey_2024_deidentified.csv,29,41,CH10AN25,CH10AN25,INCLUDED,HB_LB,MSBS,B,LB,post,03,4,4,FALSE,FALSE,FALSE,FALSE,FALSE,VALID,
2024,limesurvey_2024_deidentified.csv,29,41,CH10AN25,CH10AN25,INCLUDED,HB_LB,MSBS,B,LB,post,09,3,3,FALSE,FALSE,FALSE,FALSE,FALSE,VALID,
2024,limesurvey_2024_deidentified.csv,29,41,CH10AN25,CH10AN25,INCLUDED,HB_LB,MSBS,B,LB,post,10,3,3,FALSE,FALSE,FALSE,FALSE,FALSE,VALID,
2024,limesurvey_2024_deidentified.csv,29,41,CH10AN25,CH10AN25,INCLUDED,HB_LB,MSBS,B,LB,post,22,3,3,FALSE,FALSE,FALSE,FALSE,FALSE,VALID,
2024,limesurvey_2024_deidentified.csv,29,41,CH10AN25,CH10AN25,INCLUDED,HB_LB,MSBS,B,LB,post,23,4,4,FALSE,FALSE,FALSE,FALSE,FALSE,VALID,
2024,limesurvey_2024_deidentified.csv,29,41,CH10AN25,CH10AN25,INCLUDED,HB_LB,MSBS,B,LB,post,24,4,4,FALSE,FALSE,FALSE,FALSE,FALSE,VALID,
2024,limesurvey_2024_deidentified.csv,29,41,CH10AN25,CH10AN25,INCLUDED,HB_LB,MSBS,B,LB,post,28,5,5,FALSE,FALSE,FALSE,FALSE,FALSE,VALID,
2024,limesurvey_2024_deidentified.csv,29,41,CH10AN25,CH10AN25,INCLUDED,HB_LB,SBPS,,,trait,01,6,6,FALSE,FALSE,FALSE,FALSE,FALSE,VALID,
2024,limesurvey_2024_deidentified.csv,29,41,CH10AN25,CH10AN25,INCLUDED,HB_LB,SBPS,,,trait,02,2,2,FALSE,FALSE,FALSE,FALSE,FALSE,VALID,
2024,limesurvey_2024_deidentified.csv,29,41,CH10AN25,CH10AN25,INCLUDED,HB_LB,SBPS,,,trait,03,4,4,FALSE,FALSE,FALSE,FALSE,FALSE,VALID,
2024,limesurvey_2024_deidentified.csv,29,41,CH10AN25,CH10AN25,INCLUDED,HB_LB,SBPS,,,trait,04,4,4,FALSE,FALSE,FALSE,FALSE,FALSE,VALID,
2024,limesurvey_2024_deidentified.csv,29,41,CH10AN25,CH10AN25,INCLUDED,HB_LB,SBPS,,,trait,05,3,3,FALSE,FALSE,FALSE,FALSE,FALSE,VALID,
2024,limesurvey_2024_deidentified.csv,29,41,CH10AN25,CH10AN25,INCLUDED,HB_LB,SBPS,,,trait,06,3,3,FALSE,FALSE,FALSE,FALSE,FALSE,VALID,
2024,limesurvey_2024_deidentified.csv,29,41,CH10AN25,CH10AN25,INCLUDED,HB_LB,SBPS,,,trait,07,3,3,FALSE,FALSE,FALSE,FALSE,FALSE,VALID,
2024,limesurvey_2024_deidentified.csv,29,41,CH10AN25,CH10AN25,INCLUDED,HB_LB,SBPS,,,trait,08,1 - stimme überhaupt nicht zu,1,FALSE,FALSE,FALSE,FALSE,FALSE,VALID,
2026,limesurvey_2026_deidentified.csv,22,41,CH11RE22,CH11RE22,INCLUDED,HB_LB,MSBS,A,HB,baseline,01,1 - stimme überhaupt nicht zu,1,FALSE,FALSE,FALSE,FALSE,FALSE,VALID,
2026,limesurvey_2026_deidentified.csv,22,41,CH11RE22,CH11RE22,INCLUDED,HB_LB,MSBS,A,HB,baseline,03,2,2,FALSE,FALSE,FALSE,FALSE,FALSE,VALID,
2026,limesurvey_2026_deidentified.csv,22,41,CH11RE22,CH11RE22,INCLUDED,HB_LB,MSBS,A,HB,baseline,09,1 - stimme überhaupt nicht zu,1,FALSE,FALSE,FALSE,FALSE,FALSE,VALID,
2026,limesurvey_2026_deidentified.csv,22,41,CH11RE22,CH11RE22,INCLUDED,HB_LB,MSBS,A,HB,baseline,10,1 - stimme überhaupt nicht zu,1,FALSE,FALSE,FALSE,FALSE,FALSE,VALID,
2026,limesurvey_2026_deidentified.csv,22,41,CH11RE22,CH11RE22,INCLUDED,HB_LB,MSBS,A,HB,baseline,22,3,3,FALSE,FALSE,FALSE,FALSE,FALSE,VALID,
2026,limesurvey_2026_deidentified.csv,22,41,CH11RE22,CH11RE22,INCLUDED,HB_LB,MSBS,A,HB,baseline,23,3,3,FALSE,FALSE,FALSE,FALSE,FALSE,VALID,
2026,limesurvey_2026_deidentified.csv,22,41,CH11RE22,CH11RE22,INCLUDED,HB_LB,MSBS,A,HB,baseline,24,3,3,FALSE,FALSE,FALSE,FALSE,FALSE,VALID,
2026,limesurvey_2026_deidentified.csv,22,41,CH11RE22,CH11RE22,INCLUDED,HB_LB,MSBS,A,HB,baseline,28,1 - stimme überhaupt nicht zu,1,FALSE,FALSE,FALSE,FALSE,FALSE,VALID,
2026,limesurvey_2026_deidentified.csv,22,41,CH11RE22,CH11RE22,INCLUDED,HB_LB,MSBS,A,HB,post,01,6,6,FALSE,FALSE,FALSE,FALSE,FALSE,VALID,
2026,limesurvey_2026_deidentified.csv,22,41,CH11RE22,CH11RE22,INCLUDED,HB_LB,MSBS,A,HB,post,03,3,3,FALSE,FALSE,FALSE,FALSE,FALSE,VALID,
2026,limesurvey_2026_deidentified.csv,22,41,CH11RE22,CH11RE22,INCLUDED,HB_LB,MSBS,A,HB,post,09,1 - stimme überhaupt nicht zu,1,FALSE,FALSE,FALSE,FALSE,FALSE,VALID,
2026,limesurvey_2026_deidentified.csv,22,41,CH11RE22,CH11RE22,INCLUDED,HB_LB,MSBS,A,HB,post,10,3,3,FALSE,FALSE,FALSE,FALSE,FALSE,VALID,
2026,limesurvey_2026_deidentified.csv,22,41,CH11RE22,CH11RE22,INCLUDED,HB_LB,MSBS,A,HB,post,22,1 - stimme überhaupt nicht zu,1,FALSE,FALSE,FALSE,FALSE,FALSE,VALID,
2026,limesurvey_2026_deidentified.csv,22,41,CH11RE22,CH11RE22,INCLUDED,HB_LB,MSBS,A,HB,post,23,6,6,FALSE,FALSE,FALSE,FALSE,FALSE,VALID,
2026,limesurvey_2026_deidentified.csv,22,41,CH11RE22,CH11RE22,INCLUDED,HB_LB,MSBS,A,HB,post,24,4,4,FALSE,FALSE,FALSE,FALSE,FALSE,VALID,
2026,limesurvey_2026_deidentified.csv,22,41,CH11RE22,CH11RE22,INCLUDED,HB_LB,MSBS,A,HB,post,28,3,3,FALSE,FALSE,FALSE,FALSE,FALSE,VALID,
2026,limesurvey_2026_deidentified.csv,22,41,CH11RE22,CH11RE22,INCLUDED,HB_LB,MSBS,B,LB,baseline,01,2,2,FALSE,FALSE,FALSE,FALSE,FALSE,VALID,
2026,limesurvey_2026_deidentified.csv,22,41,CH11RE22,CH11RE22,INCLUDED,HB_LB,MSBS,B,LB,baseline,03,2,2,FALSE,FALSE,FALSE,FALSE,FALSE,VALID,
2026,limesurvey_2026_deidentified.csv,22,41,CH11RE22,CH11RE22,INCLUDED,HB_LB,MSBS,B,LB,baseline,09,1 - stimme überhaupt nicht zu,1,FALSE,FALSE,FALSE,FALSE,FALSE,VALID,
2026,limesurvey_2026_deidentified.csv,22,41,CH11RE22,CH11RE22,INCLUDED,HB_LB,MSBS,B,LB,baseline,10,2,2,FALSE,FALSE,FALSE,FALSE,FALSE,VALID,
2026,limesurvey_2026_deidentified.csv,22,41,CH11RE22,CH11RE22,INCLUDED,HB_LB,MSBS,B,LB,baseline,22,1 - stimme überhaupt nicht zu,1,FALSE,FALSE,FALSE,FALSE,FALSE,VALID,
2026,limesurvey_2026_deidentified.csv,22,41,CH11RE22,CH11RE22,INCLUDED,HB_LB,MSBS,B,LB,baseline,23,4,4,FALSE,FALSE,FALSE,FALSE,FALSE,VALID,
2026,limesurvey_2026_deidentified.csv,22,41,CH11RE22,CH11RE22,INCLUDED,HB_LB,MSBS,B,LB,baseline,24,3,3,FALSE,FALSE,FALSE,FALSE,FALSE,VALID,
2026,limesurvey_2026_deidentified.csv,22,41,CH11RE22,CH11RE22,INCLUDED,HB_LB,MSBS,B,LB,baseline,28,3,3,FALSE,FALSE,FALSE,FALSE,FALSE,VALID,
2026,limesurvey_2026_deidentified.csv,22,41,CH11RE22,CH11RE22,INCLUDED,HB_LB,MSBS,B,LB,post,01,5,5,FALSE,FALSE,FALSE,FALSE,FALSE,VALID,
2026,limesurvey_2026_deidentified.csv,22,41,CH11RE22,CH11RE22,INCLUDED,HB_LB,MSBS,B,LB,post,03,3,3,FALSE,FALSE,FALSE,FALSE,FALSE,VALID,
2026,limesurvey_2026_deidentified.csv,22,41,CH11RE22,CH11RE22,INCLUDED,HB_LB,MSBS,B,LB,post,09,1 - stimme überhaupt nicht zu,1,FALSE,FALSE,FALSE,FALSE,FALSE,VALID,
2026,limesurvey_2026_deidentified.csv,22,41,CH11RE22,CH11RE22,INCLUDED,HB_LB,MSBS,B,LB,post,10,2,2,FALSE,FALSE,FALSE,FALSE,FALSE,VALID,
2026,limesurvey_2026_deidentified.csv,22,41,CH11RE22,CH11RE22,INCLUDED,HB_LB,MSBS,B,LB,post,22,1 - stimme überhaupt nicht zu,1,FALSE,FALSE,FALSE,FALSE,FALSE,VALID,
2026,limesurvey_2026_deidentified.csv,22,41,CH11RE22,CH11RE22,INCLUDED,HB_LB,MSBS,B,LB,post,23,4,4,FALSE,FALSE,FALSE,FALSE,FALSE,VALID,
2026,limesurvey_2026_deidentified.csv,22,41,CH11RE22,CH11RE22,INCLUDED,HB_LB,MSBS,B,LB,post,24,2,2,FALSE,FALSE,FALSE,FALSE,FALSE,VALID,
2026,limesurvey_2026_deidentified.csv,22,41,CH11RE22,CH11RE22,INCLUDED,HB_LB,MSBS,B,LB,post,28,2,2,FALSE,FALSE,FALSE,FALSE,FALSE,VALID,
2026,limesurvey_2026_deidentified.csv,22,41,CH11RE22,CH11RE22,INCLUDED,HB_LB,SBPS,,,trait,01,4,4,FALSE,FALSE,FALSE,FALSE,FALSE,VALID,
2026,limesurvey_2026_deidentified.csv,22,41,CH11RE22,CH11RE22,INCLUDED,HB_LB,SBPS,,,trait,02,3,3,FALSE,FALSE,FALSE,FALSE,FALSE,VALID,
2026,limesurvey_2026_deidentified.csv,22,41,CH11RE22,CH11RE22,INCLUDED,HB_LB,SBPS,,,trait,03,2,2,FALSE,FALSE,FALSE,FALSE,FALSE,VALID,
2026,limesurvey_2026_deidentified.csv,22,41,CH11RE22,CH11RE22,INCLUDED,HB_LB,SBPS,,,trait,04,4,4,FALSE,FALSE,FALSE,FALSE,FALSE,VALID,
2026,limesurvey_2026_deidentified.csv,22,41,CH11RE22,CH11RE22,INCLUDED,HB_LB,SBPS,,,trait,05,2,2,FALSE,FALSE,FALSE,FALSE,FALSE,VALID,
2026,limesurvey_2026_deidentified.csv,22,41,CH11RE22,CH11RE22,INCLUDED,HB_LB,SBPS,,,trait,06,2,2,FALSE,FALSE,FALSE,FALSE,FALSE,VALID,
2026,limesurvey_2026_deidentified.csv,22,41,CH11RE22,CH11RE22,INCLUDED,HB_LB,SBPS,,,trait,07,1 - stimme überhaupt nicht zu,1,FALSE,FALSE,FALSE,FALSE,FALSE,VALID,
2026,limesurvey_2026_deidentified.csv,22,41,CH11RE22,CH11RE22,INCLUDED,HB_LB,SBPS,,,trait,08,1 - stimme überhaupt nicht zu,1,FALSE,FALSE,FALSE,FALSE,FALSE,VALID,
2024,limesurvey_2024_deidentified.csv,3,19,CH18EU28,CH18EU28,INCLUDED,HB_LB,MSBS,A,HB,baseline,01,1 - stimme überhaupt nicht zu,1,FALSE,FALSE,FALSE,FALSE,FALSE,VALID,
2024,limesurvey_2024_deidentified.csv,3,19,CH18EU28,CH18EU28,INCLUDED,HB_LB,MSBS,A,HB,baseline,03,2,2,FALSE,FALSE,FALSE,FALSE,FALSE,VALID,
2024,limesurvey_2024_deidentified.csv,3,19,CH18EU28,CH18EU28,INCLUDED,HB_LB,MSBS,A,HB,baseline,09,1 - stimme überhaupt nicht zu,1,FALSE,FALSE,FALSE,FALSE,FALSE,VALID,
2024,limesurvey_2024_deidentified.csv,3,19,CH18EU28,CH18EU28,INCLUDED,HB_LB,MSBS,A,HB,baseline,10,1 - stimme überhaupt nicht zu,1,FALSE,FALSE,FALSE,FALSE,FALSE,VALID,
2024,limesurvey_2024_deidentified.csv,3,19,CH18EU28,CH18EU28,INCLUDED,HB_LB,MSBS,A,HB,baseline,22,1 - stimme überhaupt nicht zu,1,FALSE,FALSE,FALSE,FALSE,FALSE,VALID,
2024,limesurvey_2024_deidentified.csv,3,19,CH18EU28,CH18EU28,INCLUDED,HB_LB,MSBS,A,HB,baseline,23,1 - stimme überhaupt nicht zu,1,FALSE,FALSE,FALSE,FALSE,FALSE,VALID,
2024,limesurvey_2024_deidentified.csv,3,19,CH18EU28,CH18EU28,INCLUDED,HB_LB,MSBS,A,HB,baseline,24,1 - stimme überhaupt nicht zu,1,FALSE,FALSE,FALSE,FALSE,FALSE,VALID,
2024,limesurvey_2024_deidentified.csv,3,19,CH18EU28,CH18EU28,INCLUDED,HB_LB,MSBS,A,HB,baseline,28,1 - stimme überhaupt nicht zu,1,FALSE,FALSE,FALSE,FALSE,FALSE,VALID,
2024,limesurvey_2024_deidentified.csv,3,19,CH18EU28,CH18EU28,INCLUDED,HB_LB,MSBS,A,HB,post,01,3,3,FALSE,FALSE,FALSE,FALSE,FALSE,VALID,
2024,limesurvey_2024_deidentified.csv,3,19,CH18EU28,CH18EU28,INCLUDED,HB_LB,MSBS,A,HB,post,03,3,3,FALSE,FALSE,FALSE,FALSE,FALSE,VALID,
2024,limesurvey_2024_deidentified.csv,3,19,CH18EU28,CH18EU28,INCLUDED,HB_LB,MSBS,A,HB,post,09,1 - stimme überhaupt nicht zu,1,FALSE,FALSE,FALSE,FALSE,FALSE,VALID,
2024,limesurvey_2024_deidentified.csv,3,19,CH18EU28,CH18EU28,INCLUDED,HB_LB,MSBS,A,HB,post,10,3,3,FALSE,FALSE,FALSE,FALSE,FALSE,VALID,
2024,limesurvey_2024_deidentified.csv,3,19,CH18EU28,CH18EU28,INCLUDED,HB_LB,MSBS,A,HB,post,22,1 - stimme überhaupt nicht zu,1,FALSE,FALSE,FALSE,FALSE,FALSE,VALID,
2024,limesurvey_2024_deidentified.csv,3,19,CH18EU28,CH18EU28,INCLUDED,HB_LB,MSBS,A,HB,post,23,2,2,FALSE,FALSE,FALSE,FALSE,FALSE,VALID,
2024,limesurvey_2024_deidentified.csv,3,19,CH18EU28,CH18EU28,INCLUDED,HB_LB,MSBS,A,HB,post,24,1 - stimme überhaupt nicht zu,1,FALSE,FALSE,FALSE,FALSE,FALSE,VALID,
2024,limesurvey_2024_deidentified.csv,3,19,CH18EU28,CH18EU28,INCLUDED,HB_LB,MSBS,A,HB,post,28,1 - stimme überhaupt nicht zu,1,FALSE,FALSE,FALSE,FALSE,FALSE,VALID,
2024,limesurvey_2024_deidentified.csv,3,19,CH18EU28,CH18EU28,INCLUDED,HB_LB,MSBS,B,LB,baseline,01,2,2,FALSE,FALSE,FALSE,FALSE,FALSE,VALID,
2024,limesurvey_2024_deidentified.csv,3,19,CH18EU28,CH18EU28,INCLUDED,HB_LB,MSBS,B,LB,baseline,03,2,2,FALSE,FALSE,FALSE,FALSE,FALSE,VALID,
2024,limesurvey_2024_deidentified.csv,3,19,CH18EU28,CH18EU28,INCLUDED,HB_LB,MSBS,B,LB,baseline,09,1 - stimme überhaupt nicht zu,1,FALSE,FALSE,FALSE,FALSE,FALSE,VALID,
2024,limesurvey_2024_deidentified.csv,3,19,CH18EU28,CH18EU28,INCLUDED,HB_LB,MSBS,B,LB,baseline,10,2,2,FALSE,FALSE,FALSE,FALSE,FALSE,VALID,
2024,limesurvey_2024_deidentified.csv,3,19,CH18EU28,CH18EU28,INCLUDED,HB_LB,MSBS,B,LB,baseline,22,1 - stimme überhaupt nicht zu,1,FALSE,FALSE,FALSE,FALSE,FALSE,VALID,
2024,limesurvey_2024_deidentified.csv,3,19,CH18EU28,CH18EU28,INCLUDED,HB_LB,MSBS,B,LB,baseline,23,2,2,FALSE,FALSE,FALSE,FALSE,FALSE,VALID,
2024,limesurvey_2024_deidentified.csv,3,19,CH18EU28,CH18EU28,INCLUDED,HB_LB,MSBS,B,LB,baseline,24,1 - stimme überhaupt nicht zu,1,FALSE,FALSE,FALSE,FALSE,FALSE,VALID,
2024,limesurvey_2024_deidentified.csv,3,19,CH18EU28,CH18EU28,INCLUDED,HB_LB,MSBS,B,LB,baseline,28,1 - stimme überhaupt nicht zu,1,FALSE,FALSE,FALSE,FALSE,FALSE,VALID,
2024,limesurvey_2024_deidentified.csv,3,19,CH18EU28,CH18EU28,INCLUDED,HB_LB,MSBS,B,LB,post,01,2,2,FALSE,FALSE,FALSE,FALSE,FALSE,VALID,
2024,limesurvey_2024_deidentified.csv,3,19,CH18EU28,CH18EU28,INCLUDED,HB_LB,MSBS,B,LB,post,03,3,3,FALSE,FALSE,FALSE,FALSE,FALSE,VALID,
2024,limesurvey_2024_deidentified.csv,3,19,CH18EU28,CH18EU28,INCLUDED,HB_LB,MSBS,B,LB,post,09,1 - stimme überhaupt nicht zu,1,FALSE,FALSE,FALSE,FALSE,FALSE,VALID,
2024,limesurvey_2024_deidentified.csv,3,19,CH18EU28,CH18EU28,INCLUDED,HB_LB,MSBS,B,LB,post,10,2,2,FALSE,FALSE,FALSE,FALSE,FALSE,VALID,
2024,limesurvey_2024_deidentified.csv,3,19,CH18EU28,CH18EU28,INCLUDED,HB_LB,MSBS,B,LB,post,22,1 - stimme überhaupt nicht zu,1,FALSE,FALSE,FALSE,FALSE,FALSE,VALID,
2024,limesurvey_2024_deidentified.csv,3,19,CH18EU28,CH18EU28,INCLUDED,HB_LB,MSBS,B,LB,post,23,2,2,FALSE,FALSE,FALSE,FALSE,FALSE,VALID,
2024,limesurvey_2024_deidentified.csv,3,19,CH18EU28,CH18EU28,INCLUDED,HB_LB,MSBS,B,LB,post,24,1 - stimme überhaupt nicht zu,1,FALSE,FALSE,FALSE,FALSE,FALSE,VALID,
2024,limesurvey_2024_deidentified.csv,3,19,CH18EU28,CH18EU28,INCLUDED,HB_LB,MSBS,B,LB,post,28,1 - stimme überhaupt nicht zu,1,FALSE,FALSE,FALSE,FALSE,FALSE,VALID,
2024,limesurvey_2024_deidentified.csv,3,19,CH18EU28,CH18EU28,INCLUDED,HB_LB,SBPS,,,trait,01,2,2,FALSE,FALSE,FALSE,FALSE,FALSE,VALID,
2024,limesurvey_2024_deidentified.csv,3,19,CH18EU28,CH18EU28,INCLUDED,HB_LB,SBPS,,,trait,02,1 - stimme überhaupt nicht zu,1,FALSE,FALSE,FALSE,FALSE,FALSE,VALID,
2024,limesurvey_2024_deidentified.csv,3,19,CH18EU28,CH18EU28,INCLUDED,HB_LB,SBPS,,,trait,03,2,2,FALSE,FALSE,FALSE,FALSE,FALSE,VALID,
2024,limesurvey_2024_deidentified.csv,3,19,CH18EU28,CH18EU28,INCLUDED,HB_LB,SBPS,,,trait,04,2,2,FALSE,FALSE,FALSE,FALSE,FALSE,VALID,
2024,limesurvey_2024_deidentified.csv,3,19,CH18EU28,CH18EU28,INCLUDED,HB_LB,SBPS,,,trait,05,1 - stimme überhaupt nicht zu,1,FALSE,FALSE,FALSE,FALSE,FALSE,VALID,
2024,limesurvey_2024_deidentified.csv,3,19,CH18EU28,CH18EU28,INCLUDED,HB_LB,SBPS,,,trait,06,1 - stimme überhaupt nicht zu,1,FALSE,FALSE,FALSE,FALSE,FALSE,VALID,
2024,limesurvey_2024_deidentified.csv,3,19,CH18EU28,CH18EU28,INCLUDED,HB_LB,SBPS,,,trait,07,1 - stimme überhaupt nicht zu,1,FALSE,FALSE,FALSE,FALSE,FALSE,VALID,
2024,limesurvey_2024_deidentified.csv,3,19,CH18EU28,CH18EU28,INCLUDED,HB_LB,SBPS,,,trait,08,1 - stimme überhaupt nicht zu,1,FALSE,FALSE,FALSE,FALSE,FALSE,VALID,
2024,limesurvey_2024_deidentified.csv,35,47,CL22OE02,CL22OE02,INCLUDED,HB_LB,MSBS,A,HB,baseline,01,2,2,FALSE,FALSE,FALSE,FALSE,FALSE,VALID,
2024,limesurvey_2024_deidentified.csv,35,47,CL22OE02,CL22OE02,INCLUDED,HB_LB,MSBS,A,HB,baseline,03,4,4,FALSE,FALSE,FALSE,FALSE,FALSE,VALID,
2024,limesurvey_2024_deidentified.csv,35,47,CL22OE02,CL22OE02,INCLUDED,HB_LB,MSBS,A,HB,baseline,09,5,5,FALSE,FALSE,FALSE,FALSE,FALSE,VALID,
2024,limesurvey_2024_deidentified.csv,35,47,CL22OE02,CL22OE02,INCLUDED,HB_LB,MSBS,A,HB,baseline,10,4,4,FALSE,FALSE,FALSE,FALSE,FALSE,VALID,
2024,limesurvey_2024_deidentified.csv,35,47,CL22OE02,CL22OE02,INCLUDED,HB_LB,MSBS,A,HB,baseline,22,6,6,FALSE,FALSE,FALSE,FALSE,FALSE,VALID,
2024,limesurvey_2024_deidentified.csv,35,47,CL22OE02,CL22OE02,INCLUDED,HB_LB,MSBS,A,HB,baseline,23,4,4,FALSE,FALSE,FALSE,FALSE,FALSE,VALID,
2024,limesurvey_2024_deidentified.csv,35,47,CL22OE02,CL22OE02,INCLUDED,HB_LB,MSBS,A,HB,baseline,24,2,2,FALSE,FALSE,FALSE,FALSE,FALSE,VALID,
2024,limesurvey_2024_deidentified.csv,35,47,CL22OE02,CL22OE02,INCLUDED,HB_LB,MSBS,A,HB,baseline,28,2,2,FALSE,FALSE,FALSE,FALSE,FALSE,VALID,
2024,limesurvey_2024_deidentified.csv,35,47,CL22OE02,CL22OE02,INCLUDED,HB_LB,MSBS,A,HB,post,01,3,3,FALSE,FALSE,FALSE,FALSE,FALSE,VALID,
2024,limesurvey_2024_deidentified.csv,35,47,CL22OE02,CL22OE02,INCLUDED,HB_LB,MSBS,A,HB,post,03,3,3,FALSE,FALSE,FALSE,FALSE,FALSE,VALID,
2024,limesurvey_2024_deidentified.csv,35,47,CL22OE02,CL22OE02,INCLUDED,HB_LB,MSBS,A,HB,post,09,3,3,FALSE,FALSE,FALSE,FALSE,FALSE,VALID,
2024,limesurvey_2024_deidentified.csv,35,47,CL22OE02,CL22OE02,INCLUDED,HB_LB,MSBS,A,HB,post,10,5,5,FALSE,FALSE,FALSE,FALSE,FALSE,VALID,
2024,limesurvey_2024_deidentified.csv,35,47,CL22OE02,CL22OE02,INCLUDED,HB_LB,MSBS,A,HB,post,22,5,5,FALSE,FALSE,FALSE,FALSE,FALSE,VALID,
2024,limesurvey_2024_deidentified.csv,35,47,CL22OE02,CL22OE02,INCLUDED,HB_LB,MSBS,A,HB,post,23,5,5,FALSE,FALSE,FALSE,FALSE,FALSE,VALID,
2024,limesurvey_2024_deidentified.csv,35,47,CL22OE02,CL22OE02,INCLUDED,HB_LB,MSBS,A,HB,post,24,5,5,FALSE,FALSE,FALSE,FALSE,FALSE,VALID,
2024,limesurvey_2024_deidentified.csv,35,47,CL22OE02,CL22OE02,INCLUDED,HB_LB,MSBS,A,HB,post,28,6,6,FALSE,FALSE,FALSE,FALSE,FALSE,VALID,
2024,limesurvey_2024_deidentified.csv,35,47,CL22OE02,CL22OE02,INCLUDED,HB_LB,MSBS,B,LB,baseline,01,5,5,FALSE,FALSE,FALSE,FALSE,FALSE,VALID,
2024,limesurvey_2024_deidentified.csv,35,47,CL22OE02,CL22OE02,INCLUDED,HB_LB,MSBS,B,LB,baseline,03,3,3,FALSE,FALSE,FALSE,FALSE,FALSE,VALID,
2024,limesurvey_2024_deidentified.csv,35,47,CL22OE02,CL22OE02,INCLUDED,HB_LB,MSBS,B,LB,baseline,09,4,4,FALSE,FALSE,FALSE,FALSE,FALSE,VALID,
2024,limesurvey_2024_deidentified.csv,35,47,CL22OE02,CL22OE02,INCLUDED,HB_LB,MSBS,B,LB,baseline,10,5,5,FALSE,FALSE,FALSE,FALSE,FALSE,VALID,
2024,limesurvey_2024_deidentified.csv,35,47,CL22OE02,CL22OE02,INCLUDED,HB_LB,MSBS,B,LB,baseline,22,6,6,FALSE,FALSE,FALSE,FALSE,FALSE,VALID,
2024,limesurvey_2024_deidentified.csv,35,47,CL22OE02,CL22OE02,INCLUDED,HB_LB,MSBS,B,LB,baseline,23,4,4,FALSE,FALSE,FALSE,FALSE,FALSE,VALID,
2024,limesurvey_2024_deidentified.csv,35,47,CL22OE02,CL22OE02,INCLUDED,HB_LB,MSBS,B,LB,baseline,24,3,3,FALSE,FALSE,FALSE,FALSE,FALSE,VALID,
2024,limesurvey_2024_deidentified.csv,35,47,CL22OE02,CL22OE02,INCLUDED,HB_LB,MSBS,B,LB,baseline,28,5,5,FALSE,FALSE,FALSE,FALSE,FALSE,VALID,
2024,limesurvey_2024_deidentified.csv,35,47,CL22OE02,CL22OE02,INCLUDED,HB_LB,MSBS,B,LB,post,01,2,2,FALSE,FALSE,FALSE,FALSE,FALSE,VALID,
2024,limesurvey_2024_deidentified.csv,35,47,CL22OE02,CL22OE02,INCLUDED,HB_LB,MSBS,B,LB,post,03,2,2,FALSE,FALSE,FALSE,FALSE,FALSE,VALID,
2024,limesurvey_2024_deidentified.csv,35,47,CL22OE02,CL22OE02,INCLUDED,HB_LB,MSBS,B,LB,post,09,4,4,FALSE,FALSE,FALSE,FALSE,FALSE,VALID,
2024,limesurvey_2024_deidentified.csv,35,47,CL22OE02,CL22OE02,INCLUDED,HB_LB,MSBS,B,LB,post,10,2,2,FALSE,FALSE,FALSE,FALSE,FALSE,VALID,
2024,limesurvey_2024_deidentified.csv,35,47,CL22OE02,CL22OE02,INCLUDED,HB_LB,MSBS,B,LB,post,22,5,5,FALSE,FALSE,FALSE,FALSE,FALSE,VALID,
2024,limesurvey_2024_deidentified.csv,35,47,CL22OE02,CL22OE02,INCLUDED,HB_LB,MSBS,B,LB,post,23,2,2,FALSE,FALSE,FALSE,FALSE,FALSE,VALID,
2024,limesurvey_2024_deidentified.csv,35,47,CL22OE02,CL22OE02,INCLUDED,HB_LB,MSBS,B,LB,post,24,2,2,FALSE,FALSE,FALSE,FALSE,FALSE,VALID,
2024,limesurvey_2024_deidentified.csv,35,47,CL22OE02,CL22OE02,INCLUDED,HB_LB,MSBS,B,LB,post,28,2,2,FALSE,FALSE,FALSE,FALSE,FALSE,VALID,
2024,limesurvey_2024_deidentified.csv,35,47,CL22OE02,CL22OE02,INCLUDED,HB_LB,SBPS,,,trait,01,2,2,FALSE,FALSE,FALSE,FALSE,FALSE,VALID,
2024,limesurvey_2024_deidentified.csv,35,47,CL22OE02,CL22OE02,INCLUDED,HB_LB,SBPS,,,trait,02,1 - stimme überhaupt nicht zu,1,FALSE,FALSE,FALSE,FALSE,FALSE,VALID,
2024,limesurvey_2024_deidentified.csv,35,47,CL22OE02,CL22OE02,INCLUDED,HB_LB,SBPS,,,trait,03,3,3,FALSE,FALSE,FALSE,FALSE,FALSE,VALID,
2024,limesurvey_2024_deidentified.csv,35,47,CL22OE02,CL22OE02,INCLUDED,HB_LB,SBPS,,,trait,04,2,2,FALSE,FALSE,FALSE,FALSE,FALSE,VALID,
2024,limesurvey_2024_deidentified.csv,35,47,CL22OE02,CL22OE02,INCLUDED,HB_LB,SBPS,,,trait,05,3,3,FALSE,FALSE,FALSE,FALSE,FALSE,VALID,
2024,limesurvey_2024_deidentified.csv,35,47,CL22OE02,CL22OE02,INCLUDED,HB_LB,SBPS,,,trait,06,2,2,FALSE,FALSE,FALSE,FALSE,FALSE,VALID,
2024,limesurvey_2024_deidentified.csv,35,47,CL22OE02,CL22OE02,INCLUDED,HB_LB,SBPS,,,trait,07,1 - stimme überhaupt nicht zu,1,FALSE,FALSE,FALSE,FALSE,FALSE,VALID,
2024,limesurvey_2024_deidentified.csv,35,47,CL22OE02,CL22OE02,INCLUDED,HB_LB,SBPS,,,trait,08,2,2,FALSE,FALSE,FALSE,FALSE,FALSE,VALID,
2024,limesurvey_2024_deidentified.csv,14,30,CL23ON05,CL23ON05,INCLUDED,LB_HB,MSBS,B,HB,baseline,01,6,6,FALSE,FALSE,FALSE,FALSE,FALSE,VALID,
2024,limesurvey_2024_deidentified.csv,14,30,CL23ON05,CL23ON05,INCLUDED,LB_HB,MSBS,B,HB,baseline,03,6,6,FALSE,FALSE,FALSE,FALSE,FALSE,VALID,
2024,limesurvey_2024_deidentified.csv,14,30,CL23ON05,CL23ON05,INCLUDED,LB_HB,MSBS,B,HB,baseline,09,1 - stimme überhaupt nicht zu,1,FALSE,FALSE,FALSE,FALSE,FALSE,VALID,
2024,limesurvey_2024_deidentified.csv,14,30,CL23ON05,CL23ON05,INCLUDED,LB_HB,MSBS,B,HB,baseline,10,1 - stimme überhaupt nicht zu,1,FALSE,FALSE,FALSE,FALSE,FALSE,VALID,
2024,limesurvey_2024_deidentified.csv,14,30,CL23ON05,CL23ON05,INCLUDED,LB_HB,MSBS,B,HB,baseline,22,1 - stimme überhaupt nicht zu,1,FALSE,FALSE,FALSE,FALSE,FALSE,VALID,
2024,limesurvey_2024_deidentified.csv,14,30,CL23ON05,CL23ON05,INCLUDED,LB_HB,MSBS,B,HB,baseline,23,2,2,FALSE,FALSE,FALSE,FALSE,FALSE,VALID,
2024,limesurvey_2024_deidentified.csv,14,30,CL23ON05,CL23ON05,INCLUDED,LB_HB,MSBS,B,HB,baseline,24,1 - stimme überhaupt nicht zu,1,FALSE,FALSE,FALSE,FALSE,FALSE,VALID,
2024,limesurvey_2024_deidentified.csv,14,30,CL23ON05,CL23ON05,INCLUDED,LB_HB,MSBS,B,HB,baseline,28,1 - stimme überhaupt nicht zu,1,FALSE,FALSE,FALSE,FALSE,FALSE,VALID,
2024,limesurvey_2024_deidentified.csv,14,30,CL23ON05,CL23ON05,INCLUDED,LB_HB,MSBS,B,HB,post,01,5,5,FALSE,FALSE,FALSE,FALSE,FALSE,VALID,
2024,limesurvey_2024_deidentified.csv,14,30,CL23ON05,CL23ON05,INCLUDED,LB_HB,MSBS,B,HB,post,03,6,6,FALSE,FALSE,FALSE,FALSE,FALSE,VALID,
2024,limesurvey_2024_deidentified.csv,14,30,CL23ON05,CL23ON05,INCLUDED,LB_HB,MSBS,B,HB,post,09,1 - stimme überhaupt nicht zu,1,FALSE,FALSE,FALSE,FALSE,FALSE,VALID,
2024,limesurvey_2024_deidentified.csv,14,30,CL23ON05,CL23ON05,INCLUDED,LB_HB,MSBS,B,HB,post,10,2,2,FALSE,FALSE,FALSE,FALSE,FALSE,VALID,
2024,limesurvey_2024_deidentified.csv,14,30,CL23ON05,CL23ON05,INCLUDED,LB_HB,MSBS,B,HB,post,22,2,2,FALSE,FALSE,FALSE,FALSE,FALSE,VALID,
2024,limesurvey_2024_deidentified.csv,14,30,CL23ON05,CL23ON05,INCLUDED,LB_HB,MSBS,B,HB,post,23,2,2,FALSE,FALSE,FALSE,FALSE,FALSE,VALID,
2024,limesurvey_2024_deidentified.csv,14,30,CL23ON05,CL23ON05,INCLUDED,LB_HB,MSBS,B,HB,post,24,1 - stimme überhaupt nicht zu,1,FALSE,FALSE,FALSE,FALSE,FALSE,VALID,
2024,limesurvey_2024_deidentified.csv,14,30,CL23ON05,CL23ON05,INCLUDED,LB_HB,MSBS,B,HB,post,28,1 - stimme überhaupt nicht zu,1,FALSE,FALSE,FALSE,FALSE,FALSE,VALID,
2024,limesurvey_2024_deidentified.csv,14,30,CL23ON05,CL23ON05,INCLUDED,LB_HB,MSBS,A,LB,baseline,01,3,3,FALSE,FALSE,FALSE,FALSE,FALSE,VALID,
2024,limesurvey_2024_deidentified.csv,14,30,CL23ON05,CL23ON05,INCLUDED,LB_HB,MSBS,A,LB,baseline,03,3,3,FALSE,FALSE,FALSE,FALSE,FALSE,VALID,
2024,limesurvey_2024_deidentified.csv,14,30,CL23ON05,CL23ON05,INCLUDED,LB_HB,MSBS,A,LB,baseline,09,2,2,FALSE,FALSE,FALSE,FALSE,FALSE,VALID,
2024,limesurvey_2024_deidentified.csv,14,30,CL23ON05,CL23ON05,INCLUDED,LB_HB,MSBS,A,LB,baseline,10,2,2,FALSE,FALSE,FALSE,FALSE,FALSE,VALID,
2024,limesurvey_2024_deidentified.csv,14,30,CL23ON05,CL23ON05,INCLUDED,LB_HB,MSBS,A,LB,baseline,22,3,3,FALSE,FALSE,FALSE,FALSE,FALSE,VALID,
2024,limesurvey_2024_deidentified.csv,14,30,CL23ON05,CL23ON05,INCLUDED,LB_HB,MSBS,A,LB,baseline,23,3,3,FALSE,FALSE,FALSE,FALSE,FALSE,VALID,
2024,limesurvey_2024_deidentified.csv,14,30,CL23ON05,CL23ON05,INCLUDED,LB_HB,MSBS,A,LB,baseline,24,2,2,FALSE,FALSE,FALSE,FALSE,FALSE,VALID,
2024,limesurvey_2024_deidentified.csv,14,30,CL23ON05,CL23ON05,INCLUDED,LB_HB,MSBS,A,LB,baseline,28,3,3,FALSE,FALSE,FALSE,FALSE,FALSE,VALID,
2024,limesurvey_2024_deidentified.csv,14,30,CL23ON05,CL23ON05,INCLUDED,LB_HB,MSBS,A,LB,post,01,6,6,FALSE,FALSE,FALSE,FALSE,FALSE,VALID,
2024,limesurvey_2024_deidentified.csv,14,30,CL23ON05,CL23ON05,INCLUDED,LB_HB,MSBS,A,LB,post,03,6,6,FALSE,FALSE,FALSE,FALSE,FALSE,VALID,
2024,limesurvey_2024_deidentified.csv,14,30,CL23ON05,CL23ON05,INCLUDED,LB_HB,MSBS,A,LB,post,09,2,2,FALSE,FALSE,FALSE,FALSE,FALSE,VALID,
2024,limesurvey_2024_deidentified.csv,14,30,CL23ON05,CL23ON05,INCLUDED,LB_HB,MSBS,A,LB,post,10,2,2,FALSE,FALSE,FALSE,FALSE,FALSE,VALID,
2024,limesurvey_2024_deidentified.csv,14,30,CL23ON05,CL23ON05,INCLUDED,LB_HB,MSBS,A,LB,post,22,1 - stimme überhaupt nicht zu,1,FALSE,FALSE,FALSE,FALSE,FALSE,VALID,
2024,limesurvey_2024_deidentified.csv,14,30,CL23ON05,CL23ON05,INCLUDED,LB_HB,MSBS,A,LB,post,23,1 - stimme überhaupt nicht zu,1,FALSE,FALSE,FALSE,FALSE,FALSE,VALID,
2024,limesurvey_2024_deidentified.csv,14,30,CL23ON05,CL23ON05,INCLUDED,LB_HB,MSBS,A,LB,post,24,1 - stimme überhaupt nicht zu,1,FALSE,FALSE,FALSE,FALSE,FALSE,VALID,
2024,limesurvey_2024_deidentified.csv,14,30,CL23ON05,CL23ON05,INCLUDED,LB_HB,MSBS,A,LB,post,28,1 - stimme überhaupt nicht zu,1,FALSE,FALSE,FALSE,FALSE,FALSE,VALID,
2024,limesurvey_2024_deidentified.csv,14,30,CL23ON05,CL23ON05,INCLUDED,LB_HB,SBPS,,,trait,01,2,2,FALSE,FALSE,FALSE,FALSE,FALSE,VALID,
2024,limesurvey_2024_deidentified.csv,14,30,CL23ON05,CL23ON05,INCLUDED,LB_HB,SBPS,,,trait,02,2,2,FALSE,FALSE,FALSE,FALSE,FALSE,VALID,
2024,limesurvey_2024_deidentified.csv,14,30,CL23ON05,CL23ON05,INCLUDED,LB_HB,SBPS,,,trait,03,1 - stimme überhaupt nicht zu,1,FALSE,FALSE,FALSE,FALSE,FALSE,VALID,
2024,limesurvey_2024_deidentified.csv,14,30,CL23ON05,CL23ON05,INCLUDED,LB_HB,SBPS,,,trait,04,2,2,FALSE,FALSE,FALSE,FALSE,FALSE,VALID,
2024,limesurvey_2024_deidentified.csv,14,30,CL23ON05,CL23ON05,INCLUDED,LB_HB,SBPS,,,trait,05,2,2,FALSE,FALSE,FALSE,FALSE,FALSE,VALID,
2024,limesurvey_2024_deidentified.csv,14,30,CL23ON05,CL23ON05,INCLUDED,LB_HB,SBPS,,,trait,06,2,2,FALSE,FALSE,FALSE,FALSE,FALSE,VALID,
2024,limesurvey_2024_deidentified.csv,14,30,CL23ON05,CL23ON05,INCLUDED,LB_HB,SBPS,,,trait,07,2,2,FALSE,FALSE,FALSE,FALSE,FALSE,VALID,
2024,limesurvey_2024_deidentified.csv,14,30,CL23ON05,CL23ON05,INCLUDED,LB_HB,SBPS,,,trait,08,2,2,FALSE,FALSE,FALSE,FALSE,FALSE,VALID,
2026,limesurvey_2026_deidentified.csv,27,46,DI16ÜB31,DI16UB31,INCLUDED,HB_LB,MSBS,A,HB,baseline,01,2,2,FALSE,FALSE,FALSE,FALSE,FALSE,VALID,
2026,limesurvey_2026_deidentified.csv,27,46,DI16ÜB31,DI16UB31,INCLUDED,HB_LB,MSBS,A,HB,baseline,03,2,2,FALSE,FALSE,FALSE,FALSE,FALSE,VALID,
2026,limesurvey_2026_deidentified.csv,27,46,DI16ÜB31,DI16UB31,INCLUDED,HB_LB,MSBS,A,HB,baseline,09,1 - stimme überhaupt nicht zu,1,FALSE,FALSE,FALSE,FALSE,FALSE,VALID,
2026,limesurvey_2026_deidentified.csv,27,46,DI16ÜB31,DI16UB31,INCLUDED,HB_LB,MSBS,A,HB,baseline,10,2,2,FALSE,FALSE,FALSE,FALSE,FALSE,VALID,
2026,limesurvey_2026_deidentified.csv,27,46,DI16ÜB31,DI16UB31,INCLUDED,HB_LB,MSBS,A,HB,baseline,22,1 - stimme überhaupt nicht zu,1,FALSE,FALSE,FALSE,FALSE,FALSE,VALID,
2026,limesurvey_2026_deidentified.csv,27,46,DI16ÜB31,DI16UB31,INCLUDED,HB_LB,MSBS,A,HB,baseline,23,5,5,FALSE,FALSE,FALSE,FALSE,FALSE,VALID,
2026,limesurvey_2026_deidentified.csv,27,46,DI16ÜB31,DI16UB31,INCLUDED,HB_LB,MSBS,A,HB,baseline,24,2,2,FALSE,FALSE,FALSE,FALSE,FALSE,VALID,
2026,limesurvey_2026_deidentified.csv,27,46,DI16ÜB31,DI16UB31,INCLUDED,HB_LB,MSBS,A,HB,baseline,28,1 - stimme überhaupt nicht zu,1,FALSE,FALSE,FALSE,FALSE,FALSE,VALID,
2026,limesurvey_2026_deidentified.csv,27,46,DI16ÜB31,DI16UB31,INCLUDED,HB_LB,MSBS,A,HB,post,01,3,3,FALSE,FALSE,FALSE,FALSE,FALSE,VALID,
2026,limesurvey_2026_deidentified.csv,27,46,DI16ÜB31,DI16UB31,INCLUDED,HB_LB,MSBS,A,HB,post,03,3,3,FALSE,FALSE,FALSE,FALSE,FALSE,VALID,
2026,limesurvey_2026_deidentified.csv,27,46,DI16ÜB31,DI16UB31,INCLUDED,HB_LB,MSBS,A,HB,post,09,1 - stimme überhaupt nicht zu,1,FALSE,FALSE,FALSE,FALSE,FALSE,VALID,
2026,limesurvey_2026_deidentified.csv,27,46,DI16ÜB31,DI16UB31,INCLUDED,HB_LB,MSBS,A,HB,post,10,3,3,FALSE,FALSE,FALSE,FALSE,FALSE,VALID,
2026,limesurvey_2026_deidentified.csv,27,46,DI16ÜB31,DI16UB31,INCLUDED,HB_LB,MSBS,A,HB,post,22,2,2,FALSE,FALSE,FALSE,FALSE,FALSE,VALID,
2026,limesurvey_2026_deidentified.csv,27,46,DI16ÜB31,DI16UB31,INCLUDED,HB_LB,MSBS,A,HB,post,23,5,5,FALSE,FALSE,FALSE,FALSE,FALSE,VALID,
2026,limesurvey_2026_deidentified.csv,27,46,DI16ÜB31,DI16UB31,INCLUDED,HB_LB,MSBS,A,HB,post,24,2,2,FALSE,FALSE,FALSE,FALSE,FALSE,VALID,
2026,limesurvey_2026_deidentified.csv,27,46,DI16ÜB31,DI16UB31,INCLUDED,HB_LB,MSBS,A,HB,post,28,3,3,FALSE,FALSE,FALSE,FALSE,FALSE,VALID,
2026,limesurvey_2026_deidentified.csv,27,46,DI16ÜB31,DI16UB31,INCLUDED,HB_LB,MSBS,B,LB,baseline,01,2,2,FALSE,FALSE,FALSE,FALSE,FALSE,VALID,
2026,limesurvey_2026_deidentified.csv,27,46,DI16ÜB31,DI16UB31,INCLUDED,HB_LB,MSBS,B,LB,baseline,03,3,3,FALSE,FALSE,FALSE,FALSE,FALSE,VALID,
2026,limesurvey_2026_deidentified.csv,27,46,DI16ÜB31,DI16UB31,INCLUDED,HB_LB,MSBS,B,LB,baseline,09,1 - stimme überhaupt nicht zu,1,FALSE,FALSE,FALSE,FALSE,FALSE,VALID,
2026,limesurvey_2026_deidentified.csv,27,46,DI16ÜB31,DI16UB31,INCLUDED,HB_LB,MSBS,B,LB,baseline,10,2,2,FALSE,FALSE,FALSE,FALSE,FALSE,VALID,
2026,limesurvey_2026_deidentified.csv,27,46,DI16ÜB31,DI16UB31,INCLUDED,HB_LB,MSBS,B,LB,baseline,22,2,2,FALSE,FALSE,FALSE,FALSE,FALSE,VALID,
2026,limesurvey_2026_deidentified.csv,27,46,DI16ÜB31,DI16UB31,INCLUDED,HB_LB,MSBS,B,LB,baseline,23,5,5,FALSE,FALSE,FALSE,FALSE,FALSE,VALID,
2026,limesurvey_2026_deidentified.csv,27,46,DI16ÜB31,DI16UB31,INCLUDED,HB_LB,MSBS,B,LB,baseline,24,3,3,FALSE,FALSE,FALSE,FALSE,FALSE,VALID,
2026,limesurvey_2026_deidentified.csv,27,46,DI16ÜB31,DI16UB31,INCLUDED,HB_LB,MSBS,B,LB,baseline,28,2,2,FALSE,FALSE,FALSE,FALSE,FALSE,VALID,
2026,limesurvey_2026_deidentified.csv,27,46,DI16ÜB31,DI16UB31,INCLUDED,HB_LB,MSBS,B,LB,post,01,3,3,FALSE,FALSE,FALSE,FALSE,FALSE,VALID,
2026,limesurvey_2026_deidentified.csv,27,46,DI16ÜB31,DI16UB31,INCLUDED,HB_LB,MSBS,B,LB,post,03,3,3,FALSE,FALSE,FALSE,FALSE,FALSE,VALID,
2026,limesurvey_2026_deidentified.csv,27,46,DI16ÜB31,DI16UB31,INCLUDED,HB_LB,MSBS,B,LB,post,09,1 - stimme überhaupt nicht zu,1,FALSE,FALSE,FALSE,FALSE,FALSE,VALID,
2026,limesurvey_2026_deidentified.csv,27,46,DI16ÜB31,DI16UB31,INCLUDED,HB_LB,MSBS,B,LB,post,10,3,3,FALSE,FALSE,FALSE,FALSE,FALSE,VALID,
2026,limesurvey_2026_deidentified.csv,27,46,DI16ÜB31,DI16UB31,INCLUDED,HB_LB,MSBS,B,LB,post,22,2,2,FALSE,FALSE,FALSE,FALSE,FALSE,VALID,
2026,limesurvey_2026_deidentified.csv,27,46,DI16ÜB31,DI16UB31,INCLUDED,HB_LB,MSBS,B,LB,post,23,4,4,FALSE,FALSE,FALSE,FALSE,FALSE,VALID,
2026,limesurvey_2026_deidentified.csv,27,46,DI16ÜB31,DI16UB31,INCLUDED,HB_LB,MSBS,B,LB,post,24,2,2,FALSE,FALSE,FALSE,FALSE,FALSE,VALID,
2026,limesurvey_2026_deidentified.csv,27,46,DI16ÜB31,DI16UB31,INCLUDED,HB_LB,MSBS,B,LB,post,28,3,3,FALSE,FALSE,FALSE,FALSE,FALSE,VALID,
2026,limesurvey_2026_deidentified.csv,27,46,DI16ÜB31,DI16UB31,INCLUDED,HB_LB,SBPS,,,trait,01,2,2,FALSE,FALSE,FALSE,FALSE,FALSE,VALID,
2026,limesurvey_2026_deidentified.csv,27,46,DI16ÜB31,DI16UB31,INCLUDED,HB_LB,SBPS,,,trait,02,2,2,FALSE,FALSE,FALSE,FALSE,FALSE,VALID,
2026,limesurvey_2026_deidentified.csv,27,46,DI16ÜB31,DI16UB31,INCLUDED,HB_LB,SBPS,,,trait,03,3,3,FALSE,FALSE,FALSE,FALSE,FALSE,VALID,
2026,limesurvey_2026_deidentified.csv,27,46,DI16ÜB31,DI16UB31,INCLUDED,HB_LB,SBPS,,,trait,04,2,2,FALSE,FALSE,FALSE,FALSE,FALSE,VALID,
2026,limesurvey_2026_deidentified.csv,27,46,DI16ÜB31,DI16UB31,INCLUDED,HB_LB,SBPS,,,trait,05,2,2,FALSE,FALSE,FALSE,FALSE,FALSE,VALID,
2026,limesurvey_2026_deidentified.csv,27,46,DI16ÜB31,DI16UB31,INCLUDED,HB_LB,SBPS,,,trait,06,2,2,FALSE,FALSE,FALSE,FALSE,FALSE,VALID,
2026,limesurvey_2026_deidentified.csv,27,46,DI16ÜB31,DI16UB31,INCLUDED,HB_LB,SBPS,,,trait,07,1 - stimme überhaupt nicht zu,1,FALSE,FALSE,FALSE,FALSE,FALSE,VALID,
2026,limesurvey_2026_deidentified.csv,27,46,DI16ÜB31,DI16UB31,INCLUDED,HB_LB,SBPS,,,trait,08,1 - stimme überhaupt nicht zu,1,FALSE,FALSE,FALSE,FALSE,FALSE,VALID,
2026,limesurvey_2026_deidentified.csv,23,42,DO11ÜB30,DO11UB30,INCLUDED,LB_HB,MSBS,B,HB,baseline,01,2,2,FALSE,FALSE,FALSE,FALSE,FALSE,VALID,
2026,limesurvey_2026_deidentified.csv,23,42,DO11ÜB30,DO11UB30,INCLUDED,LB_HB,MSBS,B,HB,baseline,03,2,2,FALSE,FALSE,FALSE,FALSE,FALSE,VALID,
2026,limesurvey_2026_deidentified.csv,23,42,DO11ÜB30,DO11UB30,INCLUDED,LB_HB,MSBS,B,HB,baseline,09,1 - stimme überhaupt nicht zu,1,FALSE,FALSE,FALSE,FALSE,FALSE,VALID,
2026,limesurvey_2026_deidentified.csv,23,42,DO11ÜB30,DO11UB30,INCLUDED,LB_HB,MSBS,B,HB,baseline,10,2,2,FALSE,FALSE,FALSE,FALSE,FALSE,VALID,
2026,limesurvey_2026_deidentified.csv,23,42,DO11ÜB30,DO11UB30,INCLUDED,LB_HB,MSBS,B,HB,baseline,22,1 - stimme überhaupt nicht zu,1,FALSE,FALSE,FALSE,FALSE,FALSE,VALID,
2026,limesurvey_2026_deidentified.csv,23,42,DO11ÜB30,DO11UB30,INCLUDED,LB_HB,MSBS,B,HB,baseline,23,1 - stimme überhaupt nicht zu,1,FALSE,FALSE,FALSE,FALSE,FALSE,VALID,
2026,limesurvey_2026_deidentified.csv,23,42,DO11ÜB30,DO11UB30,INCLUDED,LB_HB,MSBS,B,HB,baseline,24,1 - stimme überhaupt nicht zu,1,FALSE,FALSE,FALSE,FALSE,FALSE,VALID,
2026,limesurvey_2026_deidentified.csv,23,42,DO11ÜB30,DO11UB30,INCLUDED,LB_HB,MSBS,B,HB,baseline,28,1 - stimme überhaupt nicht zu,1,FALSE,FALSE,FALSE,FALSE,FALSE,VALID,
2026,limesurvey_2026_deidentified.csv,23,42,DO11ÜB30,DO11UB30,INCLUDED,LB_HB,MSBS,B,HB,post,01,5,5,FALSE,FALSE,FALSE,FALSE,FALSE,VALID,
2026,limesurvey_2026_deidentified.csv,23,42,DO11ÜB30,DO11UB30,INCLUDED,LB_HB,MSBS,B,HB,post,03,3,3,FALSE,FALSE,FALSE,FALSE,FALSE,VALID,
2026,limesurvey_2026_deidentified.csv,23,42,DO11ÜB30,DO11UB30,INCLUDED,LB_HB,MSBS,B,HB,post,09,1 - stimme überhaupt nicht zu,1,FALSE,FALSE,FALSE,FALSE,FALSE,VALID,
2026,limesurvey_2026_deidentified.csv,23,42,DO11ÜB30,DO11UB30,INCLUDED,LB_HB,MSBS,B,HB,post,10,4,4,FALSE,FALSE,FALSE,FALSE,FALSE,VALID,
2026,limesurvey_2026_deidentified.csv,23,42,DO11ÜB30,DO11UB30,INCLUDED,LB_HB,MSBS,B,HB,post,22,1 - stimme überhaupt nicht zu,1,FALSE,FALSE,FALSE,FALSE,FALSE,VALID,
2026,limesurvey_2026_deidentified.csv,23,42,DO11ÜB30,DO11UB30,INCLUDED,LB_HB,MSBS,B,HB,post,23,2,2,FALSE,FALSE,FALSE,FALSE,FALSE,VALID,
2026,limesurvey_2026_deidentified.csv,23,42,DO11ÜB30,DO11UB30,INCLUDED,LB_HB,MSBS,B,HB,post,24,1 - stimme überhaupt nicht zu,1,FALSE,FALSE,FALSE,FALSE,FALSE,VALID,
2026,limesurvey_2026_deidentified.csv,23,42,DO11ÜB30,DO11UB30,INCLUDED,LB_HB,MSBS,B,HB,post,28,1 - stimme überhaupt nicht zu,1,FALSE,FALSE,FALSE,FALSE,FALSE,VALID,
2026,limesurvey_2026_deidentified.csv,23,42,DO11ÜB30,DO11UB30,INCLUDED,LB_HB,MSBS,A,LB,baseline,01,1 - stimme überhaupt nicht zu,1,FALSE,FALSE,FALSE,FALSE,FALSE,VALID,
2026,limesurvey_2026_deidentified.csv,23,42,DO11ÜB30,DO11UB30,INCLUDED,LB_HB,MSBS,A,LB,baseline,03,2,2,FALSE,FALSE,FALSE,FALSE,FALSE,VALID,
2026,limesurvey_2026_deidentified.csv,23,42,DO11ÜB30,DO11UB30,INCLUDED,LB_HB,MSBS,A,LB,baseline,09,1 - stimme überhaupt nicht zu,1,FALSE,FALSE,FALSE,FALSE,FALSE,VALID,
2026,limesurvey_2026_deidentified.csv,23,42,DO11ÜB30,DO11UB30,INCLUDED,LB_HB,MSBS,A,LB,baseline,10,1 - stimme überhaupt nicht zu,1,FALSE,FALSE,FALSE,FALSE,FALSE,VALID,
2026,limesurvey_2026_deidentified.csv,23,42,DO11ÜB30,DO11UB30,INCLUDED,LB_HB,MSBS,A,LB,baseline,22,1 - stimme überhaupt nicht zu,1,FALSE,FALSE,FALSE,FALSE,FALSE,VALID,
2026,limesurvey_2026_deidentified.csv,23,42,DO11ÜB30,DO11UB30,INCLUDED,LB_HB,MSBS,A,LB,baseline,23,1 - stimme überhaupt nicht zu,1,FALSE,FALSE,FALSE,FALSE,FALSE,VALID,
2026,limesurvey_2026_deidentified.csv,23,42,DO11ÜB30,DO11UB30,INCLUDED,LB_HB,MSBS,A,LB,baseline,24,1 - stimme überhaupt nicht zu,1,FALSE,FALSE,FALSE,FALSE,FALSE,VALID,
2026,limesurvey_2026_deidentified.csv,23,42,DO11ÜB30,DO11UB30,INCLUDED,LB_HB,MSBS,A,LB,baseline,28,1 - stimme überhaupt nicht zu,1,FALSE,FALSE,FALSE,FALSE,FALSE,VALID,
2026,limesurvey_2026_deidentified.csv,23,42,DO11ÜB30,DO11UB30,INCLUDED,LB_HB,MSBS,A,LB,post,01,2,2,FALSE,FALSE,FALSE,FALSE,FALSE,VALID,
2026,limesurvey_2026_deidentified.csv,23,42,DO11ÜB30,DO11UB30,INCLUDED,LB_HB,MSBS,A,LB,post,03,2,2,FALSE,FALSE,FALSE,FALSE,FALSE,VALID,
2026,limesurvey_2026_deidentified.csv,23,42,DO11ÜB30,DO11UB30,INCLUDED,LB_HB,MSBS,A,LB,post,09,1 - stimme überhaupt nicht zu,1,FALSE,FALSE,FALSE,FALSE,FALSE,VALID,
2026,limesurvey_2026_deidentified.csv,23,42,DO11ÜB30,DO11UB30,INCLUDED,LB_HB,MSBS,A,LB,post,10,2,2,FALSE,FALSE,FALSE,FALSE,FALSE,VALID,
2026,limesurvey_2026_deidentified.csv,23,42,DO11ÜB30,DO11UB30,INCLUDED,LB_HB,MSBS,A,LB,post,22,1 - stimme überhaupt nicht zu,1,FALSE,FALSE,FALSE,FALSE,FALSE,VALID,
2026,limesurvey_2026_deidentified.csv,23,42,DO11ÜB30,DO11UB30,INCLUDED,LB_HB,MSBS,A,LB,post,23,1 - stimme überhaupt nicht zu,1,FALSE,FALSE,FALSE,FALSE,FALSE,VALID,
2026,limesurvey_2026_deidentified.csv,23,42,DO11ÜB30,DO11UB30,INCLUDED,LB_HB,MSBS,A,LB,post,24,1 - stimme überhaupt nicht zu,1,FALSE,FALSE,FALSE,FALSE,FALSE,VALID,
2026,limesurvey_2026_deidentified.csv,23,42,DO11ÜB30,DO11UB30,INCLUDED,LB_HB,MSBS,A,LB,post,28,1 - stimme überhaupt nicht zu,1,FALSE,FALSE,FALSE,FALSE,FALSE,VALID,
2026,limesurvey_2026_deidentified.csv,23,42,DO11ÜB30,DO11UB30,INCLUDED,LB_HB,SBPS,,,trait,01,1 - stimme überhaupt nicht zu,1,FALSE,FALSE,FALSE,FALSE,FALSE,VALID,
2026,limesurvey_2026_deidentified.csv,23,42,DO11ÜB30,DO11UB30,INCLUDED,LB_HB,SBPS,,,trait,02,1 - stimme überhaupt nicht zu,1,FALSE,FALSE,FALSE,FALSE,FALSE,VALID,
2026,limesurvey_2026_deidentified.csv,23,42,DO11ÜB30,DO11UB30,INCLUDED,LB_HB,SBPS,,,trait,03,1 - stimme überhaupt nicht zu,1,FALSE,FALSE,FALSE,FALSE,FALSE,VALID,
2026,limesurvey_2026_deidentified.csv,23,42,DO11ÜB30,DO11UB30,INCLUDED,LB_HB,SBPS,,,trait,04,1 - stimme überhaupt nicht zu,1,FALSE,FALSE,FALSE,FALSE,FALSE,VALID,
2026,limesurvey_2026_deidentified.csv,23,42,DO11ÜB30,DO11UB30,INCLUDED,LB_HB,SBPS,,,trait,05,1 - stimme überhaupt nicht zu,1,FALSE,FALSE,FALSE,FALSE,FALSE,VALID,
2026,limesurvey_2026_deidentified.csv,23,42,DO11ÜB30,DO11UB30,INCLUDED,LB_HB,SBPS,,,trait,06,1 - stimme überhaupt nicht zu,1,FALSE,FALSE,FALSE,FALSE,FALSE,VALID,
2026,limesurvey_2026_deidentified.csv,23,42,DO11ÜB30,DO11UB30,INCLUDED,LB_HB,SBPS,,,trait,07,1 - stimme überhaupt nicht zu,1,FALSE,FALSE,FALSE,FALSE,FALSE,VALID,
2026,limesurvey_2026_deidentified.csv,23,42,DO11ÜB30,DO11UB30,INCLUDED,LB_HB,SBPS,,,trait,08,1 - stimme überhaupt nicht zu,1,FALSE,FALSE,FALSE,FALSE,FALSE,VALID,
2026,limesurvey_2026_deidentified.csv,28,47,DO13UE03,DO13UE03,INCLUDED,LB_HB,MSBS,B,HB,baseline,01,3,3,FALSE,FALSE,FALSE,FALSE,FALSE,VALID,
2026,limesurvey_2026_deidentified.csv,28,47,DO13UE03,DO13UE03,INCLUDED,LB_HB,MSBS,B,HB,baseline,03,2,2,FALSE,FALSE,FALSE,FALSE,FALSE,VALID,
2026,limesurvey_2026_deidentified.csv,28,47,DO13UE03,DO13UE03,INCLUDED,LB_HB,MSBS,B,HB,baseline,09,2,2,FALSE,FALSE,FALSE,FALSE,FALSE,VALID,
2026,limesurvey_2026_deidentified.csv,28,47,DO13UE03,DO13UE03,INCLUDED,LB_HB,MSBS,B,HB,baseline,10,3,3,FALSE,FALSE,FALSE,FALSE,FALSE,VALID,
2026,limesurvey_2026_deidentified.csv,28,47,DO13UE03,DO13UE03,INCLUDED,LB_HB,MSBS,B,HB,baseline,22,5,5,FALSE,FALSE,FALSE,FALSE,FALSE,VALID,
2026,limesurvey_2026_deidentified.csv,28,47,DO13UE03,DO13UE03,INCLUDED,LB_HB,MSBS,B,HB,baseline,23,3,3,FALSE,FALSE,FALSE,FALSE,FALSE,VALID,
2026,limesurvey_2026_deidentified.csv,28,47,DO13UE03,DO13UE03,INCLUDED,LB_HB,MSBS,B,HB,baseline,24,2,2,FALSE,FALSE,FALSE,FALSE,FALSE,VALID,
2026,limesurvey_2026_deidentified.csv,28,47,DO13UE03,DO13UE03,INCLUDED,LB_HB,MSBS,B,HB,baseline,28,3,3,FALSE,FALSE,FALSE,FALSE,FALSE,VALID,
2026,limesurvey_2026_deidentified.csv,28,47,DO13UE03,DO13UE03,INCLUDED,LB_HB,MSBS,B,HB,post,01,,,TRUE,FALSE,FALSE,FALSE,TRUE,DOCUMENTED_MISSING,DO13UE03 second-block post MSBS unavailable after measurement failure.
2026,limesurvey_2026_deidentified.csv,28,47,DO13UE03,DO13UE03,INCLUDED,LB_HB,MSBS,B,HB,post,03,,,TRUE,FALSE,FALSE,FALSE,TRUE,DOCUMENTED_MISSING,DO13UE03 second-block post MSBS unavailable after measurement failure.
2026,limesurvey_2026_deidentified.csv,28,47,DO13UE03,DO13UE03,INCLUDED,LB_HB,MSBS,B,HB,post,09,,,TRUE,FALSE,FALSE,FALSE,TRUE,DOCUMENTED_MISSING,DO13UE03 second-block post MSBS unavailable after measurement failure.
2026,limesurvey_2026_deidentified.csv,28,47,DO13UE03,DO13UE03,INCLUDED,LB_HB,MSBS,B,HB,post,10,,,TRUE,FALSE,FALSE,FALSE,TRUE,DOCUMENTED_MISSING,DO13UE03 second-block post MSBS unavailable after measurement failure.
2026,limesurvey_2026_deidentified.csv,28,47,DO13UE03,DO13UE03,INCLUDED,LB_HB,MSBS,B,HB,post,22,,,TRUE,FALSE,FALSE,FALSE,TRUE,DOCUMENTED_MISSING,DO13UE03 second-block post MSBS unavailable after measurement failure.
2026,limesurvey_2026_deidentified.csv,28,47,DO13UE03,DO13UE03,INCLUDED,LB_HB,MSBS,B,HB,post,23,,,TRUE,FALSE,FALSE,FALSE,TRUE,DOCUMENTED_MISSING,DO13UE03 second-block post MSBS unavailable after measurement failure.
2026,limesurvey_2026_deidentified.csv,28,47,DO13UE03,DO13UE03,INCLUDED,LB_HB,MSBS,B,HB,post,24,,,TRUE,FALSE,FALSE,FALSE,TRUE,DOCUMENTED_MISSING,DO13UE03 second-block post MSBS unavailable after measurement failure.
2026,limesurvey_2026_deidentified.csv,28,47,DO13UE03,DO13UE03,INCLUDED,LB_HB,MSBS,B,HB,post,28,,,TRUE,FALSE,FALSE,FALSE,TRUE,DOCUMENTED_MISSING,DO13UE03 second-block post MSBS unavailable after measurement failure.
2026,limesurvey_2026_deidentified.csv,28,47,DO13UE03,DO13UE03,INCLUDED,LB_HB,MSBS,A,LB,baseline,01,4,4,FALSE,FALSE,FALSE,FALSE,FALSE,VALID,
2026,limesurvey_2026_deidentified.csv,28,47,DO13UE03,DO13UE03,INCLUDED,LB_HB,MSBS,A,LB,baseline,03,3,3,FALSE,FALSE,FALSE,FALSE,FALSE,VALID,
2026,limesurvey_2026_deidentified.csv,28,47,DO13UE03,DO13UE03,INCLUDED,LB_HB,MSBS,A,LB,baseline,09,2,2,FALSE,FALSE,FALSE,FALSE,FALSE,VALID,
2026,limesurvey_2026_deidentified.csv,28,47,DO13UE03,DO13UE03,INCLUDED,LB_HB,MSBS,A,LB,baseline,10,1 - stimme überhaupt nicht zu,1,FALSE,FALSE,FALSE,FALSE,FALSE,VALID,
2026,limesurvey_2026_deidentified.csv,28,47,DO13UE03,DO13UE03,INCLUDED,LB_HB,MSBS,A,LB,baseline,22,5,5,FALSE,FALSE,FALSE,FALSE,FALSE,VALID,
2026,limesurvey_2026_deidentified.csv,28,47,DO13UE03,DO13UE03,INCLUDED,LB_HB,MSBS,A,LB,baseline,23,2,2,FALSE,FALSE,FALSE,FALSE,FALSE,VALID,
2026,limesurvey_2026_deidentified.csv,28,47,DO13UE03,DO13UE03,INCLUDED,LB_HB,MSBS,A,LB,baseline,24,2,2,FALSE,FALSE,FALSE,FALSE,FALSE,VALID,
2026,limesurvey_2026_deidentified.csv,28,47,DO13UE03,DO13UE03,INCLUDED,LB_HB,MSBS,A,LB,baseline,28,2,2,FALSE,FALSE,FALSE,FALSE,FALSE,VALID,
2026,limesurvey_2026_deidentified.csv,28,47,DO13UE03,DO13UE03,INCLUDED,LB_HB,MSBS,A,LB,post,01,6,6,FALSE,FALSE,FALSE,FALSE,FALSE,VALID,
2026,limesurvey_2026_deidentified.csv,28,47,DO13UE03,DO13UE03,INCLUDED,LB_HB,MSBS,A,LB,post,03,3,3,FALSE,FALSE,FALSE,FALSE,FALSE,VALID,
2026,limesurvey_2026_deidentified.csv,28,47,DO13UE03,DO13UE03,INCLUDED,LB_HB,MSBS,A,LB,post,09,3,3,FALSE,FALSE,FALSE,FALSE,FALSE,VALID,
2026,limesurvey_2026_deidentified.csv,28,47,DO13UE03,DO13UE03,INCLUDED,LB_HB,MSBS,A,LB,post,10,5,5,FALSE,FALSE,FALSE,FALSE,FALSE,VALID,
2026,limesurvey_2026_deidentified.csv,28,47,DO13UE03,DO13UE03,INCLUDED,LB_HB,MSBS,A,LB,post,22,6,6,FALSE,FALSE,FALSE,FALSE,FALSE,VALID,
2026,limesurvey_2026_deidentified.csv,28,47,DO13UE03,DO13UE03,INCLUDED,LB_HB,MSBS,A,LB,post,23,3,3,FALSE,FALSE,FALSE,FALSE,FALSE,VALID,
2026,limesurvey_2026_deidentified.csv,28,47,DO13UE03,DO13UE03,INCLUDED,LB_HB,MSBS,A,LB,post,24,4,4,FALSE,FALSE,FALSE,FALSE,FALSE,VALID,
2026,limesurvey_2026_deidentified.csv,28,47,DO13UE03,DO13UE03,INCLUDED,LB_HB,MSBS,A,LB,post,28,4,4,FALSE,FALSE,FALSE,FALSE,FALSE,VALID,
2026,limesurvey_2026_deidentified.csv,28,47,DO13UE03,DO13UE03,INCLUDED,LB_HB,SBPS,,,trait,01,2,2,FALSE,FALSE,FALSE,FALSE,FALSE,VALID,
2026,limesurvey_2026_deidentified.csv,28,47,DO13UE03,DO13UE03,INCLUDED,LB_HB,SBPS,,,trait,02,3,3,FALSE,FALSE,FALSE,FALSE,FALSE,VALID,
2026,limesurvey_2026_deidentified.csv,28,47,DO13UE03,DO13UE03,INCLUDED,LB_HB,SBPS,,,trait,03,2,2,FALSE,FALSE,FALSE,FALSE,FALSE,VALID,
2026,limesurvey_2026_deidentified.csv,28,47,DO13UE03,DO13UE03,INCLUDED,LB_HB,SBPS,,,trait,04,2,2,FALSE,FALSE,FALSE,FALSE,FALSE,VALID,
2026,limesurvey_2026_deidentified.csv,28,47,DO13UE03,DO13UE03,INCLUDED,LB_HB,SBPS,,,trait,05,2,2,FALSE,FALSE,FALSE,FALSE,FALSE,VALID,
2026,limesurvey_2026_deidentified.csv,28,47,DO13UE03,DO13UE03,INCLUDED,LB_HB,SBPS,,,trait,06,3,3,FALSE,FALSE,FALSE,FALSE,FALSE,VALID,
2026,limesurvey_2026_deidentified.csv,28,47,DO13UE03,DO13UE03,INCLUDED,LB_HB,SBPS,,,trait,07,1 - stimme überhaupt nicht zu,1,FALSE,FALSE,FALSE,FALSE,FALSE,VALID,
2026,limesurvey_2026_deidentified.csv,28,47,DO13UE03,DO13UE03,INCLUDED,LB_HB,SBPS,,,trait,08,1 - stimme überhaupt nicht zu,1,FALSE,FALSE,FALSE,FALSE,FALSE,VALID,
2026,limesurvey_2026_deidentified.csv,20,39,EL30AD28,EL30AD28,INCLUDED,LB_HB,MSBS,B,HB,baseline,01,2,2,FALSE,FALSE,FALSE,FALSE,FALSE,VALID,
2026,limesurvey_2026_deidentified.csv,20,39,EL30AD28,EL30AD28,INCLUDED,LB_HB,MSBS,B,HB,baseline,03,2,2,FALSE,FALSE,FALSE,FALSE,FALSE,VALID,
2026,limesurvey_2026_deidentified.csv,20,39,EL30AD28,EL30AD28,INCLUDED,LB_HB,MSBS,B,HB,baseline,09,3,3,FALSE,FALSE,FALSE,FALSE,FALSE,VALID,
2026,limesurvey_2026_deidentified.csv,20,39,EL30AD28,EL30AD28,INCLUDED,LB_HB,MSBS,B,HB,baseline,10,2,2,FALSE,FALSE,FALSE,FALSE,FALSE,VALID,
2026,limesurvey_2026_deidentified.csv,20,39,EL30AD28,EL30AD28,INCLUDED,LB_HB,MSBS,B,HB,baseline,22,5,5,FALSE,FALSE,FALSE,FALSE,FALSE,VALID,
2026,limesurvey_2026_deidentified.csv,20,39,EL30AD28,EL30AD28,INCLUDED,LB_HB,MSBS,B,HB,baseline,23,2,2,FALSE,FALSE,FALSE,FALSE,FALSE,VALID,
2026,limesurvey_2026_deidentified.csv,20,39,EL30AD28,EL30AD28,INCLUDED,LB_HB,MSBS,B,HB,baseline,24,2,2,FALSE,FALSE,FALSE,FALSE,FALSE,VALID,
2026,limesurvey_2026_deidentified.csv,20,39,EL30AD28,EL30AD28,INCLUDED,LB_HB,MSBS,B,HB,baseline,28,2,2,FALSE,FALSE,FALSE,FALSE,FALSE,VALID,
2026,limesurvey_2026_deidentified.csv,20,39,EL30AD28,EL30AD28,INCLUDED,LB_HB,MSBS,B,HB,post,01,6,6,FALSE,FALSE,FALSE,FALSE,FALSE,VALID,
2026,limesurvey_2026_deidentified.csv,20,39,EL30AD28,EL30AD28,INCLUDED,LB_HB,MSBS,B,HB,post,03,5,5,FALSE,FALSE,FALSE,FALSE,FALSE,VALID,
2026,limesurvey_2026_deidentified.csv,20,39,EL30AD28,EL30AD28,INCLUDED,LB_HB,MSBS,B,HB,post,09,6,6,FALSE,FALSE,FALSE,FALSE,FALSE,VALID,
2026,limesurvey_2026_deidentified.csv,20,39,EL30AD28,EL30AD28,INCLUDED,LB_HB,MSBS,B,HB,post,10,6,6,FALSE,FALSE,FALSE,FALSE,FALSE,VALID,
2026,limesurvey_2026_deidentified.csv,20,39,EL30AD28,EL30AD28,INCLUDED,LB_HB,MSBS,B,HB,post,22,7 - stimme voll und ganz zu,7,FALSE,FALSE,FALSE,FALSE,FALSE,VALID,
2026,limesurvey_2026_deidentified.csv,20,39,EL30AD28,EL30AD28,INCLUDED,LB_HB,MSBS,B,HB,post,23,6,6,FALSE,FALSE,FALSE,FALSE,FALSE,VALID,
2026,limesurvey_2026_deidentified.csv,20,39,EL30AD28,EL30AD28,INCLUDED,LB_HB,MSBS,B,HB,post,24,6,6,FALSE,FALSE,FALSE,FALSE,FALSE,VALID,
2026,limesurvey_2026_deidentified.csv,20,39,EL30AD28,EL30AD28,INCLUDED,LB_HB,MSBS,B,HB,post,28,7 - stimme voll und ganz zu,7,FALSE,FALSE,FALSE,FALSE,FALSE,VALID,
2026,limesurvey_2026_deidentified.csv,20,39,EL30AD28,EL30AD28,INCLUDED,LB_HB,MSBS,A,LB,baseline,01,2,2,FALSE,FALSE,FALSE,FALSE,FALSE,VALID,
2026,limesurvey_2026_deidentified.csv,20,39,EL30AD28,EL30AD28,INCLUDED,LB_HB,MSBS,A,LB,baseline,03,3,3,FALSE,FALSE,FALSE,FALSE,FALSE,VALID,
2026,limesurvey_2026_deidentified.csv,20,39,EL30AD28,EL30AD28,INCLUDED,LB_HB,MSBS,A,LB,baseline,09,5,5,FALSE,FALSE,FALSE,FALSE,FALSE,VALID,
2026,limesurvey_2026_deidentified.csv,20,39,EL30AD28,EL30AD28,INCLUDED,LB_HB,MSBS,A,LB,baseline,10,1 - stimme überhaupt nicht zu,1,FALSE,FALSE,FALSE,FALSE,FALSE,VALID,
2026,limesurvey_2026_deidentified.csv,20,39,EL30AD28,EL30AD28,INCLUDED,LB_HB,MSBS,A,LB,baseline,22,3,3,FALSE,FALSE,FALSE,FALSE,FALSE,VALID,
2026,limesurvey_2026_deidentified.csv,20,39,EL30AD28,EL30AD28,INCLUDED,LB_HB,MSBS,A,LB,baseline,23,3,3,FALSE,FALSE,FALSE,FALSE,FALSE,VALID,
2026,limesurvey_2026_deidentified.csv,20,39,EL30AD28,EL30AD28,INCLUDED,LB_HB,MSBS,A,LB,baseline,24,1 - stimme überhaupt nicht zu,1,FALSE,FALSE,FALSE,FALSE,FALSE,VALID,
2026,limesurvey_2026_deidentified.csv,20,39,EL30AD28,EL30AD28,INCLUDED,LB_HB,MSBS,A,LB,baseline,28,1 - stimme überhaupt nicht zu,1,FALSE,FALSE,FALSE,FALSE,FALSE,VALID,
2026,limesurvey_2026_deidentified.csv,20,39,EL30AD28,EL30AD28,INCLUDED,LB_HB,MSBS,A,LB,post,01,6,6,FALSE,FALSE,FALSE,FALSE,FALSE,VALID,
2026,limesurvey_2026_deidentified.csv,20,39,EL30AD28,EL30AD28,INCLUDED,LB_HB,MSBS,A,LB,post,03,2,2,FALSE,FALSE,FALSE,FALSE,FALSE,VALID,
2026,limesurvey_2026_deidentified.csv,20,39,EL30AD28,EL30AD28,INCLUDED,LB_HB,MSBS,A,LB,post,09,2,2,FALSE,FALSE,FALSE,FALSE,FALSE,VALID,
2026,limesurvey_2026_deidentified.csv,20,39,EL30AD28,EL30AD28,INCLUDED,LB_HB,MSBS,A,LB,post,10,2,2,FALSE,FALSE,FALSE,FALSE,FALSE,VALID,
2026,limesurvey_2026_deidentified.csv,20,39,EL30AD28,EL30AD28,INCLUDED,LB_HB,MSBS,A,LB,post,22,6,6,FALSE,FALSE,FALSE,FALSE,FALSE,VALID,
2026,limesurvey_2026_deidentified.csv,20,39,EL30AD28,EL30AD28,INCLUDED,LB_HB,MSBS,A,LB,post,23,1 - stimme überhaupt nicht zu,1,FALSE,FALSE,FALSE,FALSE,FALSE,VALID,
2026,limesurvey_2026_deidentified.csv,20,39,EL30AD28,EL30AD28,INCLUDED,LB_HB,MSBS,A,LB,post,24,3,3,FALSE,FALSE,FALSE,FALSE,FALSE,VALID,
2026,limesurvey_2026_deidentified.csv,20,39,EL30AD28,EL30AD28,INCLUDED,LB_HB,MSBS,A,LB,post,28,5,5,FALSE,FALSE,FALSE,FALSE,FALSE,VALID,
2026,limesurvey_2026_deidentified.csv,20,39,EL30AD28,EL30AD28,INCLUDED,LB_HB,SBPS,,,trait,01,2,2,FALSE,FALSE,FALSE,FALSE,FALSE,VALID,
2026,limesurvey_2026_deidentified.csv,20,39,EL30AD28,EL30AD28,INCLUDED,LB_HB,SBPS,,,trait,02,1 - stimme überhaupt nicht zu,1,FALSE,FALSE,FALSE,FALSE,FALSE,VALID,
2026,limesurvey_2026_deidentified.csv,20,39,EL30AD28,EL30AD28,INCLUDED,LB_HB,SBPS,,,trait,03,2,2,FALSE,FALSE,FALSE,FALSE,FALSE,VALID,
2026,limesurvey_2026_deidentified.csv,20,39,EL30AD28,EL30AD28,INCLUDED,LB_HB,SBPS,,,trait,04,1 - stimme überhaupt nicht zu,1,FALSE,FALSE,FALSE,FALSE,FALSE,VALID,
2026,limesurvey_2026_deidentified.csv,20,39,EL30AD28,EL30AD28,INCLUDED,LB_HB,SBPS,,,trait,05,2,2,FALSE,FALSE,FALSE,FALSE,FALSE,VALID,
2026,limesurvey_2026_deidentified.csv,20,39,EL30AD28,EL30AD28,INCLUDED,LB_HB,SBPS,,,trait,06,2,2,FALSE,FALSE,FALSE,FALSE,FALSE,VALID,
2026,limesurvey_2026_deidentified.csv,20,39,EL30AD28,EL30AD28,INCLUDED,LB_HB,SBPS,,,trait,07,1 - stimme überhaupt nicht zu,1,FALSE,FALSE,FALSE,FALSE,FALSE,VALID,
2026,limesurvey_2026_deidentified.csv,20,39,EL30AD28,EL30AD28,INCLUDED,LB_HB,SBPS,,,trait,08,2,2,FALSE,FALSE,FALSE,FALSE,FALSE,VALID,
2024,limesurvey_2024_deidentified.csv,8,24,HE20ÜB06,HE20ÜB06,INCLUDED,LB_HB,MSBS,B,HB,baseline,01,2,2,FALSE,FALSE,FALSE,FALSE,FALSE,VALID,
2024,limesurvey_2024_deidentified.csv,8,24,HE20ÜB06,HE20ÜB06,INCLUDED,LB_HB,MSBS,B,HB,baseline,03,5,5,FALSE,FALSE,FALSE,FALSE,FALSE,VALID,
2024,limesurvey_2024_deidentified.csv,8,24,HE20ÜB06,HE20ÜB06,INCLUDED,LB_HB,MSBS,B,HB,baseline,09,3,3,FALSE,FALSE,FALSE,FALSE,FALSE,VALID,
2024,limesurvey_2024_deidentified.csv,8,24,HE20ÜB06,HE20ÜB06,INCLUDED,LB_HB,MSBS,B,HB,baseline,10,4,4,FALSE,FALSE,FALSE,FALSE,FALSE,VALID,
2024,limesurvey_2024_deidentified.csv,8,24,HE20ÜB06,HE20ÜB06,INCLUDED,LB_HB,MSBS,B,HB,baseline,22,4,4,FALSE,FALSE,FALSE,FALSE,FALSE,VALID,
2024,limesurvey_2024_deidentified.csv,8,24,HE20ÜB06,HE20ÜB06,INCLUDED,LB_HB,MSBS,B,HB,baseline,23,4,4,FALSE,FALSE,FALSE,FALSE,FALSE,VALID,
2024,limesurvey_2024_deidentified.csv,8,24,HE20ÜB06,HE20ÜB06,INCLUDED,LB_HB,MSBS,B,HB,baseline,24,3,3,FALSE,FALSE,FALSE,FALSE,FALSE,VALID,
2024,limesurvey_2024_deidentified.csv,8,24,HE20ÜB06,HE20ÜB06,INCLUDED,LB_HB,MSBS,B,HB,baseline,28,2,2,FALSE,FALSE,FALSE,FALSE,FALSE,VALID,
2024,limesurvey_2024_deidentified.csv,8,24,HE20ÜB06,HE20ÜB06,INCLUDED,LB_HB,MSBS,B,HB,post,01,2,2,FALSE,FALSE,FALSE,FALSE,FALSE,VALID,
2024,limesurvey_2024_deidentified.csv,8,24,HE20ÜB06,HE20ÜB06,INCLUDED,LB_HB,MSBS,B,HB,post,03,3,3,FALSE,FALSE,FALSE,FALSE,FALSE,VALID,
2024,limesurvey_2024_deidentified.csv,8,24,HE20ÜB06,HE20ÜB06,INCLUDED,LB_HB,MSBS,B,HB,post,09,4,4,FALSE,FALSE,FALSE,FALSE,FALSE,VALID,
2024,limesurvey_2024_deidentified.csv,8,24,HE20ÜB06,HE20ÜB06,INCLUDED,LB_HB,MSBS,B,HB,post,10,6,6,FALSE,FALSE,FALSE,FALSE,FALSE,VALID,
2024,limesurvey_2024_deidentified.csv,8,24,HE20ÜB06,HE20ÜB06,INCLUDED,LB_HB,MSBS,B,HB,post,22,4,4,FALSE,FALSE,FALSE,FALSE,FALSE,VALID,
2024,limesurvey_2024_deidentified.csv,8,24,HE20ÜB06,HE20ÜB06,INCLUDED,LB_HB,MSBS,B,HB,post,23,4,4,FALSE,FALSE,FALSE,FALSE,FALSE,VALID,
2024,limesurvey_2024_deidentified.csv,8,24,HE20ÜB06,HE20ÜB06,INCLUDED,LB_HB,MSBS,B,HB,post,24,3,3,FALSE,FALSE,FALSE,FALSE,FALSE,VALID,
2024,limesurvey_2024_deidentified.csv,8,24,HE20ÜB06,HE20ÜB06,INCLUDED,LB_HB,MSBS,B,HB,post,28,3,3,FALSE,FALSE,FALSE,FALSE,FALSE,VALID,
2024,limesurvey_2024_deidentified.csv,8,24,HE20ÜB06,HE20ÜB06,INCLUDED,LB_HB,MSBS,A,LB,baseline,01,1 - stimme überhaupt nicht zu,1,FALSE,FALSE,FALSE,FALSE,FALSE,VALID,
2024,limesurvey_2024_deidentified.csv,8,24,HE20ÜB06,HE20ÜB06,INCLUDED,LB_HB,MSBS,A,LB,baseline,03,3,3,FALSE,FALSE,FALSE,FALSE,FALSE,VALID,
2024,limesurvey_2024_deidentified.csv,8,24,HE20ÜB06,HE20ÜB06,INCLUDED,LB_HB,MSBS,A,LB,baseline,09,1 - stimme überhaupt nicht zu,1,FALSE,FALSE,FALSE,FALSE,FALSE,VALID,
2024,limesurvey_2024_deidentified.csv,8,24,HE20ÜB06,HE20ÜB06,INCLUDED,LB_HB,MSBS,A,LB,baseline,10,1 - stimme überhaupt nicht zu,1,FALSE,FALSE,FALSE,FALSE,FALSE,VALID,
2024,limesurvey_2024_deidentified.csv,8,24,HE20ÜB06,HE20ÜB06,INCLUDED,LB_HB,MSBS,A,LB,baseline,22,3,3,FALSE,FALSE,FALSE,FALSE,FALSE,VALID,
2024,limesurvey_2024_deidentified.csv,8,24,HE20ÜB06,HE20ÜB06,INCLUDED,LB_HB,MSBS,A,LB,baseline,23,2,2,FALSE,FALSE,FALSE,FALSE,FALSE,VALID,
2024,limesurvey_2024_deidentified.csv,8,24,HE20ÜB06,HE20ÜB06,INCLUDED,LB_HB,MSBS,A,LB,baseline,24,2,2,FALSE,FALSE,FALSE,FALSE,FALSE,VALID,
2024,limesurvey_2024_deidentified.csv,8,24,HE20ÜB06,HE20ÜB06,INCLUDED,LB_HB,MSBS,A,LB,baseline,28,1 - stimme überhaupt nicht zu,1,FALSE,FALSE,FALSE,FALSE,FALSE,VALID,
2024,limesurvey_2024_deidentified.csv,8,24,HE20ÜB06,HE20ÜB06,INCLUDED,LB_HB,MSBS,A,LB,post,01,3,3,FALSE,FALSE,FALSE,FALSE,FALSE,VALID,
2024,limesurvey_2024_deidentified.csv,8,24,HE20ÜB06,HE20ÜB06,INCLUDED,LB_HB,MSBS,A,LB,post,03,4,4,FALSE,FALSE,FALSE,FALSE,FALSE,VALID,
2024,limesurvey_2024_deidentified.csv,8,24,HE20ÜB06,HE20ÜB06,INCLUDED,LB_HB,MSBS,A,LB,post,09,2,2,FALSE,FALSE,FALSE,FALSE,FALSE,VALID,
2024,limesurvey_2024_deidentified.csv,8,24,HE20ÜB06,HE20ÜB06,INCLUDED,LB_HB,MSBS,A,LB,post,10,4,4,FALSE,FALSE,FALSE,FALSE,FALSE,VALID,
2024,limesurvey_2024_deidentified.csv,8,24,HE20ÜB06,HE20ÜB06,INCLUDED,LB_HB,MSBS,A,LB,post,22,2,2,FALSE,FALSE,FALSE,FALSE,FALSE,VALID,
2024,limesurvey_2024_deidentified.csv,8,24,HE20ÜB06,HE20ÜB06,INCLUDED,LB_HB,MSBS,A,LB,post,23,5,5,FALSE,FALSE,FALSE,FALSE,FALSE,VALID,
2024,limesurvey_2024_deidentified.csv,8,24,HE20ÜB06,HE20ÜB06,INCLUDED,LB_HB,MSBS,A,LB,post,24,2,2,FALSE,FALSE,FALSE,FALSE,FALSE,VALID,
2024,limesurvey_2024_deidentified.csv,8,24,HE20ÜB06,HE20ÜB06,INCLUDED,LB_HB,MSBS,A,LB,post,28,2,2,FALSE,FALSE,FALSE,FALSE,FALSE,VALID,
2024,limesurvey_2024_deidentified.csv,8,24,HE20ÜB06,HE20ÜB06,INCLUDED,LB_HB,SBPS,,,trait,01,2,2,FALSE,FALSE,FALSE,FALSE,FALSE,VALID,
2024,limesurvey_2024_deidentified.csv,8,24,HE20ÜB06,HE20ÜB06,INCLUDED,LB_HB,SBPS,,,trait,02,1 - stimme überhaupt nicht zu,1,FALSE,FALSE,FALSE,FALSE,FALSE,VALID,
2024,limesurvey_2024_deidentified.csv,8,24,HE20ÜB06,HE20ÜB06,INCLUDED,LB_HB,SBPS,,,trait,03,3,3,FALSE,FALSE,FALSE,FALSE,FALSE,VALID,
2024,limesurvey_2024_deidentified.csv,8,24,HE20ÜB06,HE20ÜB06,INCLUDED,LB_HB,SBPS,,,trait,04,4,4,FALSE,FALSE,FALSE,FALSE,FALSE,VALID,
2024,limesurvey_2024_deidentified.csv,8,24,HE20ÜB06,HE20ÜB06,INCLUDED,LB_HB,SBPS,,,trait,05,2,2,FALSE,FALSE,FALSE,FALSE,FALSE,VALID,
2024,limesurvey_2024_deidentified.csv,8,24,HE20ÜB06,HE20ÜB06,INCLUDED,LB_HB,SBPS,,,trait,06,2,2,FALSE,FALSE,FALSE,FALSE,FALSE,VALID,
2024,limesurvey_2024_deidentified.csv,8,24,HE20ÜB06,HE20ÜB06,INCLUDED,LB_HB,SBPS,,,trait,07,1 - stimme überhaupt nicht zu,1,FALSE,FALSE,FALSE,FALSE,FALSE,VALID,
2024,limesurvey_2024_deidentified.csv,8,24,HE20ÜB06,HE20ÜB06,INCLUDED,LB_HB,SBPS,,,trait,08,1 - stimme überhaupt nicht zu,1,FALSE,FALSE,FALSE,FALSE,FALSE,VALID,
2024,limesurvey_2024_deidentified.csv,19,33,IN06UE25,IN06UE25,INCLUDED,HB_LB,MSBS,A,HB,baseline,01,2,2,FALSE,FALSE,FALSE,FALSE,FALSE,VALID,
2024,limesurvey_2024_deidentified.csv,19,33,IN06UE25,IN06UE25,INCLUDED,HB_LB,MSBS,A,HB,baseline,03,3,3,FALSE,FALSE,FALSE,FALSE,FALSE,VALID,
2024,limesurvey_2024_deidentified.csv,19,33,IN06UE25,IN06UE25,INCLUDED,HB_LB,MSBS,A,HB,baseline,09,3,3,FALSE,FALSE,FALSE,FALSE,FALSE,VALID,
2024,limesurvey_2024_deidentified.csv,19,33,IN06UE25,IN06UE25,INCLUDED,HB_LB,MSBS,A,HB,baseline,10,3,3,FALSE,FALSE,FALSE,FALSE,FALSE,VALID,
2024,limesurvey_2024_deidentified.csv,19,33,IN06UE25,IN06UE25,INCLUDED,HB_LB,MSBS,A,HB,baseline,22,3,3,FALSE,FALSE,FALSE,FALSE,FALSE,VALID,
2024,limesurvey_2024_deidentified.csv,19,33,IN06UE25,IN06UE25,INCLUDED,HB_LB,MSBS,A,HB,baseline,23,3,3,FALSE,FALSE,FALSE,FALSE,FALSE,VALID,
2024,limesurvey_2024_deidentified.csv,19,33,IN06UE25,IN06UE25,INCLUDED,HB_LB,MSBS,A,HB,baseline,24,2,2,FALSE,FALSE,FALSE,FALSE,FALSE,VALID,
2024,limesurvey_2024_deidentified.csv,19,33,IN06UE25,IN06UE25,INCLUDED,HB_LB,MSBS,A,HB,baseline,28,2,2,FALSE,FALSE,FALSE,FALSE,FALSE,VALID,
2024,limesurvey_2024_deidentified.csv,19,33,IN06UE25,IN06UE25,INCLUDED,HB_LB,MSBS,A,HB,post,01,4,4,FALSE,FALSE,FALSE,FALSE,FALSE,VALID,
2024,limesurvey_2024_deidentified.csv,19,33,IN06UE25,IN06UE25,INCLUDED,HB_LB,MSBS,A,HB,post,03,3,3,FALSE,FALSE,FALSE,FALSE,FALSE,VALID,
2024,limesurvey_2024_deidentified.csv,19,33,IN06UE25,IN06UE25,INCLUDED,HB_LB,MSBS,A,HB,post,09,4,4,FALSE,FALSE,FALSE,FALSE,FALSE,VALID,
2024,limesurvey_2024_deidentified.csv,19,33,IN06UE25,IN06UE25,INCLUDED,HB_LB,MSBS,A,HB,post,10,4,4,FALSE,FALSE,FALSE,FALSE,FALSE,VALID,
2024,limesurvey_2024_deidentified.csv,19,33,IN06UE25,IN06UE25,INCLUDED,HB_LB,MSBS,A,HB,post,22,3,3,FALSE,FALSE,FALSE,FALSE,FALSE,VALID,
2024,limesurvey_2024_deidentified.csv,19,33,IN06UE25,IN06UE25,INCLUDED,HB_LB,MSBS,A,HB,post,23,2,2,FALSE,FALSE,FALSE,FALSE,FALSE,VALID,
2024,limesurvey_2024_deidentified.csv,19,33,IN06UE25,IN06UE25,INCLUDED,HB_LB,MSBS,A,HB,post,24,2,2,FALSE,FALSE,FALSE,FALSE,FALSE,VALID,
2024,limesurvey_2024_deidentified.csv,19,33,IN06UE25,IN06UE25,INCLUDED,HB_LB,MSBS,A,HB,post,28,2,2,FALSE,FALSE,FALSE,FALSE,FALSE,VALID,
2024,limesurvey_2024_deidentified.csv,19,33,IN06UE25,IN06UE25,INCLUDED,HB_LB,MSBS,B,LB,baseline,01,3,3,FALSE,FALSE,FALSE,FALSE,FALSE,VALID,
2024,limesurvey_2024_deidentified.csv,19,33,IN06UE25,IN06UE25,INCLUDED,HB_LB,MSBS,B,LB,baseline,03,2,2,FALSE,FALSE,FALSE,FALSE,FALSE,VALID,
2024,limesurvey_2024_deidentified.csv,19,33,IN06UE25,IN06UE25,INCLUDED,HB_LB,MSBS,B,LB,baseline,09,3,3,FALSE,FALSE,FALSE,FALSE,FALSE,VALID,
2024,limesurvey_2024_deidentified.csv,19,33,IN06UE25,IN06UE25,INCLUDED,HB_LB,MSBS,B,LB,baseline,10,3,3,FALSE,FALSE,FALSE,FALSE,FALSE,VALID,
2024,limesurvey_2024_deidentified.csv,19,33,IN06UE25,IN06UE25,INCLUDED,HB_LB,MSBS,B,LB,baseline,22,3,3,FALSE,FALSE,FALSE,FALSE,FALSE,VALID,
2024,limesurvey_2024_deidentified.csv,19,33,IN06UE25,IN06UE25,INCLUDED,HB_LB,MSBS,B,LB,baseline,23,2,2,FALSE,FALSE,FALSE,FALSE,FALSE,VALID,
2024,limesurvey_2024_deidentified.csv,19,33,IN06UE25,IN06UE25,INCLUDED,HB_LB,MSBS,B,LB,baseline,24,2,2,FALSE,FALSE,FALSE,FALSE,FALSE,VALID,
2024,limesurvey_2024_deidentified.csv,19,33,IN06UE25,IN06UE25,INCLUDED,HB_LB,MSBS,B,LB,baseline,28,2,2,FALSE,FALSE,FALSE,FALSE,FALSE,VALID,
2024,limesurvey_2024_deidentified.csv,19,33,IN06UE25,IN06UE25,INCLUDED,HB_LB,MSBS,B,LB,post,01,3,3,FALSE,FALSE,FALSE,FALSE,FALSE,VALID,
2024,limesurvey_2024_deidentified.csv,19,33,IN06UE25,IN06UE25,INCLUDED,HB_LB,MSBS,B,LB,post,03,2,2,FALSE,FALSE,FALSE,FALSE,FALSE,VALID,
2024,limesurvey_2024_deidentified.csv,19,33,IN06UE25,IN06UE25,INCLUDED,HB_LB,MSBS,B,LB,post,09,2,2,FALSE,FALSE,FALSE,FALSE,FALSE,VALID,
2024,limesurvey_2024_deidentified.csv,19,33,IN06UE25,IN06UE25,INCLUDED,HB_LB,MSBS,B,LB,post,10,2,2,FALSE,FALSE,FALSE,FALSE,FALSE,VALID,
2024,limesurvey_2024_deidentified.csv,19,33,IN06UE25,IN06UE25,INCLUDED,HB_LB,MSBS,B,LB,post,22,2,2,FALSE,FALSE,FALSE,FALSE,FALSE,VALID,
2024,limesurvey_2024_deidentified.csv,19,33,IN06UE25,IN06UE25,INCLUDED,HB_LB,MSBS,B,LB,post,23,2,2,FALSE,FALSE,FALSE,FALSE,FALSE,VALID,
2024,limesurvey_2024_deidentified.csv,19,33,IN06UE25,IN06UE25,INCLUDED,HB_LB,MSBS,B,LB,post,24,2,2,FALSE,FALSE,FALSE,FALSE,FALSE,VALID,
2024,limesurvey_2024_deidentified.csv,19,33,IN06UE25,IN06UE25,INCLUDED,HB_LB,MSBS,B,LB,post,28,2,2,FALSE,FALSE,FALSE,FALSE,FALSE,VALID,
2024,limesurvey_2024_deidentified.csv,19,33,IN06UE25,IN06UE25,INCLUDED,HB_LB,SBPS,,,trait,01,2,2,FALSE,FALSE,FALSE,FALSE,FALSE,VALID,
2024,limesurvey_2024_deidentified.csv,19,33,IN06UE25,IN06UE25,INCLUDED,HB_LB,SBPS,,,trait,02,2,2,FALSE,FALSE,FALSE,FALSE,FALSE,VALID,
2024,limesurvey_2024_deidentified.csv,19,33,IN06UE25,IN06UE25,INCLUDED,HB_LB,SBPS,,,trait,03,1 - stimme überhaupt nicht zu,1,FALSE,FALSE,FALSE,FALSE,FALSE,VALID,
2024,limesurvey_2024_deidentified.csv,19,33,IN06UE25,IN06UE25,INCLUDED,HB_LB,SBPS,,,trait,04,2,2,FALSE,FALSE,FALSE,FALSE,FALSE,VALID,
2024,limesurvey_2024_deidentified.csv,19,33,IN06UE25,IN06UE25,INCLUDED,HB_LB,SBPS,,,trait,05,1 - stimme überhaupt nicht zu,1,FALSE,FALSE,FALSE,FALSE,FALSE,VALID,
2024,limesurvey_2024_deidentified.csv,19,33,IN06UE25,IN06UE25,INCLUDED,HB_LB,SBPS,,,trait,06,2,2,FALSE,FALSE,FALSE,FALSE,FALSE,VALID,
2024,limesurvey_2024_deidentified.csv,19,33,IN06UE25,IN06UE25,INCLUDED,HB_LB,SBPS,,,trait,07,2,2,FALSE,FALSE,FALSE,FALSE,FALSE,VALID,
2024,limesurvey_2024_deidentified.csv,19,33,IN06UE25,IN06UE25,INCLUDED,HB_LB,SBPS,,,trait,08,1 - stimme überhaupt nicht zu,1,FALSE,FALSE,FALSE,FALSE,FALSE,VALID,
2024,limesurvey_2024_deidentified.csv,4,20,JE06AD10,JE06AD10,INCLUDED,LB_HB,MSBS,B,HB,baseline,01,2,2,FALSE,FALSE,FALSE,FALSE,FALSE,VALID,
2024,limesurvey_2024_deidentified.csv,4,20,JE06AD10,JE06AD10,INCLUDED,LB_HB,MSBS,B,HB,baseline,03,2,2,FALSE,FALSE,FALSE,FALSE,FALSE,VALID,
2024,limesurvey_2024_deidentified.csv,4,20,JE06AD10,JE06AD10,INCLUDED,LB_HB,MSBS,B,HB,baseline,09,2,2,FALSE,FALSE,FALSE,FALSE,FALSE,VALID,
2024,limesurvey_2024_deidentified.csv,4,20,JE06AD10,JE06AD10,INCLUDED,LB_HB,MSBS,B,HB,baseline,10,2,2,FALSE,FALSE,FALSE,FALSE,FALSE,VALID,
2024,limesurvey_2024_deidentified.csv,4,20,JE06AD10,JE06AD10,INCLUDED,LB_HB,MSBS,B,HB,baseline,22,2,2,FALSE,FALSE,FALSE,FALSE,FALSE,VALID,
2024,limesurvey_2024_deidentified.csv,4,20,JE06AD10,JE06AD10,INCLUDED,LB_HB,MSBS,B,HB,baseline,23,2,2,FALSE,FALSE,FALSE,FALSE,FALSE,VALID,
2024,limesurvey_2024_deidentified.csv,4,20,JE06AD10,JE06AD10,INCLUDED,LB_HB,MSBS,B,HB,baseline,24,2,2,FALSE,FALSE,FALSE,FALSE,FALSE,VALID,
2024,limesurvey_2024_deidentified.csv,4,20,JE06AD10,JE06AD10,INCLUDED,LB_HB,MSBS,B,HB,baseline,28,2,2,FALSE,FALSE,FALSE,FALSE,FALSE,VALID,
2024,limesurvey_2024_deidentified.csv,4,20,JE06AD10,JE06AD10,INCLUDED,LB_HB,MSBS,B,HB,post,01,4,4,FALSE,FALSE,FALSE,FALSE,FALSE,VALID,
2024,limesurvey_2024_deidentified.csv,4,20,JE06AD10,JE06AD10,INCLUDED,LB_HB,MSBS,B,HB,post,03,4,4,FALSE,FALSE,FALSE,FALSE,FALSE,VALID,
2024,limesurvey_2024_deidentified.csv,4,20,JE06AD10,JE06AD10,INCLUDED,LB_HB,MSBS,B,HB,post,09,3,3,FALSE,FALSE,FALSE,FALSE,FALSE,VALID,
2024,limesurvey_2024_deidentified.csv,4,20,JE06AD10,JE06AD10,INCLUDED,LB_HB,MSBS,B,HB,post,10,4,4,FALSE,FALSE,FALSE,FALSE,FALSE,VALID,
2024,limesurvey_2024_deidentified.csv,4,20,JE06AD10,JE06AD10,INCLUDED,LB_HB,MSBS,B,HB,post,22,3,3,FALSE,FALSE,FALSE,FALSE,FALSE,VALID,
2024,limesurvey_2024_deidentified.csv,4,20,JE06AD10,JE06AD10,INCLUDED,LB_HB,MSBS,B,HB,post,23,4,4,FALSE,FALSE,FALSE,FALSE,FALSE,VALID,
2024,limesurvey_2024_deidentified.csv,4,20,JE06AD10,JE06AD10,INCLUDED,LB_HB,MSBS,B,HB,post,24,2,2,FALSE,FALSE,FALSE,FALSE,FALSE,VALID,
2024,limesurvey_2024_deidentified.csv,4,20,JE06AD10,JE06AD10,INCLUDED,LB_HB,MSBS,B,HB,post,28,2,2,FALSE,FALSE,FALSE,FALSE,FALSE,VALID,
2024,limesurvey_2024_deidentified.csv,4,20,JE06AD10,JE06AD10,INCLUDED,LB_HB,MSBS,A,LB,baseline,01,1 - stimme überhaupt nicht zu,1,FALSE,FALSE,FALSE,FALSE,FALSE,VALID,
2024,limesurvey_2024_deidentified.csv,4,20,JE06AD10,JE06AD10,INCLUDED,LB_HB,MSBS,A,LB,baseline,03,4,4,FALSE,FALSE,FALSE,FALSE,FALSE,VALID,
2024,limesurvey_2024_deidentified.csv,4,20,JE06AD10,JE06AD10,INCLUDED,LB_HB,MSBS,A,LB,baseline,09,2,2,FALSE,FALSE,FALSE,FALSE,FALSE,VALID,
2024,limesurvey_2024_deidentified.csv,4,20,JE06AD10,JE06AD10,INCLUDED,LB_HB,MSBS,A,LB,baseline,10,2,2,FALSE,FALSE,FALSE,FALSE,FALSE,VALID,
2024,limesurvey_2024_deidentified.csv,4,20,JE06AD10,JE06AD10,INCLUDED,LB_HB,MSBS,A,LB,baseline,22,2,2,FALSE,FALSE,FALSE,FALSE,FALSE,VALID,
2024,limesurvey_2024_deidentified.csv,4,20,JE06AD10,JE06AD10,INCLUDED,LB_HB,MSBS,A,LB,baseline,23,3,3,FALSE,FALSE,FALSE,FALSE,FALSE,VALID,
2024,limesurvey_2024_deidentified.csv,4,20,JE06AD10,JE06AD10,INCLUDED,LB_HB,MSBS,A,LB,baseline,24,2,2,FALSE,FALSE,FALSE,FALSE,FALSE,VALID,
2024,limesurvey_2024_deidentified.csv,4,20,JE06AD10,JE06AD10,INCLUDED,LB_HB,MSBS,A,LB,baseline,28,2,2,FALSE,FALSE,FALSE,FALSE,FALSE,VALID,
2024,limesurvey_2024_deidentified.csv,4,20,JE06AD10,JE06AD10,INCLUDED,LB_HB,MSBS,A,LB,post,01,2,2,FALSE,FALSE,FALSE,FALSE,FALSE,VALID,
2024,limesurvey_2024_deidentified.csv,4,20,JE06AD10,JE06AD10,INCLUDED,LB_HB,MSBS,A,LB,post,03,3,3,FALSE,FALSE,FALSE,FALSE,FALSE,VALID,
2024,limesurvey_2024_deidentified.csv,4,20,JE06AD10,JE06AD10,INCLUDED,LB_HB,MSBS,A,LB,post,09,2,2,FALSE,FALSE,FALSE,FALSE,FALSE,VALID,
2024,limesurvey_2024_deidentified.csv,4,20,JE06AD10,JE06AD10,INCLUDED,LB_HB,MSBS,A,LB,post,10,2,2,FALSE,FALSE,FALSE,FALSE,FALSE,VALID,
2024,limesurvey_2024_deidentified.csv,4,20,JE06AD10,JE06AD10,INCLUDED,LB_HB,MSBS,A,LB,post,22,2,2,FALSE,FALSE,FALSE,FALSE,FALSE,VALID,
2024,limesurvey_2024_deidentified.csv,4,20,JE06AD10,JE06AD10,INCLUDED,LB_HB,MSBS,A,LB,post,23,3,3,FALSE,FALSE,FALSE,FALSE,FALSE,VALID,
2024,limesurvey_2024_deidentified.csv,4,20,JE06AD10,JE06AD10,INCLUDED,LB_HB,MSBS,A,LB,post,24,2,2,FALSE,FALSE,FALSE,FALSE,FALSE,VALID,
2024,limesurvey_2024_deidentified.csv,4,20,JE06AD10,JE06AD10,INCLUDED,LB_HB,MSBS,A,LB,post,28,2,2,FALSE,FALSE,FALSE,FALSE,FALSE,VALID,
2024,limesurvey_2024_deidentified.csv,4,20,JE06AD10,JE06AD10,INCLUDED,LB_HB,SBPS,,,trait,01,4,4,FALSE,FALSE,FALSE,FALSE,FALSE,VALID,
2024,limesurvey_2024_deidentified.csv,4,20,JE06AD10,JE06AD10,INCLUDED,LB_HB,SBPS,,,trait,02,2,2,FALSE,FALSE,FALSE,FALSE,FALSE,VALID,
2024,limesurvey_2024_deidentified.csv,4,20,JE06AD10,JE06AD10,INCLUDED,LB_HB,SBPS,,,trait,03,1 - stimme überhaupt nicht zu,1,FALSE,FALSE,FALSE,FALSE,FALSE,VALID,
2024,limesurvey_2024_deidentified.csv,4,20,JE06AD10,JE06AD10,INCLUDED,LB_HB,SBPS,,,trait,04,2,2,FALSE,FALSE,FALSE,FALSE,FALSE,VALID,
2024,limesurvey_2024_deidentified.csv,4,20,JE06AD10,JE06AD10,INCLUDED,LB_HB,SBPS,,,trait,05,2,2,FALSE,FALSE,FALSE,FALSE,FALSE,VALID,
2024,limesurvey_2024_deidentified.csv,4,20,JE06AD10,JE06AD10,INCLUDED,LB_HB,SBPS,,,trait,06,2,2,FALSE,FALSE,FALSE,FALSE,FALSE,VALID,
2024,limesurvey_2024_deidentified.csv,4,20,JE06AD10,JE06AD10,INCLUDED,LB_HB,SBPS,,,trait,07,2,2,FALSE,FALSE,FALSE,FALSE,FALSE,VALID,
2024,limesurvey_2024_deidentified.csv,4,20,JE06AD10,JE06AD10,INCLUDED,LB_HB,SBPS,,,trait,08,1 - stimme überhaupt nicht zu,1,FALSE,FALSE,FALSE,FALSE,FALSE,VALID,
2024,limesurvey_2024_deidentified.csv,7,23,JO26EI26,JO26EI26,INCLUDED,HB_LB,MSBS,A,HB,baseline,01,2,2,FALSE,FALSE,FALSE,FALSE,FALSE,VALID,
2024,limesurvey_2024_deidentified.csv,7,23,JO26EI26,JO26EI26,INCLUDED,HB_LB,MSBS,A,HB,baseline,03,2,2,FALSE,FALSE,FALSE,FALSE,FALSE,VALID,
2024,limesurvey_2024_deidentified.csv,7,23,JO26EI26,JO26EI26,INCLUDED,HB_LB,MSBS,A,HB,baseline,09,3,3,FALSE,FALSE,FALSE,FALSE,FALSE,VALID,
2024,limesurvey_2024_deidentified.csv,7,23,JO26EI26,JO26EI26,INCLUDED,HB_LB,MSBS,A,HB,baseline,10,3,3,FALSE,FALSE,FALSE,FALSE,FALSE,VALID,
2024,limesurvey_2024_deidentified.csv,7,23,JO26EI26,JO26EI26,INCLUDED,HB_LB,MSBS,A,HB,baseline,22,3,3,FALSE,FALSE,FALSE,FALSE,FALSE,VALID,
2024,limesurvey_2024_deidentified.csv,7,23,JO26EI26,JO26EI26,INCLUDED,HB_LB,MSBS,A,HB,baseline,23,2,2,FALSE,FALSE,FALSE,FALSE,FALSE,VALID,
2024,limesurvey_2024_deidentified.csv,7,23,JO26EI26,JO26EI26,INCLUDED,HB_LB,MSBS,A,HB,baseline,24,2,2,FALSE,FALSE,FALSE,FALSE,FALSE,VALID,
2024,limesurvey_2024_deidentified.csv,7,23,JO26EI26,JO26EI26,INCLUDED,HB_LB,MSBS,A,HB,baseline,28,2,2,FALSE,FALSE,FALSE,FALSE,FALSE,VALID,
2024,limesurvey_2024_deidentified.csv,7,23,JO26EI26,JO26EI26,INCLUDED,HB_LB,MSBS,A,HB,post,01,3,3,FALSE,FALSE,FALSE,FALSE,FALSE,VALID,
2024,limesurvey_2024_deidentified.csv,7,23,JO26EI26,JO26EI26,INCLUDED,HB_LB,MSBS,A,HB,post,03,3,3,FALSE,FALSE,FALSE,FALSE,FALSE,VALID,
2024,limesurvey_2024_deidentified.csv,7,23,JO26EI26,JO26EI26,INCLUDED,HB_LB,MSBS,A,HB,post,09,3,3,FALSE,FALSE,FALSE,FALSE,FALSE,VALID,
2024,limesurvey_2024_deidentified.csv,7,23,JO26EI26,JO26EI26,INCLUDED,HB_LB,MSBS,A,HB,post,10,5,5,FALSE,FALSE,FALSE,FALSE,FALSE,VALID,
2024,limesurvey_2024_deidentified.csv,7,23,JO26EI26,JO26EI26,INCLUDED,HB_LB,MSBS,A,HB,post,22,5,5,FALSE,FALSE,FALSE,FALSE,FALSE,VALID,
2024,limesurvey_2024_deidentified.csv,7,23,JO26EI26,JO26EI26,INCLUDED,HB_LB,MSBS,A,HB,post,23,4,4,FALSE,FALSE,FALSE,FALSE,FALSE,VALID,
2024,limesurvey_2024_deidentified.csv,7,23,JO26EI26,JO26EI26,INCLUDED,HB_LB,MSBS,A,HB,post,24,4,4,FALSE,FALSE,FALSE,FALSE,FALSE,VALID,
2024,limesurvey_2024_deidentified.csv,7,23,JO26EI26,JO26EI26,INCLUDED,HB_LB,MSBS,A,HB,post,28,4,4,FALSE,FALSE,FALSE,FALSE,FALSE,VALID,
2024,limesurvey_2024_deidentified.csv,7,23,JO26EI26,JO26EI26,INCLUDED,HB_LB,MSBS,B,LB,baseline,01,2,2,FALSE,FALSE,FALSE,FALSE,FALSE,VALID,
2024,limesurvey_2024_deidentified.csv,7,23,JO26EI26,JO26EI26,INCLUDED,HB_LB,MSBS,B,LB,baseline,03,2,2,FALSE,FALSE,FALSE,FALSE,FALSE,VALID,
2024,limesurvey_2024_deidentified.csv,7,23,JO26EI26,JO26EI26,INCLUDED,HB_LB,MSBS,B,LB,baseline,09,2,2,FALSE,FALSE,FALSE,FALSE,FALSE,VALID,
2024,limesurvey_2024_deidentified.csv,7,23,JO26EI26,JO26EI26,INCLUDED,HB_LB,MSBS,B,LB,baseline,10,3,3,FALSE,FALSE,FALSE,FALSE,FALSE,VALID,
2024,limesurvey_2024_deidentified.csv,7,23,JO26EI26,JO26EI26,INCLUDED,HB_LB,MSBS,B,LB,baseline,22,5,5,FALSE,FALSE,FALSE,FALSE,FALSE,VALID,
2024,limesurvey_2024_deidentified.csv,7,23,JO26EI26,JO26EI26,INCLUDED,HB_LB,MSBS,B,LB,baseline,23,3,3,FALSE,FALSE,FALSE,FALSE,FALSE,VALID,
2024,limesurvey_2024_deidentified.csv,7,23,JO26EI26,JO26EI26,INCLUDED,HB_LB,MSBS,B,LB,baseline,24,3,3,FALSE,FALSE,FALSE,FALSE,FALSE,VALID,
2024,limesurvey_2024_deidentified.csv,7,23,JO26EI26,JO26EI26,INCLUDED,HB_LB,MSBS,B,LB,baseline,28,3,3,FALSE,FALSE,FALSE,FALSE,FALSE,VALID,
2024,limesurvey_2024_deidentified.csv,7,23,JO26EI26,JO26EI26,INCLUDED,HB_LB,MSBS,B,LB,post,01,2,2,FALSE,FALSE,FALSE,FALSE,FALSE,VALID,
2024,limesurvey_2024_deidentified.csv,7,23,JO26EI26,JO26EI26,INCLUDED,HB_LB,MSBS,B,LB,post,03,3,3,FALSE,FALSE,FALSE,FALSE,FALSE,VALID,
2024,limesurvey_2024_deidentified.csv,7,23,JO26EI26,JO26EI26,INCLUDED,HB_LB,MSBS,B,LB,post,09,2,2,FALSE,FALSE,FALSE,FALSE,FALSE,VALID,
2024,limesurvey_2024_deidentified.csv,7,23,JO26EI26,JO26EI26,INCLUDED,HB_LB,MSBS,B,LB,post,10,2,2,FALSE,FALSE,FALSE,FALSE,FALSE,VALID,
2024,limesurvey_2024_deidentified.csv,7,23,JO26EI26,JO26EI26,INCLUDED,HB_LB,MSBS,B,LB,post,22,5,5,FALSE,FALSE,FALSE,FALSE,FALSE,VALID,
2024,limesurvey_2024_deidentified.csv,7,23,JO26EI26,JO26EI26,INCLUDED,HB_LB,MSBS,B,LB,post,23,4,4,FALSE,FALSE,FALSE,FALSE,FALSE,VALID,
2024,limesurvey_2024_deidentified.csv,7,23,JO26EI26,JO26EI26,INCLUDED,HB_LB,MSBS,B,LB,post,24,3,3,FALSE,FALSE,FALSE,FALSE,FALSE,VALID,
2024,limesurvey_2024_deidentified.csv,7,23,JO26EI26,JO26EI26,INCLUDED,HB_LB,MSBS,B,LB,post,28,3,3,FALSE,FALSE,FALSE,FALSE,FALSE,VALID,
2024,limesurvey_2024_deidentified.csv,7,23,JO26EI26,JO26EI26,INCLUDED,HB_LB,SBPS,,,trait,01,3,3,FALSE,FALSE,FALSE,FALSE,FALSE,VALID,
2024,limesurvey_2024_deidentified.csv,7,23,JO26EI26,JO26EI26,INCLUDED,HB_LB,SBPS,,,trait,02,2,2,FALSE,FALSE,FALSE,FALSE,FALSE,VALID,
2024,limesurvey_2024_deidentified.csv,7,23,JO26EI26,JO26EI26,INCLUDED,HB_LB,SBPS,,,trait,03,2,2,FALSE,FALSE,FALSE,FALSE,FALSE,VALID,
2024,limesurvey_2024_deidentified.csv,7,23,JO26EI26,JO26EI26,INCLUDED,HB_LB,SBPS,,,trait,04,2,2,FALSE,FALSE,FALSE,FALSE,FALSE,VALID,
2024,limesurvey_2024_deidentified.csv,7,23,JO26EI26,JO26EI26,INCLUDED,HB_LB,SBPS,,,trait,05,2,2,FALSE,FALSE,FALSE,FALSE,FALSE,VALID,
2024,limesurvey_2024_deidentified.csv,7,23,JO26EI26,JO26EI26,INCLUDED,HB_LB,SBPS,,,trait,06,2,2,FALSE,FALSE,FALSE,FALSE,FALSE,VALID,
2024,limesurvey_2024_deidentified.csv,7,23,JO26EI26,JO26EI26,INCLUDED,HB_LB,SBPS,,,trait,07,2,2,FALSE,FALSE,FALSE,FALSE,FALSE,VALID,
2024,limesurvey_2024_deidentified.csv,7,23,JO26EI26,JO26EI26,INCLUDED,HB_LB,SBPS,,,trait,08,2,2,FALSE,FALSE,FALSE,FALSE,FALSE,VALID,
2024,limesurvey_2024_deidentified.csv,34,46,JU20ÜC09,JU20ÜC09,INCLUDED,LB_HB,MSBS,B,HB,baseline,01,4,4,FALSE,FALSE,FALSE,FALSE,FALSE,VALID,
2024,limesurvey_2024_deidentified.csv,34,46,JU20ÜC09,JU20ÜC09,INCLUDED,LB_HB,MSBS,B,HB,baseline,03,5,5,FALSE,FALSE,FALSE,FALSE,FALSE,VALID,
2024,limesurvey_2024_deidentified.csv,34,46,JU20ÜC09,JU20ÜC09,INCLUDED,LB_HB,MSBS,B,HB,baseline,09,4,4,FALSE,FALSE,FALSE,FALSE,FALSE,VALID,
2024,limesurvey_2024_deidentified.csv,34,46,JU20ÜC09,JU20ÜC09,INCLUDED,LB_HB,MSBS,B,HB,baseline,10,5,5,FALSE,FALSE,FALSE,FALSE,FALSE,VALID,
2024,limesurvey_2024_deidentified.csv,34,46,JU20ÜC09,JU20ÜC09,INCLUDED,LB_HB,MSBS,B,HB,baseline,22,5,5,FALSE,FALSE,FALSE,FALSE,FALSE,VALID,
2024,limesurvey_2024_deidentified.csv,34,46,JU20ÜC09,JU20ÜC09,INCLUDED,LB_HB,MSBS,B,HB,baseline,23,6,6,FALSE,FALSE,FALSE,FALSE,FALSE,VALID,
2024,limesurvey_2024_deidentified.csv,34,46,JU20ÜC09,JU20ÜC09,INCLUDED,LB_HB,MSBS,B,HB,baseline,24,5,5,FALSE,FALSE,FALSE,FALSE,FALSE,VALID,
2024,limesurvey_2024_deidentified.csv,34,46,JU20ÜC09,JU20ÜC09,INCLUDED,LB_HB,MSBS,B,HB,baseline,28,5,5,FALSE,FALSE,FALSE,FALSE,FALSE,VALID,
2024,limesurvey_2024_deidentified.csv,34,46,JU20ÜC09,JU20ÜC09,INCLUDED,LB_HB,MSBS,B,HB,post,01,6,6,FALSE,FALSE,FALSE,FALSE,FALSE,VALID,
2024,limesurvey_2024_deidentified.csv,34,46,JU20ÜC09,JU20ÜC09,INCLUDED,LB_HB,MSBS,B,HB,post,03,7 - stimme voll und ganz zu,7,FALSE,FALSE,FALSE,FALSE,FALSE,VALID,
2024,limesurvey_2024_deidentified.csv,34,46,JU20ÜC09,JU20ÜC09,INCLUDED,LB_HB,MSBS,B,HB,post,09,5,5,FALSE,FALSE,FALSE,FALSE,FALSE,VALID,
2024,limesurvey_2024_deidentified.csv,34,46,JU20ÜC09,JU20ÜC09,INCLUDED,LB_HB,MSBS,B,HB,post,10,6,6,FALSE,FALSE,FALSE,FALSE,FALSE,VALID,
2024,limesurvey_2024_deidentified.csv,34,46,JU20ÜC09,JU20ÜC09,INCLUDED,LB_HB,MSBS,B,HB,post,22,7 - stimme voll und ganz zu,7,FALSE,FALSE,FALSE,FALSE,FALSE,VALID,
2024,limesurvey_2024_deidentified.csv,34,46,JU20ÜC09,JU20ÜC09,INCLUDED,LB_HB,MSBS,B,HB,post,23,6,6,FALSE,FALSE,FALSE,FALSE,FALSE,VALID,
2024,limesurvey_2024_deidentified.csv,34,46,JU20ÜC09,JU20ÜC09,INCLUDED,LB_HB,MSBS,B,HB,post,24,4,4,FALSE,FALSE,FALSE,FALSE,FALSE,VALID,
2024,limesurvey_2024_deidentified.csv,34,46,JU20ÜC09,JU20ÜC09,INCLUDED,LB_HB,MSBS,B,HB,post,28,6,6,FALSE,FALSE,FALSE,FALSE,FALSE,VALID,
2024,limesurvey_2024_deidentified.csv,34,46,JU20ÜC09,JU20ÜC09,INCLUDED,LB_HB,MSBS,A,LB,baseline,01,3,3,FALSE,FALSE,FALSE,FALSE,FALSE,VALID,
2024,limesurvey_2024_deidentified.csv,34,46,JU20ÜC09,JU20ÜC09,INCLUDED,LB_HB,MSBS,A,LB,baseline,03,5,5,FALSE,FALSE,FALSE,FALSE,FALSE,VALID,
2024,limesurvey_2024_deidentified.csv,34,46,JU20ÜC09,JU20ÜC09,INCLUDED,LB_HB,MSBS,A,LB,baseline,09,3,3,FALSE,FALSE,FALSE,FALSE,FALSE,VALID,
2024,limesurvey_2024_deidentified.csv,34,46,JU20ÜC09,JU20ÜC09,INCLUDED,LB_HB,MSBS,A,LB,baseline,10,2,2,FALSE,FALSE,FALSE,FALSE,FALSE,VALID,
2024,limesurvey_2024_deidentified.csv,34,46,JU20ÜC09,JU20ÜC09,INCLUDED,LB_HB,MSBS,A,LB,baseline,22,4,4,FALSE,FALSE,FALSE,FALSE,FALSE,VALID,
2024,limesurvey_2024_deidentified.csv,34,46,JU20ÜC09,JU20ÜC09,INCLUDED,LB_HB,MSBS,A,LB,baseline,23,5,5,FALSE,FALSE,FALSE,FALSE,FALSE,VALID,
2024,limesurvey_2024_deidentified.csv,34,46,JU20ÜC09,JU20ÜC09,INCLUDED,LB_HB,MSBS,A,LB,baseline,24,2,2,FALSE,FALSE,FALSE,FALSE,FALSE,VALID,
2024,limesurvey_2024_deidentified.csv,34,46,JU20ÜC09,JU20ÜC09,INCLUDED,LB_HB,MSBS,A,LB,baseline,28,2,2,FALSE,FALSE,FALSE,FALSE,FALSE,VALID,
2024,limesurvey_2024_deidentified.csv,34,46,JU20ÜC09,JU20ÜC09,INCLUDED,LB_HB,MSBS,A,LB,post,01,5,5,FALSE,FALSE,FALSE,FALSE,FALSE,VALID,
2024,limesurvey_2024_deidentified.csv,34,46,JU20ÜC09,JU20ÜC09,INCLUDED,LB_HB,MSBS,A,LB,post,03,5,5,FALSE,FALSE,FALSE,FALSE,FALSE,VALID,
2024,limesurvey_2024_deidentified.csv,34,46,JU20ÜC09,JU20ÜC09,INCLUDED,LB_HB,MSBS,A,LB,post,09,4,4,FALSE,FALSE,FALSE,FALSE,FALSE,VALID,
2024,limesurvey_2024_deidentified.csv,34,46,JU20ÜC09,JU20ÜC09,INCLUDED,LB_HB,MSBS,A,LB,post,10,6,6,FALSE,FALSE,FALSE,FALSE,FALSE,VALID,
2024,limesurvey_2024_deidentified.csv,34,46,JU20ÜC09,JU20ÜC09,INCLUDED,LB_HB,MSBS,A,LB,post,22,6,6,FALSE,FALSE,FALSE,FALSE,FALSE,VALID,
2024,limesurvey_2024_deidentified.csv,34,46,JU20ÜC09,JU20ÜC09,INCLUDED,LB_HB,MSBS,A,LB,post,23,6,6,FALSE,FALSE,FALSE,FALSE,FALSE,VALID,
2024,limesurvey_2024_deidentified.csv,34,46,JU20ÜC09,JU20ÜC09,INCLUDED,LB_HB,MSBS,A,LB,post,24,5,5,FALSE,FALSE,FALSE,FALSE,FALSE,VALID,
2024,limesurvey_2024_deidentified.csv,34,46,JU20ÜC09,JU20ÜC09,INCLUDED,LB_HB,MSBS,A,LB,post,28,6,6,FALSE,FALSE,FALSE,FALSE,FALSE,VALID,
2024,limesurvey_2024_deidentified.csv,34,46,JU20ÜC09,JU20ÜC09,INCLUDED,LB_HB,SBPS,,,trait,01,2,2,FALSE,FALSE,FALSE,FALSE,FALSE,VALID,
2024,limesurvey_2024_deidentified.csv,34,46,JU20ÜC09,JU20ÜC09,INCLUDED,LB_HB,SBPS,,,trait,02,2,2,FALSE,FALSE,FALSE,FALSE,FALSE,VALID,
2024,limesurvey_2024_deidentified.csv,34,46,JU20ÜC09,JU20ÜC09,INCLUDED,LB_HB,SBPS,,,trait,03,3,3,FALSE,FALSE,FALSE,FALSE,FALSE,VALID,
2024,limesurvey_2024_deidentified.csv,34,46,JU20ÜC09,JU20ÜC09,INCLUDED,LB_HB,SBPS,,,trait,04,3,3,FALSE,FALSE,FALSE,FALSE,FALSE,VALID,
2024,limesurvey_2024_deidentified.csv,34,46,JU20ÜC09,JU20ÜC09,INCLUDED,LB_HB,SBPS,,,trait,05,3,3,FALSE,FALSE,FALSE,FALSE,FALSE,VALID,
2024,limesurvey_2024_deidentified.csv,34,46,JU20ÜC09,JU20ÜC09,INCLUDED,LB_HB,SBPS,,,trait,06,2,2,FALSE,FALSE,FALSE,FALSE,FALSE,VALID,
2024,limesurvey_2024_deidentified.csv,34,46,JU20ÜC09,JU20ÜC09,INCLUDED,LB_HB,SBPS,,,trait,07,2,2,FALSE,FALSE,FALSE,FALSE,FALSE,VALID,
2024,limesurvey_2024_deidentified.csv,34,46,JU20ÜC09,JU20ÜC09,INCLUDED,LB_HB,SBPS,,,trait,08,1 - stimme überhaupt nicht zu,1,FALSE,FALSE,FALSE,FALSE,FALSE,VALID,
2024,limesurvey_2024_deidentified.csv,22,36,KA09ÜH17,KA09ÜH17,INCLUDED,HB_LB,MSBS,A,HB,baseline,01,1 - stimme überhaupt nicht zu,1,FALSE,FALSE,FALSE,FALSE,FALSE,VALID,
2024,limesurvey_2024_deidentified.csv,22,36,KA09ÜH17,KA09ÜH17,INCLUDED,HB_LB,MSBS,A,HB,baseline,03,2,2,FALSE,FALSE,FALSE,FALSE,FALSE,VALID,
2024,limesurvey_2024_deidentified.csv,22,36,KA09ÜH17,KA09ÜH17,INCLUDED,HB_LB,MSBS,A,HB,baseline,09,1 - stimme überhaupt nicht zu,1,FALSE,FALSE,FALSE,FALSE,FALSE,VALID,
2024,limesurvey_2024_deidentified.csv,22,36,KA09ÜH17,KA09ÜH17,INCLUDED,HB_LB,MSBS,A,HB,baseline,10,1 - stimme überhaupt nicht zu,1,FALSE,FALSE,FALSE,FALSE,FALSE,VALID,
2024,limesurvey_2024_deidentified.csv,22,36,KA09ÜH17,KA09ÜH17,INCLUDED,HB_LB,MSBS,A,HB,baseline,22,1 - stimme überhaupt nicht zu,1,FALSE,FALSE,FALSE,FALSE,FALSE,VALID,
2024,limesurvey_2024_deidentified.csv,22,36,KA09ÜH17,KA09ÜH17,INCLUDED,HB_LB,MSBS,A,HB,baseline,23,1 - stimme überhaupt nicht zu,1,FALSE,FALSE,FALSE,FALSE,FALSE,VALID,
2024,limesurvey_2024_deidentified.csv,22,36,KA09ÜH17,KA09ÜH17,INCLUDED,HB_LB,MSBS,A,HB,baseline,24,1 - stimme überhaupt nicht zu,1,FALSE,FALSE,FALSE,FALSE,FALSE,VALID,
2024,limesurvey_2024_deidentified.csv,22,36,KA09ÜH17,KA09ÜH17,INCLUDED,HB_LB,MSBS,A,HB,baseline,28,1 - stimme überhaupt nicht zu,1,FALSE,FALSE,FALSE,FALSE,FALSE,VALID,
2024,limesurvey_2024_deidentified.csv,22,36,KA09ÜH17,KA09ÜH17,INCLUDED,HB_LB,MSBS,A,HB,post,01,2,2,FALSE,FALSE,FALSE,FALSE,FALSE,VALID,
2024,limesurvey_2024_deidentified.csv,22,36,KA09ÜH17,KA09ÜH17,INCLUDED,HB_LB,MSBS,A,HB,post,03,3,3,FALSE,FALSE,FALSE,FALSE,FALSE,VALID,
2024,limesurvey_2024_deidentified.csv,22,36,KA09ÜH17,KA09ÜH17,INCLUDED,HB_LB,MSBS,A,HB,post,09,1 - stimme überhaupt nicht zu,1,FALSE,FALSE,FALSE,FALSE,FALSE,VALID,
2024,limesurvey_2024_deidentified.csv,22,36,KA09ÜH17,KA09ÜH17,INCLUDED,HB_LB,MSBS,A,HB,post,10,2,2,FALSE,FALSE,FALSE,FALSE,FALSE,VALID,
2024,limesurvey_2024_deidentified.csv,22,36,KA09ÜH17,KA09ÜH17,INCLUDED,HB_LB,MSBS,A,HB,post,22,1 - stimme überhaupt nicht zu,1,FALSE,FALSE,FALSE,FALSE,FALSE,VALID,
2024,limesurvey_2024_deidentified.csv,22,36,KA09ÜH17,KA09ÜH17,INCLUDED,HB_LB,MSBS,A,HB,post,23,2,2,FALSE,FALSE,FALSE,FALSE,FALSE,VALID,
2024,limesurvey_2024_deidentified.csv,22,36,KA09ÜH17,KA09ÜH17,INCLUDED,HB_LB,MSBS,A,HB,post,24,2,2,FALSE,FALSE,FALSE,FALSE,FALSE,VALID,
2024,limesurvey_2024_deidentified.csv,22,36,KA09ÜH17,KA09ÜH17,INCLUDED,HB_LB,MSBS,A,HB,post,28,1 - stimme überhaupt nicht zu,1,FALSE,FALSE,FALSE,FALSE,FALSE,VALID,
2024,limesurvey_2024_deidentified.csv,22,36,KA09ÜH17,KA09ÜH17,INCLUDED,HB_LB,MSBS,B,LB,baseline,01,1 - stimme überhaupt nicht zu,1,FALSE,FALSE,FALSE,FALSE,FALSE,VALID,
2024,limesurvey_2024_deidentified.csv,22,36,KA09ÜH17,KA09ÜH17,INCLUDED,HB_LB,MSBS,B,LB,baseline,03,2,2,FALSE,FALSE,FALSE,FALSE,FALSE,VALID,
2024,limesurvey_2024_deidentified.csv,22,36,KA09ÜH17,KA09ÜH17,INCLUDED,HB_LB,MSBS,B,LB,baseline,09,1 - stimme überhaupt nicht zu,1,FALSE,FALSE,FALSE,FALSE,FALSE,VALID,
2024,limesurvey_2024_deidentified.csv,22,36,KA09ÜH17,KA09ÜH17,INCLUDED,HB_LB,MSBS,B,LB,baseline,10,1 - stimme überhaupt nicht zu,1,FALSE,FALSE,FALSE,FALSE,FALSE,VALID,
2024,limesurvey_2024_deidentified.csv,22,36,KA09ÜH17,KA09ÜH17,INCLUDED,HB_LB,MSBS,B,LB,baseline,22,1 - stimme überhaupt nicht zu,1,FALSE,FALSE,FALSE,FALSE,FALSE,VALID,
2024,limesurvey_2024_deidentified.csv,22,36,KA09ÜH17,KA09ÜH17,INCLUDED,HB_LB,MSBS,B,LB,baseline,23,3,3,FALSE,FALSE,FALSE,FALSE,FALSE,VALID,
2024,limesurvey_2024_deidentified.csv,22,36,KA09ÜH17,KA09ÜH17,INCLUDED,HB_LB,MSBS,B,LB,baseline,24,1 - stimme überhaupt nicht zu,1,FALSE,FALSE,FALSE,FALSE,FALSE,VALID,
2024,limesurvey_2024_deidentified.csv,22,36,KA09ÜH17,KA09ÜH17,INCLUDED,HB_LB,MSBS,B,LB,baseline,28,1 - stimme überhaupt nicht zu,1,FALSE,FALSE,FALSE,FALSE,FALSE,VALID,
2024,limesurvey_2024_deidentified.csv,22,36,KA09ÜH17,KA09ÜH17,INCLUDED,HB_LB,MSBS,B,LB,post,01,1 - stimme überhaupt nicht zu,1,FALSE,FALSE,FALSE,FALSE,FALSE,VALID,
2024,limesurvey_2024_deidentified.csv,22,36,KA09ÜH17,KA09ÜH17,INCLUDED,HB_LB,MSBS,B,LB,post,03,2,2,FALSE,FALSE,FALSE,FALSE,FALSE,VALID,
2024,limesurvey_2024_deidentified.csv,22,36,KA09ÜH17,KA09ÜH17,INCLUDED,HB_LB,MSBS,B,LB,post,09,1 - stimme überhaupt nicht zu,1,FALSE,FALSE,FALSE,FALSE,FALSE,VALID,
2024,limesurvey_2024_deidentified.csv,22,36,KA09ÜH17,KA09ÜH17,INCLUDED,HB_LB,MSBS,B,LB,post,10,2,2,FALSE,FALSE,FALSE,FALSE,FALSE,VALID,
2024,limesurvey_2024_deidentified.csv,22,36,KA09ÜH17,KA09ÜH17,INCLUDED,HB_LB,MSBS,B,LB,post,22,1 - stimme überhaupt nicht zu,1,FALSE,FALSE,FALSE,FALSE,FALSE,VALID,
2024,limesurvey_2024_deidentified.csv,22,36,KA09ÜH17,KA09ÜH17,INCLUDED,HB_LB,MSBS,B,LB,post,23,3,3,FALSE,FALSE,FALSE,FALSE,FALSE,VALID,
2024,limesurvey_2024_deidentified.csv,22,36,KA09ÜH17,KA09ÜH17,INCLUDED,HB_LB,MSBS,B,LB,post,24,1 - stimme überhaupt nicht zu,1,FALSE,FALSE,FALSE,FALSE,FALSE,VALID,
2024,limesurvey_2024_deidentified.csv,22,36,KA09ÜH17,KA09ÜH17,INCLUDED,HB_LB,MSBS,B,LB,post,28,1 - stimme überhaupt nicht zu,1,FALSE,FALSE,FALSE,FALSE,FALSE,VALID,
2024,limesurvey_2024_deidentified.csv,22,36,KA09ÜH17,KA09ÜH17,INCLUDED,HB_LB,SBPS,,,trait,01,2,2,FALSE,FALSE,FALSE,FALSE,FALSE,VALID,
2024,limesurvey_2024_deidentified.csv,22,36,KA09ÜH17,KA09ÜH17,INCLUDED,HB_LB,SBPS,,,trait,02,2,2,FALSE,FALSE,FALSE,FALSE,FALSE,VALID,
2024,limesurvey_2024_deidentified.csv,22,36,KA09ÜH17,KA09ÜH17,INCLUDED,HB_LB,SBPS,,,trait,03,2,2,FALSE,FALSE,FALSE,FALSE,FALSE,VALID,
2024,limesurvey_2024_deidentified.csv,22,36,KA09ÜH17,KA09ÜH17,INCLUDED,HB_LB,SBPS,,,trait,04,3,3,FALSE,FALSE,FALSE,FALSE,FALSE,VALID,
2024,limesurvey_2024_deidentified.csv,22,36,KA09ÜH17,KA09ÜH17,INCLUDED,HB_LB,SBPS,,,trait,05,2,2,FALSE,FALSE,FALSE,FALSE,FALSE,VALID,
2024,limesurvey_2024_deidentified.csv,22,36,KA09ÜH17,KA09ÜH17,INCLUDED,HB_LB,SBPS,,,trait,06,1 - stimme überhaupt nicht zu,1,FALSE,FALSE,FALSE,FALSE,FALSE,VALID,
2024,limesurvey_2024_deidentified.csv,22,36,KA09ÜH17,KA09ÜH17,INCLUDED,HB_LB,SBPS,,,trait,07,1 - stimme überhaupt nicht zu,1,FALSE,FALSE,FALSE,FALSE,FALSE,VALID,
2024,limesurvey_2024_deidentified.csv,22,36,KA09ÜH17,KA09ÜH17,INCLUDED,HB_LB,SBPS,,,trait,08,1 - stimme überhaupt nicht zu,1,FALSE,FALSE,FALSE,FALSE,FALSE,VALID,
2026,limesurvey_2026_deidentified.csv,18,36,KA14RE15,KA14RE15,INCLUDED,HB_LB,MSBS,A,HB,baseline,01,2,2,FALSE,FALSE,FALSE,FALSE,FALSE,VALID,
2026,limesurvey_2026_deidentified.csv,18,36,KA14RE15,KA14RE15,INCLUDED,HB_LB,MSBS,A,HB,baseline,03,4,4,FALSE,FALSE,FALSE,FALSE,FALSE,VALID,
2026,limesurvey_2026_deidentified.csv,18,36,KA14RE15,KA14RE15,INCLUDED,HB_LB,MSBS,A,HB,baseline,09,2,2,FALSE,FALSE,FALSE,FALSE,FALSE,VALID,
2026,limesurvey_2026_deidentified.csv,18,36,KA14RE15,KA14RE15,INCLUDED,HB_LB,MSBS,A,HB,baseline,10,2,2,FALSE,FALSE,FALSE,FALSE,FALSE,VALID,
2026,limesurvey_2026_deidentified.csv,18,36,KA14RE15,KA14RE15,INCLUDED,HB_LB,MSBS,A,HB,baseline,22,3,3,FALSE,FALSE,FALSE,FALSE,FALSE,VALID,
2026,limesurvey_2026_deidentified.csv,18,36,KA14RE15,KA14RE15,INCLUDED,HB_LB,MSBS,A,HB,baseline,23,2,2,FALSE,FALSE,FALSE,FALSE,FALSE,VALID,
2026,limesurvey_2026_deidentified.csv,18,36,KA14RE15,KA14RE15,INCLUDED,HB_LB,MSBS,A,HB,baseline,24,5,5,FALSE,FALSE,FALSE,FALSE,FALSE,VALID,
2026,limesurvey_2026_deidentified.csv,18,36,KA14RE15,KA14RE15,INCLUDED,HB_LB,MSBS,A,HB,baseline,28,4,4,FALSE,FALSE,FALSE,FALSE,FALSE,VALID,
2026,limesurvey_2026_deidentified.csv,18,36,KA14RE15,KA14RE15,INCLUDED,HB_LB,MSBS,A,HB,post,01,4,4,FALSE,FALSE,FALSE,FALSE,FALSE,VALID,
2026,limesurvey_2026_deidentified.csv,18,36,KA14RE15,KA14RE15,INCLUDED,HB_LB,MSBS,A,HB,post,03,3,3,FALSE,FALSE,FALSE,FALSE,FALSE,VALID,
2026,limesurvey_2026_deidentified.csv,18,36,KA14RE15,KA14RE15,INCLUDED,HB_LB,MSBS,A,HB,post,09,5,5,FALSE,FALSE,FALSE,FALSE,FALSE,VALID,
2026,limesurvey_2026_deidentified.csv,18,36,KA14RE15,KA14RE15,INCLUDED,HB_LB,MSBS,A,HB,post,10,5,5,FALSE,FALSE,FALSE,FALSE,FALSE,VALID,
2026,limesurvey_2026_deidentified.csv,18,36,KA14RE15,KA14RE15,INCLUDED,HB_LB,MSBS,A,HB,post,22,5,5,FALSE,FALSE,FALSE,FALSE,FALSE,VALID,
2026,limesurvey_2026_deidentified.csv,18,36,KA14RE15,KA14RE15,INCLUDED,HB_LB,MSBS,A,HB,post,23,3,3,FALSE,FALSE,FALSE,FALSE,FALSE,VALID,
2026,limesurvey_2026_deidentified.csv,18,36,KA14RE15,KA14RE15,INCLUDED,HB_LB,MSBS,A,HB,post,24,4,4,FALSE,FALSE,FALSE,FALSE,FALSE,VALID,
2026,limesurvey_2026_deidentified.csv,18,36,KA14RE15,KA14RE15,INCLUDED,HB_LB,MSBS,A,HB,post,28,5,5,FALSE,FALSE,FALSE,FALSE,FALSE,VALID,
2026,limesurvey_2026_deidentified.csv,18,36,KA14RE15,KA14RE15,INCLUDED,HB_LB,MSBS,B,LB,baseline,01,3,3,FALSE,FALSE,FALSE,FALSE,FALSE,VALID,
2026,limesurvey_2026_deidentified.csv,18,36,KA14RE15,KA14RE15,INCLUDED,HB_LB,MSBS,B,LB,baseline,03,4,4,FALSE,FALSE,FALSE,FALSE,FALSE,VALID,
2026,limesurvey_2026_deidentified.csv,18,36,KA14RE15,KA14RE15,INCLUDED,HB_LB,MSBS,B,LB,baseline,09,4,4,FALSE,FALSE,FALSE,FALSE,FALSE,VALID,
2026,limesurvey_2026_deidentified.csv,18,36,KA14RE15,KA14RE15,INCLUDED,HB_LB,MSBS,B,LB,baseline,10,3,3,FALSE,FALSE,FALSE,FALSE,FALSE,VALID,
2026,limesurvey_2026_deidentified.csv,18,36,KA14RE15,KA14RE15,INCLUDED,HB_LB,MSBS,B,LB,baseline,22,4,4,FALSE,FALSE,FALSE,FALSE,FALSE,VALID,
2026,limesurvey_2026_deidentified.csv,18,36,KA14RE15,KA14RE15,INCLUDED,HB_LB,MSBS,B,LB,baseline,23,3,3,FALSE,FALSE,FALSE,FALSE,FALSE,VALID,
2026,limesurvey_2026_deidentified.csv,18,36,KA14RE15,KA14RE15,INCLUDED,HB_LB,MSBS,B,LB,baseline,24,3,3,FALSE,FALSE,FALSE,FALSE,FALSE,VALID,
2026,limesurvey_2026_deidentified.csv,18,36,KA14RE15,KA14RE15,INCLUDED,HB_LB,MSBS,B,LB,baseline,28,4,4,FALSE,FALSE,FALSE,FALSE,FALSE,VALID,
2026,limesurvey_2026_deidentified.csv,18,36,KA14RE15,KA14RE15,INCLUDED,HB_LB,MSBS,B,LB,post,01,4,4,FALSE,FALSE,FALSE,FALSE,FALSE,VALID,
2026,limesurvey_2026_deidentified.csv,18,36,KA14RE15,KA14RE15,INCLUDED,HB_LB,MSBS,B,LB,post,03,3,3,FALSE,FALSE,FALSE,FALSE,FALSE,VALID,
2026,limesurvey_2026_deidentified.csv,18,36,KA14RE15,KA14RE15,INCLUDED,HB_LB,MSBS,B,LB,post,09,4,4,FALSE,FALSE,FALSE,FALSE,FALSE,VALID,
2026,limesurvey_2026_deidentified.csv,18,36,KA14RE15,KA14RE15,INCLUDED,HB_LB,MSBS,B,LB,post,10,5,5,FALSE,FALSE,FALSE,FALSE,FALSE,VALID,
2026,limesurvey_2026_deidentified.csv,18,36,KA14RE15,KA14RE15,INCLUDED,HB_LB,MSBS,B,LB,post,22,5,5,FALSE,FALSE,FALSE,FALSE,FALSE,VALID,
2026,limesurvey_2026_deidentified.csv,18,36,KA14RE15,KA14RE15,INCLUDED,HB_LB,MSBS,B,LB,post,23,3,3,FALSE,FALSE,FALSE,FALSE,FALSE,VALID,
2026,limesurvey_2026_deidentified.csv,18,36,KA14RE15,KA14RE15,INCLUDED,HB_LB,MSBS,B,LB,post,24,2,2,FALSE,FALSE,FALSE,FALSE,FALSE,VALID,
2026,limesurvey_2026_deidentified.csv,18,36,KA14RE15,KA14RE15,INCLUDED,HB_LB,MSBS,B,LB,post,28,2,2,FALSE,FALSE,FALSE,FALSE,FALSE,VALID,
2026,limesurvey_2026_deidentified.csv,18,36,KA14RE15,KA14RE15,INCLUDED,HB_LB,SBPS,,,trait,01,3,3,FALSE,FALSE,FALSE,FALSE,FALSE,VALID,
2026,limesurvey_2026_deidentified.csv,18,36,KA14RE15,KA14RE15,INCLUDED,HB_LB,SBPS,,,trait,02,2,2,FALSE,FALSE,FALSE,FALSE,FALSE,VALID,
2026,limesurvey_2026_deidentified.csv,18,36,KA14RE15,KA14RE15,INCLUDED,HB_LB,SBPS,,,trait,03,2,2,FALSE,FALSE,FALSE,FALSE,FALSE,VALID,
2026,limesurvey_2026_deidentified.csv,18,36,KA14RE15,KA14RE15,INCLUDED,HB_LB,SBPS,,,trait,04,1 - stimme überhaupt nicht zu,1,FALSE,FALSE,FALSE,FALSE,FALSE,VALID,
2026,limesurvey_2026_deidentified.csv,18,36,KA14RE15,KA14RE15,INCLUDED,HB_LB,SBPS,,,trait,05,2,2,FALSE,FALSE,FALSE,FALSE,FALSE,VALID,
2026,limesurvey_2026_deidentified.csv,18,36,KA14RE15,KA14RE15,INCLUDED,HB_LB,SBPS,,,trait,06,3,3,FALSE,FALSE,FALSE,FALSE,FALSE,VALID,
2026,limesurvey_2026_deidentified.csv,18,36,KA14RE15,KA14RE15,INCLUDED,HB_LB,SBPS,,,trait,07,1 - stimme überhaupt nicht zu,1,FALSE,FALSE,FALSE,FALSE,FALSE,VALID,
2026,limesurvey_2026_deidentified.csv,18,36,KA14RE15,KA14RE15,INCLUDED,HB_LB,SBPS,,,trait,08,2,2,FALSE,FALSE,FALSE,FALSE,FALSE,VALID,
2024,limesurvey_2024_deidentified.csv,6,22,KE30IE06,KE30IE06,INCLUDED,LB_HB,MSBS,B,HB,baseline,01,2,2,FALSE,FALSE,FALSE,FALSE,FALSE,VALID,
2024,limesurvey_2024_deidentified.csv,6,22,KE30IE06,KE30IE06,INCLUDED,LB_HB,MSBS,B,HB,baseline,03,1 - stimme überhaupt nicht zu,1,FALSE,FALSE,FALSE,FALSE,FALSE,VALID,
2024,limesurvey_2024_deidentified.csv,6,22,KE30IE06,KE30IE06,INCLUDED,LB_HB,MSBS,B,HB,baseline,09,1 - stimme überhaupt nicht zu,1,FALSE,FALSE,FALSE,FALSE,FALSE,VALID,
2024,limesurvey_2024_deidentified.csv,6,22,KE30IE06,KE30IE06,INCLUDED,LB_HB,MSBS,B,HB,baseline,10,3,3,FALSE,FALSE,FALSE,FALSE,FALSE,VALID,
2024,limesurvey_2024_deidentified.csv,6,22,KE30IE06,KE30IE06,INCLUDED,LB_HB,MSBS,B,HB,baseline,22,2,2,FALSE,FALSE,FALSE,FALSE,FALSE,VALID,
2024,limesurvey_2024_deidentified.csv,6,22,KE30IE06,KE30IE06,INCLUDED,LB_HB,MSBS,B,HB,baseline,23,4,4,FALSE,FALSE,FALSE,FALSE,FALSE,VALID,
2024,limesurvey_2024_deidentified.csv,6,22,KE30IE06,KE30IE06,INCLUDED,LB_HB,MSBS,B,HB,baseline,24,2,2,FALSE,FALSE,FALSE,FALSE,FALSE,VALID,
2024,limesurvey_2024_deidentified.csv,6,22,KE30IE06,KE30IE06,INCLUDED,LB_HB,MSBS,B,HB,baseline,28,1 - stimme überhaupt nicht zu,1,FALSE,FALSE,FALSE,FALSE,FALSE,VALID,
2024,limesurvey_2024_deidentified.csv,6,22,KE30IE06,KE30IE06,INCLUDED,LB_HB,MSBS,B,HB,post,01,2,2,FALSE,FALSE,FALSE,FALSE,FALSE,VALID,
2024,limesurvey_2024_deidentified.csv,6,22,KE30IE06,KE30IE06,INCLUDED,LB_HB,MSBS,B,HB,post,03,1 - stimme überhaupt nicht zu,1,FALSE,FALSE,FALSE,FALSE,FALSE,VALID,
2024,limesurvey_2024_deidentified.csv,6,22,KE30IE06,KE30IE06,INCLUDED,LB_HB,MSBS,B,HB,post,09,1 - stimme überhaupt nicht zu,1,FALSE,FALSE,FALSE,FALSE,FALSE,VALID,
2024,limesurvey_2024_deidentified.csv,6,22,KE30IE06,KE30IE06,INCLUDED,LB_HB,MSBS,B,HB,post,10,3,3,FALSE,FALSE,FALSE,FALSE,FALSE,VALID,
2024,limesurvey_2024_deidentified.csv,6,22,KE30IE06,KE30IE06,INCLUDED,LB_HB,MSBS,B,HB,post,22,3,3,FALSE,FALSE,FALSE,FALSE,FALSE,VALID,
2024,limesurvey_2024_deidentified.csv,6,22,KE30IE06,KE30IE06,INCLUDED,LB_HB,MSBS,B,HB,post,23,3,3,FALSE,FALSE,FALSE,FALSE,FALSE,VALID,
2024,limesurvey_2024_deidentified.csv,6,22,KE30IE06,KE30IE06,INCLUDED,LB_HB,MSBS,B,HB,post,24,1 - stimme überhaupt nicht zu,1,FALSE,FALSE,FALSE,FALSE,FALSE,VALID,
2024,limesurvey_2024_deidentified.csv,6,22,KE30IE06,KE30IE06,INCLUDED,LB_HB,MSBS,B,HB,post,28,1 - stimme überhaupt nicht zu,1,FALSE,FALSE,FALSE,FALSE,FALSE,VALID,
2024,limesurvey_2024_deidentified.csv,6,22,KE30IE06,KE30IE06,INCLUDED,LB_HB,MSBS,A,LB,baseline,01,1 - stimme überhaupt nicht zu,1,FALSE,FALSE,FALSE,FALSE,FALSE,VALID,
2024,limesurvey_2024_deidentified.csv,6,22,KE30IE06,KE30IE06,INCLUDED,LB_HB,MSBS,A,LB,baseline,03,1 - stimme überhaupt nicht zu,1,FALSE,FALSE,FALSE,FALSE,FALSE,VALID,
2024,limesurvey_2024_deidentified.csv,6,22,KE30IE06,KE30IE06,INCLUDED,LB_HB,MSBS,A,LB,baseline,09,1 - stimme überhaupt nicht zu,1,FALSE,FALSE,FALSE,FALSE,FALSE,VALID,
2024,limesurvey_2024_deidentified.csv,6,22,KE30IE06,KE30IE06,INCLUDED,LB_HB,MSBS,A,LB,baseline,10,1 - stimme überhaupt nicht zu,1,FALSE,FALSE,FALSE,FALSE,FALSE,VALID,
2024,limesurvey_2024_deidentified.csv,6,22,KE30IE06,KE30IE06,INCLUDED,LB_HB,MSBS,A,LB,baseline,22,2,2,FALSE,FALSE,FALSE,FALSE,FALSE,VALID,
2024,limesurvey_2024_deidentified.csv,6,22,KE30IE06,KE30IE06,INCLUDED,LB_HB,MSBS,A,LB,baseline,23,1 - stimme überhaupt nicht zu,1,FALSE,FALSE,FALSE,FALSE,FALSE,VALID,
2024,limesurvey_2024_deidentified.csv,6,22,KE30IE06,KE30IE06,INCLUDED,LB_HB,MSBS,A,LB,baseline,24,2,2,FALSE,FALSE,FALSE,FALSE,FALSE,VALID,
2024,limesurvey_2024_deidentified.csv,6,22,KE30IE06,KE30IE06,INCLUDED,LB_HB,MSBS,A,LB,baseline,28,2,2,FALSE,FALSE,FALSE,FALSE,FALSE,VALID,
2024,limesurvey_2024_deidentified.csv,6,22,KE30IE06,KE30IE06,INCLUDED,LB_HB,MSBS,A,LB,post,01,2,2,FALSE,FALSE,FALSE,FALSE,FALSE,VALID,
2024,limesurvey_2024_deidentified.csv,6,22,KE30IE06,KE30IE06,INCLUDED,LB_HB,MSBS,A,LB,post,03,1 - stimme überhaupt nicht zu,1,FALSE,FALSE,FALSE,FALSE,FALSE,VALID,
2024,limesurvey_2024_deidentified.csv,6,22,KE30IE06,KE30IE06,INCLUDED,LB_HB,MSBS,A,LB,post,09,1 - stimme überhaupt nicht zu,1,FALSE,FALSE,FALSE,FALSE,FALSE,VALID,
2024,limesurvey_2024_deidentified.csv,6,22,KE30IE06,KE30IE06,INCLUDED,LB_HB,MSBS,A,LB,post,10,3,3,FALSE,FALSE,FALSE,FALSE,FALSE,VALID,
2024,limesurvey_2024_deidentified.csv,6,22,KE30IE06,KE30IE06,INCLUDED,LB_HB,MSBS,A,LB,post,22,1 - stimme überhaupt nicht zu,1,FALSE,FALSE,FALSE,FALSE,FALSE,VALID,
2024,limesurvey_2024_deidentified.csv,6,22,KE30IE06,KE30IE06,INCLUDED,LB_HB,MSBS,A,LB,post,23,3,3,FALSE,FALSE,FALSE,FALSE,FALSE,VALID,
2024,limesurvey_2024_deidentified.csv,6,22,KE30IE06,KE30IE06,INCLUDED,LB_HB,MSBS,A,LB,post,24,1 - stimme überhaupt nicht zu,1,FALSE,FALSE,FALSE,FALSE,FALSE,VALID,
2024,limesurvey_2024_deidentified.csv,6,22,KE30IE06,KE30IE06,INCLUDED,LB_HB,MSBS,A,LB,post,28,2,2,FALSE,FALSE,FALSE,FALSE,FALSE,VALID,
2024,limesurvey_2024_deidentified.csv,6,22,KE30IE06,KE30IE06,INCLUDED,LB_HB,SBPS,,,trait,01,2,2,FALSE,FALSE,FALSE,FALSE,FALSE,VALID,
2024,limesurvey_2024_deidentified.csv,6,22,KE30IE06,KE30IE06,INCLUDED,LB_HB,SBPS,,,trait,02,1 - stimme überhaupt nicht zu,1,FALSE,FALSE,FALSE,FALSE,FALSE,VALID,
2024,limesurvey_2024_deidentified.csv,6,22,KE30IE06,KE30IE06,INCLUDED,LB_HB,SBPS,,,trait,03,2,2,FALSE,FALSE,FALSE,FALSE,FALSE,VALID,
2024,limesurvey_2024_deidentified.csv,6,22,KE30IE06,KE30IE06,INCLUDED,LB_HB,SBPS,,,trait,04,1 - stimme überhaupt nicht zu,1,FALSE,FALSE,FALSE,FALSE,FALSE,VALID,
2024,limesurvey_2024_deidentified.csv,6,22,KE30IE06,KE30IE06,INCLUDED,LB_HB,SBPS,,,trait,05,2,2,FALSE,FALSE,FALSE,FALSE,FALSE,VALID,
2024,limesurvey_2024_deidentified.csv,6,22,KE30IE06,KE30IE06,INCLUDED,LB_HB,SBPS,,,trait,06,1 - stimme überhaupt nicht zu,1,FALSE,FALSE,FALSE,FALSE,FALSE,VALID,
2024,limesurvey_2024_deidentified.csv,6,22,KE30IE06,KE30IE06,INCLUDED,LB_HB,SBPS,,,trait,07,1 - stimme überhaupt nicht zu,1,FALSE,FALSE,FALSE,FALSE,FALSE,VALID,
2024,limesurvey_2024_deidentified.csv,6,22,KE30IE06,KE30IE06,INCLUDED,LB_HB,SBPS,,,trait,08,1 - stimme überhaupt nicht zu,1,FALSE,FALSE,FALSE,FALSE,FALSE,VALID,
2024,limesurvey_2024_deidentified.csv,5,21,KO24IE08,KO24IE08,INCLUDED,HB_LB,MSBS,A,HB,baseline,01,2,2,FALSE,FALSE,FALSE,FALSE,FALSE,VALID,
2024,limesurvey_2024_deidentified.csv,5,21,KO24IE08,KO24IE08,INCLUDED,HB_LB,MSBS,A,HB,baseline,03,5,5,FALSE,FALSE,FALSE,FALSE,FALSE,VALID,
2024,limesurvey_2024_deidentified.csv,5,21,KO24IE08,KO24IE08,INCLUDED,HB_LB,MSBS,A,HB,baseline,09,1 - stimme überhaupt nicht zu,1,FALSE,FALSE,FALSE,FALSE,FALSE,VALID,
2024,limesurvey_2024_deidentified.csv,5,21,KO24IE08,KO24IE08,INCLUDED,HB_LB,MSBS,A,HB,baseline,10,1 - stimme überhaupt nicht zu,1,FALSE,FALSE,FALSE,FALSE,FALSE,VALID,
2024,limesurvey_2024_deidentified.csv,5,21,KO24IE08,KO24IE08,INCLUDED,HB_LB,MSBS,A,HB,baseline,22,3,3,FALSE,FALSE,FALSE,FALSE,FALSE,VALID,
2024,limesurvey_2024_deidentified.csv,5,21,KO24IE08,KO24IE08,INCLUDED,HB_LB,MSBS,A,HB,baseline,23,4,4,FALSE,FALSE,FALSE,FALSE,FALSE,VALID,
2024,limesurvey_2024_deidentified.csv,5,21,KO24IE08,KO24IE08,INCLUDED,HB_LB,MSBS,A,HB,baseline,24,1 - stimme überhaupt nicht zu,1,FALSE,FALSE,FALSE,FALSE,FALSE,VALID,
2024,limesurvey_2024_deidentified.csv,5,21,KO24IE08,KO24IE08,INCLUDED,HB_LB,MSBS,A,HB,baseline,28,1 - stimme überhaupt nicht zu,1,FALSE,FALSE,FALSE,FALSE,FALSE,VALID,
2024,limesurvey_2024_deidentified.csv,5,21,KO24IE08,KO24IE08,INCLUDED,HB_LB,MSBS,A,HB,post,01,4,4,FALSE,FALSE,FALSE,FALSE,FALSE,VALID,
2024,limesurvey_2024_deidentified.csv,5,21,KO24IE08,KO24IE08,INCLUDED,HB_LB,MSBS,A,HB,post,03,5,5,FALSE,FALSE,FALSE,FALSE,FALSE,VALID,
2024,limesurvey_2024_deidentified.csv,5,21,KO24IE08,KO24IE08,INCLUDED,HB_LB,MSBS,A,HB,post,09,3,3,FALSE,FALSE,FALSE,FALSE,FALSE,VALID,
2024,limesurvey_2024_deidentified.csv,5,21,KO24IE08,KO24IE08,INCLUDED,HB_LB,MSBS,A,HB,post,10,3,3,FALSE,FALSE,FALSE,FALSE,FALSE,VALID,
2024,limesurvey_2024_deidentified.csv,5,21,KO24IE08,KO24IE08,INCLUDED,HB_LB,MSBS,A,HB,post,22,4,4,FALSE,FALSE,FALSE,FALSE,FALSE,VALID,
2024,limesurvey_2024_deidentified.csv,5,21,KO24IE08,KO24IE08,INCLUDED,HB_LB,MSBS,A,HB,post,23,5,5,FALSE,FALSE,FALSE,FALSE,FALSE,VALID,
2024,limesurvey_2024_deidentified.csv,5,21,KO24IE08,KO24IE08,INCLUDED,HB_LB,MSBS,A,HB,post,24,1 - stimme überhaupt nicht zu,1,FALSE,FALSE,FALSE,FALSE,FALSE,VALID,
2024,limesurvey_2024_deidentified.csv,5,21,KO24IE08,KO24IE08,INCLUDED,HB_LB,MSBS,A,HB,post,28,2,2,FALSE,FALSE,FALSE,FALSE,FALSE,VALID,
2024,limesurvey_2024_deidentified.csv,5,21,KO24IE08,KO24IE08,INCLUDED,HB_LB,MSBS,B,LB,baseline,01,2,2,FALSE,FALSE,FALSE,FALSE,FALSE,VALID,
2024,limesurvey_2024_deidentified.csv,5,21,KO24IE08,KO24IE08,INCLUDED,HB_LB,MSBS,B,LB,baseline,03,4,4,FALSE,FALSE,FALSE,FALSE,FALSE,VALID,
2024,limesurvey_2024_deidentified.csv,5,21,KO24IE08,KO24IE08,INCLUDED,HB_LB,MSBS,B,LB,baseline,09,3,3,FALSE,FALSE,FALSE,FALSE,FALSE,VALID,
2024,limesurvey_2024_deidentified.csv,5,21,KO24IE08,KO24IE08,INCLUDED,HB_LB,MSBS,B,LB,baseline,10,3,3,FALSE,FALSE,FALSE,FALSE,FALSE,VALID,
2024,limesurvey_2024_deidentified.csv,5,21,KO24IE08,KO24IE08,INCLUDED,HB_LB,MSBS,B,LB,baseline,22,5,5,FALSE,FALSE,FALSE,FALSE,FALSE,VALID,
2024,limesurvey_2024_deidentified.csv,5,21,KO24IE08,KO24IE08,INCLUDED,HB_LB,MSBS,B,LB,baseline,23,4,4,FALSE,FALSE,FALSE,FALSE,FALSE,VALID,
2024,limesurvey_2024_deidentified.csv,5,21,KO24IE08,KO24IE08,INCLUDED,HB_LB,MSBS,B,LB,baseline,24,1 - stimme überhaupt nicht zu,1,FALSE,FALSE,FALSE,FALSE,FALSE,VALID,
2024,limesurvey_2024_deidentified.csv,5,21,KO24IE08,KO24IE08,INCLUDED,HB_LB,MSBS,B,LB,baseline,28,2,2,FALSE,FALSE,FALSE,FALSE,FALSE,VALID,
2024,limesurvey_2024_deidentified.csv,5,21,KO24IE08,KO24IE08,INCLUDED,HB_LB,MSBS,B,LB,post,01,4,4,FALSE,FALSE,FALSE,FALSE,FALSE,VALID,
2024,limesurvey_2024_deidentified.csv,5,21,KO24IE08,KO24IE08,INCLUDED,HB_LB,MSBS,B,LB,post,03,5,5,FALSE,FALSE,FALSE,FALSE,FALSE,VALID,
2024,limesurvey_2024_deidentified.csv,5,21,KO24IE08,KO24IE08,INCLUDED,HB_LB,MSBS,B,LB,post,09,3,3,FALSE,FALSE,FALSE,FALSE,FALSE,VALID,
2024,limesurvey_2024_deidentified.csv,5,21,KO24IE08,KO24IE08,INCLUDED,HB_LB,MSBS,B,LB,post,10,5,5,FALSE,FALSE,FALSE,FALSE,FALSE,VALID,
2024,limesurvey_2024_deidentified.csv,5,21,KO24IE08,KO24IE08,INCLUDED,HB_LB,MSBS,B,LB,post,22,4,4,FALSE,FALSE,FALSE,FALSE,FALSE,VALID,
2024,limesurvey_2024_deidentified.csv,5,21,KO24IE08,KO24IE08,INCLUDED,HB_LB,MSBS,B,LB,post,23,6,6,FALSE,FALSE,FALSE,FALSE,FALSE,VALID,
2024,limesurvey_2024_deidentified.csv,5,21,KO24IE08,KO24IE08,INCLUDED,HB_LB,MSBS,B,LB,post,24,1 - stimme überhaupt nicht zu,1,FALSE,FALSE,FALSE,FALSE,FALSE,VALID,
2024,limesurvey_2024_deidentified.csv,5,21,KO24IE08,KO24IE08,INCLUDED,HB_LB,MSBS,B,LB,post,28,2,2,FALSE,FALSE,FALSE,FALSE,FALSE,VALID,
2024,limesurvey_2024_deidentified.csv,5,21,KO24IE08,KO24IE08,INCLUDED,HB_LB,SBPS,,,trait,01,3,3,FALSE,FALSE,FALSE,FALSE,FALSE,VALID,
2024,limesurvey_2024_deidentified.csv,5,21,KO24IE08,KO24IE08,INCLUDED,HB_LB,SBPS,,,trait,02,1 - stimme überhaupt nicht zu,1,FALSE,FALSE,FALSE,FALSE,FALSE,VALID,
2024,limesurvey_2024_deidentified.csv,5,21,KO24IE08,KO24IE08,INCLUDED,HB_LB,SBPS,,,trait,03,1 - stimme überhaupt nicht zu,1,FALSE,FALSE,FALSE,FALSE,FALSE,VALID,
2024,limesurvey_2024_deidentified.csv,5,21,KO24IE08,KO24IE08,INCLUDED,HB_LB,SBPS,,,trait,04,2,2,FALSE,FALSE,FALSE,FALSE,FALSE,VALID,
2024,limesurvey_2024_deidentified.csv,5,21,KO24IE08,KO24IE08,INCLUDED,HB_LB,SBPS,,,trait,05,1 - stimme überhaupt nicht zu,1,FALSE,FALSE,FALSE,FALSE,FALSE,VALID,
2024,limesurvey_2024_deidentified.csv,5,21,KO24IE08,KO24IE08,INCLUDED,HB_LB,SBPS,,,trait,06,1 - stimme überhaupt nicht zu,1,FALSE,FALSE,FALSE,FALSE,FALSE,VALID,
2024,limesurvey_2024_deidentified.csv,5,21,KO24IE08,KO24IE08,INCLUDED,HB_LB,SBPS,,,trait,07,1 - stimme überhaupt nicht zu,1,FALSE,FALSE,FALSE,FALSE,FALSE,VALID,
2024,limesurvey_2024_deidentified.csv,5,21,KO24IE08,KO24IE08,INCLUDED,HB_LB,SBPS,,,trait,08,1 - stimme überhaupt nicht zu,1,FALSE,FALSE,FALSE,FALSE,FALSE,VALID,
2024,limesurvey_2024_deidentified.csv,15,31,LE11ON12,LE11ON12,INCLUDED,HB_LB,MSBS,A,HB,baseline,01,1 - stimme überhaupt nicht zu,1,FALSE,FALSE,FALSE,FALSE,FALSE,VALID,
2024,limesurvey_2024_deidentified.csv,15,31,LE11ON12,LE11ON12,INCLUDED,HB_LB,MSBS,A,HB,baseline,03,2,2,FALSE,FALSE,FALSE,FALSE,FALSE,VALID,
2024,limesurvey_2024_deidentified.csv,15,31,LE11ON12,LE11ON12,INCLUDED,HB_LB,MSBS,A,HB,baseline,09,1 - stimme überhaupt nicht zu,1,FALSE,FALSE,FALSE,FALSE,FALSE,VALID,
2024,limesurvey_2024_deidentified.csv,15,31,LE11ON12,LE11ON12,INCLUDED,HB_LB,MSBS,A,HB,baseline,10,1 - stimme überhaupt nicht zu,1,FALSE,FALSE,FALSE,FALSE,FALSE,VALID,
2024,limesurvey_2024_deidentified.csv,15,31,LE11ON12,LE11ON12,INCLUDED,HB_LB,MSBS,A,HB,baseline,22,1 - stimme überhaupt nicht zu,1,FALSE,FALSE,FALSE,FALSE,FALSE,VALID,
2024,limesurvey_2024_deidentified.csv,15,31,LE11ON12,LE11ON12,INCLUDED,HB_LB,MSBS,A,HB,baseline,23,1 - stimme überhaupt nicht zu,1,FALSE,FALSE,FALSE,FALSE,FALSE,VALID,
2024,limesurvey_2024_deidentified.csv,15,31,LE11ON12,LE11ON12,INCLUDED,HB_LB,MSBS,A,HB,baseline,24,1 - stimme überhaupt nicht zu,1,FALSE,FALSE,FALSE,FALSE,FALSE,VALID,
2024,limesurvey_2024_deidentified.csv,15,31,LE11ON12,LE11ON12,INCLUDED,HB_LB,MSBS,A,HB,baseline,28,1 - stimme überhaupt nicht zu,1,FALSE,FALSE,FALSE,FALSE,FALSE,VALID,
2024,limesurvey_2024_deidentified.csv,15,31,LE11ON12,LE11ON12,INCLUDED,HB_LB,MSBS,A,HB,post,01,5,5,FALSE,FALSE,FALSE,FALSE,FALSE,VALID,
2024,limesurvey_2024_deidentified.csv,15,31,LE11ON12,LE11ON12,INCLUDED,HB_LB,MSBS,A,HB,post,03,3,3,FALSE,FALSE,FALSE,FALSE,FALSE,VALID,
2024,limesurvey_2024_deidentified.csv,15,31,LE11ON12,LE11ON12,INCLUDED,HB_LB,MSBS,A,HB,post,09,1 - stimme überhaupt nicht zu,1,FALSE,FALSE,FALSE,FALSE,FALSE,VALID,
2024,limesurvey_2024_deidentified.csv,15,31,LE11ON12,LE11ON12,INCLUDED,HB_LB,MSBS,A,HB,post,10,5,5,FALSE,FALSE,FALSE,FALSE,FALSE,VALID,
2024,limesurvey_2024_deidentified.csv,15,31,LE11ON12,LE11ON12,INCLUDED,HB_LB,MSBS,A,HB,post,22,2,2,FALSE,FALSE,FALSE,FALSE,FALSE,VALID,
2024,limesurvey_2024_deidentified.csv,15,31,LE11ON12,LE11ON12,INCLUDED,HB_LB,MSBS,A,HB,post,23,3,3,FALSE,FALSE,FALSE,FALSE,FALSE,VALID,
2024,limesurvey_2024_deidentified.csv,15,31,LE11ON12,LE11ON12,INCLUDED,HB_LB,MSBS,A,HB,post,24,2,2,FALSE,FALSE,FALSE,FALSE,FALSE,VALID,
2024,limesurvey_2024_deidentified.csv,15,31,LE11ON12,LE11ON12,INCLUDED,HB_LB,MSBS,A,HB,post,28,3,3,FALSE,FALSE,FALSE,FALSE,FALSE,VALID,
2024,limesurvey_2024_deidentified.csv,15,31,LE11ON12,LE11ON12,INCLUDED,HB_LB,MSBS,B,LB,baseline,01,6,6,FALSE,FALSE,FALSE,FALSE,FALSE,VALID,
2024,limesurvey_2024_deidentified.csv,15,31,LE11ON12,LE11ON12,INCLUDED,HB_LB,MSBS,B,LB,baseline,03,3,3,FALSE,FALSE,FALSE,FALSE,FALSE,VALID,
2024,limesurvey_2024_deidentified.csv,15,31,LE11ON12,LE11ON12,INCLUDED,HB_LB,MSBS,B,LB,baseline,09,1 - stimme überhaupt nicht zu,1,FALSE,FALSE,FALSE,FALSE,FALSE,VALID,
2024,limesurvey_2024_deidentified.csv,15,31,LE11ON12,LE11ON12,INCLUDED,HB_LB,MSBS,B,LB,baseline,10,3,3,FALSE,FALSE,FALSE,FALSE,FALSE,VALID,
2024,limesurvey_2024_deidentified.csv,15,31,LE11ON12,LE11ON12,INCLUDED,HB_LB,MSBS,B,LB,baseline,22,1 - stimme überhaupt nicht zu,1,FALSE,FALSE,FALSE,FALSE,FALSE,VALID,
2024,limesurvey_2024_deidentified.csv,15,31,LE11ON12,LE11ON12,INCLUDED,HB_LB,MSBS,B,LB,baseline,23,2,2,FALSE,FALSE,FALSE,FALSE,FALSE,VALID,
2024,limesurvey_2024_deidentified.csv,15,31,LE11ON12,LE11ON12,INCLUDED,HB_LB,MSBS,B,LB,baseline,24,1 - stimme überhaupt nicht zu,1,FALSE,FALSE,FALSE,FALSE,FALSE,VALID,
2024,limesurvey_2024_deidentified.csv,15,31,LE11ON12,LE11ON12,INCLUDED,HB_LB,MSBS,B,LB,baseline,28,2,2,FALSE,FALSE,FALSE,FALSE,FALSE,VALID,
2024,limesurvey_2024_deidentified.csv,15,31,LE11ON12,LE11ON12,INCLUDED,HB_LB,MSBS,B,LB,post,01,3,3,FALSE,FALSE,FALSE,FALSE,FALSE,VALID,
2024,limesurvey_2024_deidentified.csv,15,31,LE11ON12,LE11ON12,INCLUDED,HB_LB,MSBS,B,LB,post,03,3,3,FALSE,FALSE,FALSE,FALSE,FALSE,VALID,
2024,limesurvey_2024_deidentified.csv,15,31,LE11ON12,LE11ON12,INCLUDED,HB_LB,MSBS,B,LB,post,09,1 - stimme überhaupt nicht zu,1,FALSE,FALSE,FALSE,FALSE,FALSE,VALID,
2024,limesurvey_2024_deidentified.csv,15,31,LE11ON12,LE11ON12,INCLUDED,HB_LB,MSBS,B,LB,post,10,4,4,FALSE,FALSE,FALSE,FALSE,FALSE,VALID,
2024,limesurvey_2024_deidentified.csv,15,31,LE11ON12,LE11ON12,INCLUDED,HB_LB,MSBS,B,LB,post,22,2,2,FALSE,FALSE,FALSE,FALSE,FALSE,VALID,
2024,limesurvey_2024_deidentified.csv,15,31,LE11ON12,LE11ON12,INCLUDED,HB_LB,MSBS,B,LB,post,23,2,2,FALSE,FALSE,FALSE,FALSE,FALSE,VALID,
2024,limesurvey_2024_deidentified.csv,15,31,LE11ON12,LE11ON12,INCLUDED,HB_LB,MSBS,B,LB,post,24,2,2,FALSE,FALSE,FALSE,FALSE,FALSE,VALID,
2024,limesurvey_2024_deidentified.csv,15,31,LE11ON12,LE11ON12,INCLUDED,HB_LB,MSBS,B,LB,post,28,3,3,FALSE,FALSE,FALSE,FALSE,FALSE,VALID,
2024,limesurvey_2024_deidentified.csv,15,31,LE11ON12,LE11ON12,INCLUDED,HB_LB,SBPS,,,trait,01,1 - stimme überhaupt nicht zu,1,FALSE,FALSE,FALSE,FALSE,FALSE,VALID,
2024,limesurvey_2024_deidentified.csv,15,31,LE11ON12,LE11ON12,INCLUDED,HB_LB,SBPS,,,trait,02,2,2,FALSE,FALSE,FALSE,FALSE,FALSE,VALID,
2024,limesurvey_2024_deidentified.csv,15,31,LE11ON12,LE11ON12,INCLUDED,HB_LB,SBPS,,,trait,03,2,2,FALSE,FALSE,FALSE,FALSE,FALSE,VALID,
2024,limesurvey_2024_deidentified.csv,15,31,LE11ON12,LE11ON12,INCLUDED,HB_LB,SBPS,,,trait,04,2,2,FALSE,FALSE,FALSE,FALSE,FALSE,VALID,
2024,limesurvey_2024_deidentified.csv,15,31,LE11ON12,LE11ON12,INCLUDED,HB_LB,SBPS,,,trait,05,1 - stimme überhaupt nicht zu,1,FALSE,FALSE,FALSE,FALSE,FALSE,VALID,
2024,limesurvey_2024_deidentified.csv,15,31,LE11ON12,LE11ON12,INCLUDED,HB_LB,SBPS,,,trait,06,2,2,FALSE,FALSE,FALSE,FALSE,FALSE,VALID,
2024,limesurvey_2024_deidentified.csv,15,31,LE11ON12,LE11ON12,INCLUDED,HB_LB,SBPS,,,trait,07,1 - stimme überhaupt nicht zu,1,FALSE,FALSE,FALSE,FALSE,FALSE,VALID,
2024,limesurvey_2024_deidentified.csv,15,31,LE11ON12,LE11ON12,INCLUDED,HB_LB,SBPS,,,trait,08,2,2,FALSE,FALSE,FALSE,FALSE,FALSE,VALID,
2024,limesurvey_2024_deidentified.csv,9,25,MA25UT20,MA25UT20,INCLUDED,HB_LB,MSBS,A,HB,baseline,01,5,5,FALSE,FALSE,FALSE,FALSE,FALSE,VALID,
2024,limesurvey_2024_deidentified.csv,9,25,MA25UT20,MA25UT20,INCLUDED,HB_LB,MSBS,A,HB,baseline,03,3,3,FALSE,FALSE,FALSE,FALSE,FALSE,VALID,
2024,limesurvey_2024_deidentified.csv,9,25,MA25UT20,MA25UT20,INCLUDED,HB_LB,MSBS,A,HB,baseline,09,3,3,FALSE,FALSE,FALSE,FALSE,FALSE,VALID,
2024,limesurvey_2024_deidentified.csv,9,25,MA25UT20,MA25UT20,INCLUDED,HB_LB,MSBS,A,HB,baseline,10,5,5,FALSE,FALSE,FALSE,FALSE,FALSE,VALID,
2024,limesurvey_2024_deidentified.csv,9,25,MA25UT20,MA25UT20,INCLUDED,HB_LB,MSBS,A,HB,baseline,22,4,4,FALSE,FALSE,FALSE,FALSE,FALSE,VALID,
2024,limesurvey_2024_deidentified.csv,9,25,MA25UT20,MA25UT20,INCLUDED,HB_LB,MSBS,A,HB,baseline,23,4,4,FALSE,FALSE,FALSE,FALSE,FALSE,VALID,
2024,limesurvey_2024_deidentified.csv,9,25,MA25UT20,MA25UT20,INCLUDED,HB_LB,MSBS,A,HB,baseline,24,5,5,FALSE,FALSE,FALSE,FALSE,FALSE,VALID,
2024,limesurvey_2024_deidentified.csv,9,25,MA25UT20,MA25UT20,INCLUDED,HB_LB,MSBS,A,HB,baseline,28,4,4,FALSE,FALSE,FALSE,FALSE,FALSE,VALID,
2024,limesurvey_2024_deidentified.csv,9,25,MA25UT20,MA25UT20,INCLUDED,HB_LB,MSBS,A,HB,post,01,6,6,FALSE,FALSE,FALSE,FALSE,FALSE,VALID,
2024,limesurvey_2024_deidentified.csv,9,25,MA25UT20,MA25UT20,INCLUDED,HB_LB,MSBS,A,HB,post,03,3,3,FALSE,FALSE,FALSE,FALSE,FALSE,VALID,
2024,limesurvey_2024_deidentified.csv,9,25,MA25UT20,MA25UT20,INCLUDED,HB_LB,MSBS,A,HB,post,09,4,4,FALSE,FALSE,FALSE,FALSE,FALSE,VALID,
2024,limesurvey_2024_deidentified.csv,9,25,MA25UT20,MA25UT20,INCLUDED,HB_LB,MSBS,A,HB,post,10,6,6,FALSE,FALSE,FALSE,FALSE,FALSE,VALID,
2024,limesurvey_2024_deidentified.csv,9,25,MA25UT20,MA25UT20,INCLUDED,HB_LB,MSBS,A,HB,post,22,3,3,FALSE,FALSE,FALSE,FALSE,FALSE,VALID,
2024,limesurvey_2024_deidentified.csv,9,25,MA25UT20,MA25UT20,INCLUDED,HB_LB,MSBS,A,HB,post,23,5,5,FALSE,FALSE,FALSE,FALSE,FALSE,VALID,
2024,limesurvey_2024_deidentified.csv,9,25,MA25UT20,MA25UT20,INCLUDED,HB_LB,MSBS,A,HB,post,24,4,4,FALSE,FALSE,FALSE,FALSE,FALSE,VALID,
2024,limesurvey_2024_deidentified.csv,9,25,MA25UT20,MA25UT20,INCLUDED,HB_LB,MSBS,A,HB,post,28,6,6,FALSE,FALSE,FALSE,FALSE,FALSE,VALID,
2024,limesurvey_2024_deidentified.csv,9,25,MA25UT20,MA25UT20,INCLUDED,HB_LB,MSBS,B,LB,baseline,01,5,5,FALSE,FALSE,FALSE,FALSE,FALSE,VALID,
2024,limesurvey_2024_deidentified.csv,9,25,MA25UT20,MA25UT20,INCLUDED,HB_LB,MSBS,B,LB,baseline,03,4,4,FALSE,FALSE,FALSE,FALSE,FALSE,VALID,
2024,limesurvey_2024_deidentified.csv,9,25,MA25UT20,MA25UT20,INCLUDED,HB_LB,MSBS,B,LB,baseline,09,3,3,FALSE,FALSE,FALSE,FALSE,FALSE,VALID,
2024,limesurvey_2024_deidentified.csv,9,25,MA25UT20,MA25UT20,INCLUDED,HB_LB,MSBS,B,LB,baseline,10,5,5,FALSE,FALSE,FALSE,FALSE,FALSE,VALID,
2024,limesurvey_2024_deidentified.csv,9,25,MA25UT20,MA25UT20,INCLUDED,HB_LB,MSBS,B,LB,baseline,22,4,4,FALSE,FALSE,FALSE,FALSE,FALSE,VALID,
2024,limesurvey_2024_deidentified.csv,9,25,MA25UT20,MA25UT20,INCLUDED,HB_LB,MSBS,B,LB,baseline,23,4,4,FALSE,FALSE,FALSE,FALSE,FALSE,VALID,
2024,limesurvey_2024_deidentified.csv,9,25,MA25UT20,MA25UT20,INCLUDED,HB_LB,MSBS,B,LB,baseline,24,4,4,FALSE,FALSE,FALSE,FALSE,FALSE,VALID,
2024,limesurvey_2024_deidentified.csv,9,25,MA25UT20,MA25UT20,INCLUDED,HB_LB,MSBS,B,LB,baseline,28,5,5,FALSE,FALSE,FALSE,FALSE,FALSE,VALID,
2024,limesurvey_2024_deidentified.csv,9,25,MA25UT20,MA25UT20,INCLUDED,HB_LB,MSBS,B,LB,post,01,5,5,FALSE,FALSE,FALSE,FALSE,FALSE,VALID,
2024,limesurvey_2024_deidentified.csv,9,25,MA25UT20,MA25UT20,INCLUDED,HB_LB,MSBS,B,LB,post,03,3,3,FALSE,FALSE,FALSE,FALSE,FALSE,VALID,
2024,limesurvey_2024_deidentified.csv,9,25,MA25UT20,MA25UT20,INCLUDED,HB_LB,MSBS,B,LB,post,09,3,3,FALSE,FALSE,FALSE,FALSE,FALSE,VALID,
2024,limesurvey_2024_deidentified.csv,9,25,MA25UT20,MA25UT20,INCLUDED,HB_LB,MSBS,B,LB,post,10,5,5,FALSE,FALSE,FALSE,FALSE,FALSE,VALID,
2024,limesurvey_2024_deidentified.csv,9,25,MA25UT20,MA25UT20,INCLUDED,HB_LB,MSBS,B,LB,post,22,5,5,FALSE,FALSE,FALSE,FALSE,FALSE,VALID,
2024,limesurvey_2024_deidentified.csv,9,25,MA25UT20,MA25UT20,INCLUDED,HB_LB,MSBS,B,LB,post,23,4,4,FALSE,FALSE,FALSE,FALSE,FALSE,VALID,
2024,limesurvey_2024_deidentified.csv,9,25,MA25UT20,MA25UT20,INCLUDED,HB_LB,MSBS,B,LB,post,24,4,4,FALSE,FALSE,FALSE,FALSE,FALSE,VALID,
2024,limesurvey_2024_deidentified.csv,9,25,MA25UT20,MA25UT20,INCLUDED,HB_LB,MSBS,B,LB,post,28,6,6,FALSE,FALSE,FALSE,FALSE,FALSE,VALID,
2024,limesurvey_2024_deidentified.csv,9,25,MA25UT20,MA25UT20,INCLUDED,HB_LB,SBPS,,,trait,01,5,5,FALSE,FALSE,FALSE,FALSE,FALSE,VALID,
2024,limesurvey_2024_deidentified.csv,9,25,MA25UT20,MA25UT20,INCLUDED,HB_LB,SBPS,,,trait,02,3,3,FALSE,FALSE,FALSE,FALSE,FALSE,VALID,
2024,limesurvey_2024_deidentified.csv,9,25,MA25UT20,MA25UT20,INCLUDED,HB_LB,SBPS,,,trait,03,4,4,FALSE,FALSE,FALSE,FALSE,FALSE,VALID,
2024,limesurvey_2024_deidentified.csv,9,25,MA25UT20,MA25UT20,INCLUDED,HB_LB,SBPS,,,trait,04,3,3,FALSE,FALSE,FALSE,FALSE,FALSE,VALID,
2024,limesurvey_2024_deidentified.csv,9,25,MA25UT20,MA25UT20,INCLUDED,HB_LB,SBPS,,,trait,05,5,5,FALSE,FALSE,FALSE,FALSE,FALSE,VALID,
2024,limesurvey_2024_deidentified.csv,9,25,MA25UT20,MA25UT20,INCLUDED,HB_LB,SBPS,,,trait,06,5,5,FALSE,FALSE,FALSE,FALSE,FALSE,VALID,
2024,limesurvey_2024_deidentified.csv,9,25,MA25UT20,MA25UT20,INCLUDED,HB_LB,SBPS,,,trait,07,5,5,FALSE,FALSE,FALSE,FALSE,FALSE,VALID,
2024,limesurvey_2024_deidentified.csv,9,25,MA25UT20,MA25UT20,INCLUDED,HB_LB,SBPS,,,trait,08,5,5,FALSE,FALSE,FALSE,FALSE,FALSE,VALID,
2024,limesurvey_2024_deidentified.csv,33,45,MI27ER17,MI27ER17,INCLUDED,LB_HB,MSBS,B,HB,baseline,01,2,2,FALSE,FALSE,FALSE,FALSE,FALSE,VALID,
2024,limesurvey_2024_deidentified.csv,33,45,MI27ER17,MI27ER17,INCLUDED,LB_HB,MSBS,B,HB,baseline,03,2,2,FALSE,FALSE,FALSE,FALSE,FALSE,VALID,
2024,limesurvey_2024_deidentified.csv,33,45,MI27ER17,MI27ER17,INCLUDED,LB_HB,MSBS,B,HB,baseline,09,1 - stimme überhaupt nicht zu,1,FALSE,FALSE,FALSE,FALSE,FALSE,VALID,
2024,limesurvey_2024_deidentified.csv,33,45,MI27ER17,MI27ER17,INCLUDED,LB_HB,MSBS,B,HB,baseline,10,3,3,FALSE,FALSE,FALSE,FALSE,FALSE,VALID,
2024,limesurvey_2024_deidentified.csv,33,45,MI27ER17,MI27ER17,INCLUDED,LB_HB,MSBS,B,HB,baseline,22,3,3,FALSE,FALSE,FALSE,FALSE,FALSE,VALID,
2024,limesurvey_2024_deidentified.csv,33,45,MI27ER17,MI27ER17,INCLUDED,LB_HB,MSBS,B,HB,baseline,23,2,2,FALSE,FALSE,FALSE,FALSE,FALSE,VALID,
2024,limesurvey_2024_deidentified.csv,33,45,MI27ER17,MI27ER17,INCLUDED,LB_HB,MSBS,B,HB,baseline,24,1 - stimme überhaupt nicht zu,1,FALSE,FALSE,FALSE,FALSE,FALSE,VALID,
2024,limesurvey_2024_deidentified.csv,33,45,MI27ER17,MI27ER17,INCLUDED,LB_HB,MSBS,B,HB,baseline,28,3,3,FALSE,FALSE,FALSE,FALSE,FALSE,VALID,
2024,limesurvey_2024_deidentified.csv,33,45,MI27ER17,MI27ER17,INCLUDED,LB_HB,MSBS,B,HB,post,01,3,3,FALSE,FALSE,FALSE,FALSE,FALSE,VALID,
2024,limesurvey_2024_deidentified.csv,33,45,MI27ER17,MI27ER17,INCLUDED,LB_HB,MSBS,B,HB,post,03,2,2,FALSE,FALSE,FALSE,FALSE,FALSE,VALID,
2024,limesurvey_2024_deidentified.csv,33,45,MI27ER17,MI27ER17,INCLUDED,LB_HB,MSBS,B,HB,post,09,1 - stimme überhaupt nicht zu,1,FALSE,FALSE,FALSE,FALSE,FALSE,VALID,
2024,limesurvey_2024_deidentified.csv,33,45,MI27ER17,MI27ER17,INCLUDED,LB_HB,MSBS,B,HB,post,10,3,3,FALSE,FALSE,FALSE,FALSE,FALSE,VALID,
2024,limesurvey_2024_deidentified.csv,33,45,MI27ER17,MI27ER17,INCLUDED,LB_HB,MSBS,B,HB,post,22,2,2,FALSE,FALSE,FALSE,FALSE,FALSE,VALID,
2024,limesurvey_2024_deidentified.csv,33,45,MI27ER17,MI27ER17,INCLUDED,LB_HB,MSBS,B,HB,post,23,4,4,FALSE,FALSE,FALSE,FALSE,FALSE,VALID,
2024,limesurvey_2024_deidentified.csv,33,45,MI27ER17,MI27ER17,INCLUDED,LB_HB,MSBS,B,HB,post,24,1 - stimme überhaupt nicht zu,1,FALSE,FALSE,FALSE,FALSE,FALSE,VALID,
2024,limesurvey_2024_deidentified.csv,33,45,MI27ER17,MI27ER17,INCLUDED,LB_HB,MSBS,B,HB,post,28,2,2,FALSE,FALSE,FALSE,FALSE,FALSE,VALID,
2024,limesurvey_2024_deidentified.csv,33,45,MI27ER17,MI27ER17,INCLUDED,LB_HB,MSBS,A,LB,baseline,01,3,3,FALSE,FALSE,FALSE,FALSE,FALSE,VALID,
2024,limesurvey_2024_deidentified.csv,33,45,MI27ER17,MI27ER17,INCLUDED,LB_HB,MSBS,A,LB,baseline,03,4,4,FALSE,FALSE,FALSE,FALSE,FALSE,VALID,
2024,limesurvey_2024_deidentified.csv,33,45,MI27ER17,MI27ER17,INCLUDED,LB_HB,MSBS,A,LB,baseline,09,1 - stimme überhaupt nicht zu,1,FALSE,FALSE,FALSE,FALSE,FALSE,VALID,
2024,limesurvey_2024_deidentified.csv,33,45,MI27ER17,MI27ER17,INCLUDED,LB_HB,MSBS,A,LB,baseline,10,1 - stimme überhaupt nicht zu,1,FALSE,FALSE,FALSE,FALSE,FALSE,VALID,
2024,limesurvey_2024_deidentified.csv,33,45,MI27ER17,MI27ER17,INCLUDED,LB_HB,MSBS,A,LB,baseline,22,3,3,FALSE,FALSE,FALSE,FALSE,FALSE,VALID,
2024,limesurvey_2024_deidentified.csv,33,45,MI27ER17,MI27ER17,INCLUDED,LB_HB,MSBS,A,LB,baseline,23,2,2,FALSE,FALSE,FALSE,FALSE,FALSE,VALID,
2024,limesurvey_2024_deidentified.csv,33,45,MI27ER17,MI27ER17,INCLUDED,LB_HB,MSBS,A,LB,baseline,24,1 - stimme überhaupt nicht zu,1,FALSE,FALSE,FALSE,FALSE,FALSE,VALID,
2024,limesurvey_2024_deidentified.csv,33,45,MI27ER17,MI27ER17,INCLUDED,LB_HB,MSBS,A,LB,baseline,28,1 - stimme überhaupt nicht zu,1,FALSE,FALSE,FALSE,FALSE,FALSE,VALID,
2024,limesurvey_2024_deidentified.csv,33,45,MI27ER17,MI27ER17,INCLUDED,LB_HB,MSBS,A,LB,post,01,3,3,FALSE,FALSE,FALSE,FALSE,FALSE,VALID,
2024,limesurvey_2024_deidentified.csv,33,45,MI27ER17,MI27ER17,INCLUDED,LB_HB,MSBS,A,LB,post,03,3,3,FALSE,FALSE,FALSE,FALSE,FALSE,VALID,
2024,limesurvey_2024_deidentified.csv,33,45,MI27ER17,MI27ER17,INCLUDED,LB_HB,MSBS,A,LB,post,09,1 - stimme überhaupt nicht zu,1,FALSE,FALSE,FALSE,FALSE,FALSE,VALID,
2024,limesurvey_2024_deidentified.csv,33,45,MI27ER17,MI27ER17,INCLUDED,LB_HB,MSBS,A,LB,post,10,2,2,FALSE,FALSE,FALSE,FALSE,FALSE,VALID,
2024,limesurvey_2024_deidentified.csv,33,45,MI27ER17,MI27ER17,INCLUDED,LB_HB,MSBS,A,LB,post,22,2,2,FALSE,FALSE,FALSE,FALSE,FALSE,VALID,
2024,limesurvey_2024_deidentified.csv,33,45,MI27ER17,MI27ER17,INCLUDED,LB_HB,MSBS,A,LB,post,23,2,2,FALSE,FALSE,FALSE,FALSE,FALSE,VALID,
2024,limesurvey_2024_deidentified.csv,33,45,MI27ER17,MI27ER17,INCLUDED,LB_HB,MSBS,A,LB,post,24,1 - stimme überhaupt nicht zu,1,FALSE,FALSE,FALSE,FALSE,FALSE,VALID,
2024,limesurvey_2024_deidentified.csv,33,45,MI27ER17,MI27ER17,INCLUDED,LB_HB,MSBS,A,LB,post,28,2,2,FALSE,FALSE,FALSE,FALSE,FALSE,VALID,
2024,limesurvey_2024_deidentified.csv,33,45,MI27ER17,MI27ER17,INCLUDED,LB_HB,SBPS,,,trait,01,3,3,FALSE,FALSE,FALSE,FALSE,FALSE,VALID,
2024,limesurvey_2024_deidentified.csv,33,45,MI27ER17,MI27ER17,INCLUDED,LB_HB,SBPS,,,trait,02,2,2,FALSE,FALSE,FALSE,FALSE,FALSE,VALID,
2024,limesurvey_2024_deidentified.csv,33,45,MI27ER17,MI27ER17,INCLUDED,LB_HB,SBPS,,,trait,03,2,2,FALSE,FALSE,FALSE,FALSE,FALSE,VALID,
2024,limesurvey_2024_deidentified.csv,33,45,MI27ER17,MI27ER17,INCLUDED,LB_HB,SBPS,,,trait,04,2,2,FALSE,FALSE,FALSE,FALSE,FALSE,VALID,
2024,limesurvey_2024_deidentified.csv,33,45,MI27ER17,MI27ER17,INCLUDED,LB_HB,SBPS,,,trait,05,1 - stimme überhaupt nicht zu,1,FALSE,FALSE,FALSE,FALSE,FALSE,VALID,
2024,limesurvey_2024_deidentified.csv,33,45,MI27ER17,MI27ER17,INCLUDED,LB_HB,SBPS,,,trait,06,2,2,FALSE,FALSE,FALSE,FALSE,FALSE,VALID,
2024,limesurvey_2024_deidentified.csv,33,45,MI27ER17,MI27ER17,INCLUDED,LB_HB,SBPS,,,trait,07,2,2,FALSE,FALSE,FALSE,FALSE,FALSE,VALID,
2024,limesurvey_2024_deidentified.csv,33,45,MI27ER17,MI27ER17,INCLUDED,LB_HB,SBPS,,,trait,08,1 - stimme überhaupt nicht zu,1,FALSE,FALSE,FALSE,FALSE,FALSE,VALID,
2024,limesurvey_2024_deidentified.csv,12,28,nf16ch30,NF16CH30,INCLUDED,LB_HB,MSBS,B,HB,baseline,01,3,3,FALSE,FALSE,FALSE,FALSE,FALSE,VALID,
2024,limesurvey_2024_deidentified.csv,12,28,nf16ch30,NF16CH30,INCLUDED,LB_HB,MSBS,B,HB,baseline,03,2,2,FALSE,FALSE,FALSE,FALSE,FALSE,VALID,
2024,limesurvey_2024_deidentified.csv,12,28,nf16ch30,NF16CH30,INCLUDED,LB_HB,MSBS,B,HB,baseline,09,1 - stimme überhaupt nicht zu,1,FALSE,FALSE,FALSE,FALSE,FALSE,VALID,
2024,limesurvey_2024_deidentified.csv,12,28,nf16ch30,NF16CH30,INCLUDED,LB_HB,MSBS,B,HB,baseline,10,3,3,FALSE,FALSE,FALSE,FALSE,FALSE,VALID,
2024,limesurvey_2024_deidentified.csv,12,28,nf16ch30,NF16CH30,INCLUDED,LB_HB,MSBS,B,HB,baseline,22,2,2,FALSE,FALSE,FALSE,FALSE,FALSE,VALID,
2024,limesurvey_2024_deidentified.csv,12,28,nf16ch30,NF16CH30,INCLUDED,LB_HB,MSBS,B,HB,baseline,23,3,3,FALSE,FALSE,FALSE,FALSE,FALSE,VALID,
2024,limesurvey_2024_deidentified.csv,12,28,nf16ch30,NF16CH30,INCLUDED,LB_HB,MSBS,B,HB,baseline,24,3,3,FALSE,FALSE,FALSE,FALSE,FALSE,VALID,
2024,limesurvey_2024_deidentified.csv,12,28,nf16ch30,NF16CH30,INCLUDED,LB_HB,MSBS,B,HB,baseline,28,2,2,FALSE,FALSE,FALSE,FALSE,FALSE,VALID,
2024,limesurvey_2024_deidentified.csv,12,28,nf16ch30,NF16CH30,INCLUDED,LB_HB,MSBS,B,HB,post,01,4,4,FALSE,FALSE,FALSE,FALSE,FALSE,VALID,
2024,limesurvey_2024_deidentified.csv,12,28,nf16ch30,NF16CH30,INCLUDED,LB_HB,MSBS,B,HB,post,03,4,4,FALSE,FALSE,FALSE,FALSE,FALSE,VALID,
2024,limesurvey_2024_deidentified.csv,12,28,nf16ch30,NF16CH30,INCLUDED,LB_HB,MSBS,B,HB,post,09,2,2,FALSE,FALSE,FALSE,FALSE,FALSE,VALID,
2024,limesurvey_2024_deidentified.csv,12,28,nf16ch30,NF16CH30,INCLUDED,LB_HB,MSBS,B,HB,post,10,5,5,FALSE,FALSE,FALSE,FALSE,FALSE,VALID,
2024,limesurvey_2024_deidentified.csv,12,28,nf16ch30,NF16CH30,INCLUDED,LB_HB,MSBS,B,HB,post,22,3,3,FALSE,FALSE,FALSE,FALSE,FALSE,VALID,
2024,limesurvey_2024_deidentified.csv,12,28,nf16ch30,NF16CH30,INCLUDED,LB_HB,MSBS,B,HB,post,23,3,3,FALSE,FALSE,FALSE,FALSE,FALSE,VALID,
2024,limesurvey_2024_deidentified.csv,12,28,nf16ch30,NF16CH30,INCLUDED,LB_HB,MSBS,B,HB,post,24,2,2,FALSE,FALSE,FALSE,FALSE,FALSE,VALID,
2024,limesurvey_2024_deidentified.csv,12,28,nf16ch30,NF16CH30,INCLUDED,LB_HB,MSBS,B,HB,post,28,4,4,FALSE,FALSE,FALSE,FALSE,FALSE,VALID,
2024,limesurvey_2024_deidentified.csv,12,28,nf16ch30,NF16CH30,INCLUDED,LB_HB,MSBS,A,LB,baseline,01,2,2,FALSE,FALSE,FALSE,FALSE,FALSE,VALID,
2024,limesurvey_2024_deidentified.csv,12,28,nf16ch30,NF16CH30,INCLUDED,LB_HB,MSBS,A,LB,baseline,03,3,3,FALSE,FALSE,FALSE,FALSE,FALSE,VALID,
2024,limesurvey_2024_deidentified.csv,12,28,nf16ch30,NF16CH30,INCLUDED,LB_HB,MSBS,A,LB,baseline,09,2,2,FALSE,FALSE,FALSE,FALSE,FALSE,VALID,
2024,limesurvey_2024_deidentified.csv,12,28,nf16ch30,NF16CH30,INCLUDED,LB_HB,MSBS,A,LB,baseline,10,2,2,FALSE,FALSE,FALSE,FALSE,FALSE,VALID,
2024,limesurvey_2024_deidentified.csv,12,28,nf16ch30,NF16CH30,INCLUDED,LB_HB,MSBS,A,LB,baseline,22,2,2,FALSE,FALSE,FALSE,FALSE,FALSE,VALID,
2024,limesurvey_2024_deidentified.csv,12,28,nf16ch30,NF16CH30,INCLUDED,LB_HB,MSBS,A,LB,baseline,23,2,2,FALSE,FALSE,FALSE,FALSE,FALSE,VALID,
2024,limesurvey_2024_deidentified.csv,12,28,nf16ch30,NF16CH30,INCLUDED,LB_HB,MSBS,A,LB,baseline,24,2,2,FALSE,FALSE,FALSE,FALSE,FALSE,VALID,
2024,limesurvey_2024_deidentified.csv,12,28,nf16ch30,NF16CH30,INCLUDED,LB_HB,MSBS,A,LB,baseline,28,1 - stimme überhaupt nicht zu,1,FALSE,FALSE,FALSE,FALSE,FALSE,VALID,
2024,limesurvey_2024_deidentified.csv,12,28,nf16ch30,NF16CH30,INCLUDED,LB_HB,MSBS,A,LB,post,01,5,5,FALSE,FALSE,FALSE,FALSE,FALSE,VALID,
2024,limesurvey_2024_deidentified.csv,12,28,nf16ch30,NF16CH30,INCLUDED,LB_HB,MSBS,A,LB,post,03,3,3,FALSE,FALSE,FALSE,FALSE,FALSE,VALID,
2024,limesurvey_2024_deidentified.csv,12,28,nf16ch30,NF16CH30,INCLUDED,LB_HB,MSBS,A,LB,post,09,2,2,FALSE,FALSE,FALSE,FALSE,FALSE,VALID,
2024,limesurvey_2024_deidentified.csv,12,28,nf16ch30,NF16CH30,INCLUDED,LB_HB,MSBS,A,LB,post,10,4,4,FALSE,FALSE,FALSE,FALSE,FALSE,VALID,
2024,limesurvey_2024_deidentified.csv,12,28,nf16ch30,NF16CH30,INCLUDED,LB_HB,MSBS,A,LB,post,22,3,3,FALSE,FALSE,FALSE,FALSE,FALSE,VALID,
2024,limesurvey_2024_deidentified.csv,12,28,nf16ch30,NF16CH30,INCLUDED,LB_HB,MSBS,A,LB,post,23,2,2,FALSE,FALSE,FALSE,FALSE,FALSE,VALID,
2024,limesurvey_2024_deidentified.csv,12,28,nf16ch30,NF16CH30,INCLUDED,LB_HB,MSBS,A,LB,post,24,3,3,FALSE,FALSE,FALSE,FALSE,FALSE,VALID,
2024,limesurvey_2024_deidentified.csv,12,28,nf16ch30,NF16CH30,INCLUDED,LB_HB,MSBS,A,LB,post,28,3,3,FALSE,FALSE,FALSE,FALSE,FALSE,VALID,
2024,limesurvey_2024_deidentified.csv,12,28,nf16ch30,NF16CH30,INCLUDED,LB_HB,SBPS,,,trait,01,4,4,FALSE,FALSE,FALSE,FALSE,FALSE,VALID,
2024,limesurvey_2024_deidentified.csv,12,28,nf16ch30,NF16CH30,INCLUDED,LB_HB,SBPS,,,trait,02,2,2,FALSE,FALSE,FALSE,FALSE,FALSE,VALID,
2024,limesurvey_2024_deidentified.csv,12,28,nf16ch30,NF16CH30,INCLUDED,LB_HB,SBPS,,,trait,03,3,3,FALSE,FALSE,FALSE,FALSE,FALSE,VALID,
2024,limesurvey_2024_deidentified.csv,12,28,nf16ch30,NF16CH30,INCLUDED,LB_HB,SBPS,,,trait,04,3,3,FALSE,FALSE,FALSE,FALSE,FALSE,VALID,
2024,limesurvey_2024_deidentified.csv,12,28,nf16ch30,NF16CH30,INCLUDED,LB_HB,SBPS,,,trait,05,2,2,FALSE,FALSE,FALSE,FALSE,FALSE,VALID,
2024,limesurvey_2024_deidentified.csv,12,28,nf16ch30,NF16CH30,INCLUDED,LB_HB,SBPS,,,trait,06,5,5,FALSE,FALSE,FALSE,FALSE,FALSE,VALID,
2024,limesurvey_2024_deidentified.csv,12,28,nf16ch30,NF16CH30,INCLUDED,LB_HB,SBPS,,,trait,07,5,5,FALSE,FALSE,FALSE,FALSE,FALSE,VALID,
2024,limesurvey_2024_deidentified.csv,12,28,nf16ch30,NF16CH30,INCLUDED,LB_HB,SBPS,,,trait,08,2,2,FALSE,FALSE,FALSE,FALSE,FALSE,VALID,
2026,limesurvey_2026_deidentified.csv,26,45,PE16IN18,PE16IN18,INCLUDED,LB_HB,MSBS,B,HB,baseline,01,2,2,FALSE,FALSE,FALSE,FALSE,FALSE,VALID,
2026,limesurvey_2026_deidentified.csv,26,45,PE16IN18,PE16IN18,INCLUDED,LB_HB,MSBS,B,HB,baseline,03,2,2,FALSE,FALSE,FALSE,FALSE,FALSE,VALID,
2026,limesurvey_2026_deidentified.csv,26,45,PE16IN18,PE16IN18,INCLUDED,LB_HB,MSBS,B,HB,baseline,09,2,2,FALSE,FALSE,FALSE,FALSE,FALSE,VALID,
2026,limesurvey_2026_deidentified.csv,26,45,PE16IN18,PE16IN18,INCLUDED,LB_HB,MSBS,B,HB,baseline,10,1 - stimme überhaupt nicht zu,1,FALSE,FALSE,FALSE,FALSE,FALSE,VALID,
2026,limesurvey_2026_deidentified.csv,26,45,PE16IN18,PE16IN18,INCLUDED,LB_HB,MSBS,B,HB,baseline,22,2,2,FALSE,FALSE,FALSE,FALSE,FALSE,VALID,
2026,limesurvey_2026_deidentified.csv,26,45,PE16IN18,PE16IN18,INCLUDED,LB_HB,MSBS,B,HB,baseline,23,2,2,FALSE,FALSE,FALSE,FALSE,FALSE,VALID,
2026,limesurvey_2026_deidentified.csv,26,45,PE16IN18,PE16IN18,INCLUDED,LB_HB,MSBS,B,HB,baseline,24,1 - stimme überhaupt nicht zu,1,FALSE,FALSE,FALSE,FALSE,FALSE,VALID,
2026,limesurvey_2026_deidentified.csv,26,45,PE16IN18,PE16IN18,INCLUDED,LB_HB,MSBS,B,HB,baseline,28,1 - stimme überhaupt nicht zu,1,FALSE,FALSE,FALSE,FALSE,FALSE,VALID,
2026,limesurvey_2026_deidentified.csv,26,45,PE16IN18,PE16IN18,INCLUDED,LB_HB,MSBS,B,HB,post,01,3,3,FALSE,FALSE,FALSE,FALSE,FALSE,VALID,
2026,limesurvey_2026_deidentified.csv,26,45,PE16IN18,PE16IN18,INCLUDED,LB_HB,MSBS,B,HB,post,03,4,4,FALSE,FALSE,FALSE,FALSE,FALSE,VALID,
2026,limesurvey_2026_deidentified.csv,26,45,PE16IN18,PE16IN18,INCLUDED,LB_HB,MSBS,B,HB,post,09,2,2,FALSE,FALSE,FALSE,FALSE,FALSE,VALID,
2026,limesurvey_2026_deidentified.csv,26,45,PE16IN18,PE16IN18,INCLUDED,LB_HB,MSBS,B,HB,post,10,4,4,FALSE,FALSE,FALSE,FALSE,FALSE,VALID,
2026,limesurvey_2026_deidentified.csv,26,45,PE16IN18,PE16IN18,INCLUDED,LB_HB,MSBS,B,HB,post,22,2,2,FALSE,FALSE,FALSE,FALSE,FALSE,VALID,
2026,limesurvey_2026_deidentified.csv,26,45,PE16IN18,PE16IN18,INCLUDED,LB_HB,MSBS,B,HB,post,23,5,5,FALSE,FALSE,FALSE,FALSE,FALSE,VALID,
2026,limesurvey_2026_deidentified.csv,26,45,PE16IN18,PE16IN18,INCLUDED,LB_HB,MSBS,B,HB,post,24,3,3,FALSE,FALSE,FALSE,FALSE,FALSE,VALID,
2026,limesurvey_2026_deidentified.csv,26,45,PE16IN18,PE16IN18,INCLUDED,LB_HB,MSBS,B,HB,post,28,3,3,FALSE,FALSE,FALSE,FALSE,FALSE,VALID,
2026,limesurvey_2026_deidentified.csv,26,45,PE16IN18,PE16IN18,INCLUDED,LB_HB,MSBS,A,LB,baseline,01,1 - stimme überhaupt nicht zu,1,FALSE,FALSE,FALSE,FALSE,FALSE,VALID,
2026,limesurvey_2026_deidentified.csv,26,45,PE16IN18,PE16IN18,INCLUDED,LB_HB,MSBS,A,LB,baseline,03,3,3,FALSE,FALSE,FALSE,FALSE,FALSE,VALID,
2026,limesurvey_2026_deidentified.csv,26,45,PE16IN18,PE16IN18,INCLUDED,LB_HB,MSBS,A,LB,baseline,09,2,2,FALSE,FALSE,FALSE,FALSE,FALSE,VALID,
2026,limesurvey_2026_deidentified.csv,26,45,PE16IN18,PE16IN18,INCLUDED,LB_HB,MSBS,A,LB,baseline,10,2,2,FALSE,FALSE,FALSE,FALSE,FALSE,VALID,
2026,limesurvey_2026_deidentified.csv,26,45,PE16IN18,PE16IN18,INCLUDED,LB_HB,MSBS,A,LB,baseline,22,3,3,FALSE,FALSE,FALSE,FALSE,FALSE,VALID,
2026,limesurvey_2026_deidentified.csv,26,45,PE16IN18,PE16IN18,INCLUDED,LB_HB,MSBS,A,LB,baseline,23,2,2,FALSE,FALSE,FALSE,FALSE,FALSE,VALID,
2026,limesurvey_2026_deidentified.csv,26,45,PE16IN18,PE16IN18,INCLUDED,LB_HB,MSBS,A,LB,baseline,24,2,2,FALSE,FALSE,FALSE,FALSE,FALSE,VALID,
2026,limesurvey_2026_deidentified.csv,26,45,PE16IN18,PE16IN18,INCLUDED,LB_HB,MSBS,A,LB,baseline,28,2,2,FALSE,FALSE,FALSE,FALSE,FALSE,VALID,
2026,limesurvey_2026_deidentified.csv,26,45,PE16IN18,PE16IN18,INCLUDED,LB_HB,MSBS,A,LB,post,01,3,3,FALSE,FALSE,FALSE,FALSE,FALSE,VALID,
2026,limesurvey_2026_deidentified.csv,26,45,PE16IN18,PE16IN18,INCLUDED,LB_HB,MSBS,A,LB,post,03,4,4,FALSE,FALSE,FALSE,FALSE,FALSE,VALID,
2026,limesurvey_2026_deidentified.csv,26,45,PE16IN18,PE16IN18,INCLUDED,LB_HB,MSBS,A,LB,post,09,2,2,FALSE,FALSE,FALSE,FALSE,FALSE,VALID,
2026,limesurvey_2026_deidentified.csv,26,45,PE16IN18,PE16IN18,INCLUDED,LB_HB,MSBS,A,LB,post,10,2,2,FALSE,FALSE,FALSE,FALSE,FALSE,VALID,
2026,limesurvey_2026_deidentified.csv,26,45,PE16IN18,PE16IN18,INCLUDED,LB_HB,MSBS,A,LB,post,22,2,2,FALSE,FALSE,FALSE,FALSE,FALSE,VALID,
2026,limesurvey_2026_deidentified.csv,26,45,PE16IN18,PE16IN18,INCLUDED,LB_HB,MSBS,A,LB,post,23,2,2,FALSE,FALSE,FALSE,FALSE,FALSE,VALID,
2026,limesurvey_2026_deidentified.csv,26,45,PE16IN18,PE16IN18,INCLUDED,LB_HB,MSBS,A,LB,post,24,2,2,FALSE,FALSE,FALSE,FALSE,FALSE,VALID,
2026,limesurvey_2026_deidentified.csv,26,45,PE16IN18,PE16IN18,INCLUDED,LB_HB,MSBS,A,LB,post,28,3,3,FALSE,FALSE,FALSE,FALSE,FALSE,VALID,
2026,limesurvey_2026_deidentified.csv,26,45,PE16IN18,PE16IN18,INCLUDED,LB_HB,SBPS,,,trait,01,3,3,FALSE,FALSE,FALSE,FALSE,FALSE,VALID,
2026,limesurvey_2026_deidentified.csv,26,45,PE16IN18,PE16IN18,INCLUDED,LB_HB,SBPS,,,trait,02,1 - stimme überhaupt nicht zu,1,FALSE,FALSE,FALSE,FALSE,FALSE,VALID,
2026,limesurvey_2026_deidentified.csv,26,45,PE16IN18,PE16IN18,INCLUDED,LB_HB,SBPS,,,trait,03,3,3,FALSE,FALSE,FALSE,FALSE,FALSE,VALID,
2026,limesurvey_2026_deidentified.csv,26,45,PE16IN18,PE16IN18,INCLUDED,LB_HB,SBPS,,,trait,04,2,2,FALSE,FALSE,FALSE,FALSE,FALSE,VALID,
2026,limesurvey_2026_deidentified.csv,26,45,PE16IN18,PE16IN18,INCLUDED,LB_HB,SBPS,,,trait,05,2,2,FALSE,FALSE,FALSE,FALSE,FALSE,VALID,
2026,limesurvey_2026_deidentified.csv,26,45,PE16IN18,PE16IN18,INCLUDED,LB_HB,SBPS,,,trait,06,1 - stimme überhaupt nicht zu,1,FALSE,FALSE,FALSE,FALSE,FALSE,VALID,
2026,limesurvey_2026_deidentified.csv,26,45,PE16IN18,PE16IN18,INCLUDED,LB_HB,SBPS,,,trait,07,1 - stimme überhaupt nicht zu,1,FALSE,FALSE,FALSE,FALSE,FALSE,VALID,
2026,limesurvey_2026_deidentified.csv,26,45,PE16IN18,PE16IN18,INCLUDED,LB_HB,SBPS,,,trait,08,1 - stimme überhaupt nicht zu,1,FALSE,FALSE,FALSE,FALSE,FALSE,VALID,
2026,limesurvey_2026_deidentified.csv,32,51,RE13ON18,RE13ON18,INCLUDED,HB_LB,MSBS,A,HB,baseline,01,1 - stimme überhaupt nicht zu,1,FALSE,FALSE,FALSE,FALSE,FALSE,VALID,
2026,limesurvey_2026_deidentified.csv,32,51,RE13ON18,RE13ON18,INCLUDED,HB_LB,MSBS,A,HB,baseline,03,2,2,FALSE,FALSE,FALSE,FALSE,FALSE,VALID,
2026,limesurvey_2026_deidentified.csv,32,51,RE13ON18,RE13ON18,INCLUDED,HB_LB,MSBS,A,HB,baseline,09,4,4,FALSE,FALSE,FALSE,FALSE,FALSE,VALID,
2026,limesurvey_2026_deidentified.csv,32,51,RE13ON18,RE13ON18,INCLUDED,HB_LB,MSBS,A,HB,baseline,10,1 - stimme überhaupt nicht zu,1,FALSE,FALSE,FALSE,FALSE,FALSE,VALID,
2026,limesurvey_2026_deidentified.csv,32,51,RE13ON18,RE13ON18,INCLUDED,HB_LB,MSBS,A,HB,baseline,22,2,2,FALSE,FALSE,FALSE,FALSE,FALSE,VALID,
2026,limesurvey_2026_deidentified.csv,32,51,RE13ON18,RE13ON18,INCLUDED,HB_LB,MSBS,A,HB,baseline,23,1 - stimme überhaupt nicht zu,1,FALSE,FALSE,FALSE,FALSE,FALSE,VALID,
2026,limesurvey_2026_deidentified.csv,32,51,RE13ON18,RE13ON18,INCLUDED,HB_LB,MSBS,A,HB,baseline,24,1 - stimme überhaupt nicht zu,1,FALSE,FALSE,FALSE,FALSE,FALSE,VALID,
2026,limesurvey_2026_deidentified.csv,32,51,RE13ON18,RE13ON18,INCLUDED,HB_LB,MSBS,A,HB,baseline,28,1 - stimme überhaupt nicht zu,1,FALSE,FALSE,FALSE,FALSE,FALSE,VALID,
2026,limesurvey_2026_deidentified.csv,32,51,RE13ON18,RE13ON18,INCLUDED,HB_LB,MSBS,A,HB,post,01,5,5,FALSE,FALSE,FALSE,FALSE,FALSE,VALID,
2026,limesurvey_2026_deidentified.csv,32,51,RE13ON18,RE13ON18,INCLUDED,HB_LB,MSBS,A,HB,post,03,5,5,FALSE,FALSE,FALSE,FALSE,FALSE,VALID,
2026,limesurvey_2026_deidentified.csv,32,51,RE13ON18,RE13ON18,INCLUDED,HB_LB,MSBS,A,HB,post,09,1 - stimme überhaupt nicht zu,1,FALSE,FALSE,FALSE,FALSE,FALSE,VALID,
2026,limesurvey_2026_deidentified.csv,32,51,RE13ON18,RE13ON18,INCLUDED,HB_LB,MSBS,A,HB,post,10,4,4,FALSE,FALSE,FALSE,FALSE,FALSE,VALID,
2026,limesurvey_2026_deidentified.csv,32,51,RE13ON18,RE13ON18,INCLUDED,HB_LB,MSBS,A,HB,post,22,2,2,FALSE,FALSE,FALSE,FALSE,FALSE,VALID,
2026,limesurvey_2026_deidentified.csv,32,51,RE13ON18,RE13ON18,INCLUDED,HB_LB,MSBS,A,HB,post,23,2,2,FALSE,FALSE,FALSE,FALSE,FALSE,VALID,
2026,limesurvey_2026_deidentified.csv,32,51,RE13ON18,RE13ON18,INCLUDED,HB_LB,MSBS,A,HB,post,24,4,4,FALSE,FALSE,FALSE,FALSE,FALSE,VALID,
2026,limesurvey_2026_deidentified.csv,32,51,RE13ON18,RE13ON18,INCLUDED,HB_LB,MSBS,A,HB,post,28,2,2,FALSE,FALSE,FALSE,FALSE,FALSE,VALID,
2026,limesurvey_2026_deidentified.csv,32,51,RE13ON18,RE13ON18,INCLUDED,HB_LB,MSBS,B,LB,baseline,01,2,2,FALSE,FALSE,FALSE,FALSE,FALSE,VALID,
2026,limesurvey_2026_deidentified.csv,32,51,RE13ON18,RE13ON18,INCLUDED,HB_LB,MSBS,B,LB,baseline,03,1 - stimme überhaupt nicht zu,1,FALSE,FALSE,FALSE,FALSE,FALSE,VALID,
2026,limesurvey_2026_deidentified.csv,32,51,RE13ON18,RE13ON18,INCLUDED,HB_LB,MSBS,B,LB,baseline,09,1 - stimme überhaupt nicht zu,1,FALSE,FALSE,FALSE,FALSE,FALSE,VALID,
2026,limesurvey_2026_deidentified.csv,32,51,RE13ON18,RE13ON18,INCLUDED,HB_LB,MSBS,B,LB,baseline,10,2,2,FALSE,FALSE,FALSE,FALSE,FALSE,VALID,
2026,limesurvey_2026_deidentified.csv,32,51,RE13ON18,RE13ON18,INCLUDED,HB_LB,MSBS,B,LB,baseline,22,2,2,FALSE,FALSE,FALSE,FALSE,FALSE,VALID,
2026,limesurvey_2026_deidentified.csv,32,51,RE13ON18,RE13ON18,INCLUDED,HB_LB,MSBS,B,LB,baseline,23,1 - stimme überhaupt nicht zu,1,FALSE,FALSE,FALSE,FALSE,FALSE,VALID,
2026,limesurvey_2026_deidentified.csv,32,51,RE13ON18,RE13ON18,INCLUDED,HB_LB,MSBS,B,LB,baseline,24,1 - stimme überhaupt nicht zu,1,FALSE,FALSE,FALSE,FALSE,FALSE,VALID,
2026,limesurvey_2026_deidentified.csv,32,51,RE13ON18,RE13ON18,INCLUDED,HB_LB,MSBS,B,LB,baseline,28,1 - stimme überhaupt nicht zu,1,FALSE,FALSE,FALSE,FALSE,FALSE,VALID,
2026,limesurvey_2026_deidentified.csv,32,51,RE13ON18,RE13ON18,INCLUDED,HB_LB,MSBS,B,LB,post,01,4,4,FALSE,FALSE,FALSE,FALSE,FALSE,VALID,
2026,limesurvey_2026_deidentified.csv,32,51,RE13ON18,RE13ON18,INCLUDED,HB_LB,MSBS,B,LB,post,03,4,4,FALSE,FALSE,FALSE,FALSE,FALSE,VALID,
2026,limesurvey_2026_deidentified.csv,32,51,RE13ON18,RE13ON18,INCLUDED,HB_LB,MSBS,B,LB,post,09,1 - stimme überhaupt nicht zu,1,FALSE,FALSE,FALSE,FALSE,FALSE,VALID,
2026,limesurvey_2026_deidentified.csv,32,51,RE13ON18,RE13ON18,INCLUDED,HB_LB,MSBS,B,LB,post,10,5,5,FALSE,FALSE,FALSE,FALSE,FALSE,VALID,
2026,limesurvey_2026_deidentified.csv,32,51,RE13ON18,RE13ON18,INCLUDED,HB_LB,MSBS,B,LB,post,22,2,2,FALSE,FALSE,FALSE,FALSE,FALSE,VALID,
2026,limesurvey_2026_deidentified.csv,32,51,RE13ON18,RE13ON18,INCLUDED,HB_LB,MSBS,B,LB,post,23,2,2,FALSE,FALSE,FALSE,FALSE,FALSE,VALID,
2026,limesurvey_2026_deidentified.csv,32,51,RE13ON18,RE13ON18,INCLUDED,HB_LB,MSBS,B,LB,post,24,2,2,FALSE,FALSE,FALSE,FALSE,FALSE,VALID,
2026,limesurvey_2026_deidentified.csv,32,51,RE13ON18,RE13ON18,INCLUDED,HB_LB,MSBS,B,LB,post,28,3,3,FALSE,FALSE,FALSE,FALSE,FALSE,VALID,
2026,limesurvey_2026_deidentified.csv,32,51,RE13ON18,RE13ON18,INCLUDED,HB_LB,SBPS,,,trait,01,1 - stimme überhaupt nicht zu,1,FALSE,FALSE,FALSE,FALSE,FALSE,VALID,
2026,limesurvey_2026_deidentified.csv,32,51,RE13ON18,RE13ON18,INCLUDED,HB_LB,SBPS,,,trait,02,1 - stimme überhaupt nicht zu,1,FALSE,FALSE,FALSE,FALSE,FALSE,VALID,
2026,limesurvey_2026_deidentified.csv,32,51,RE13ON18,RE13ON18,INCLUDED,HB_LB,SBPS,,,trait,03,2,2,FALSE,FALSE,FALSE,FALSE,FALSE,VALID,
2026,limesurvey_2026_deidentified.csv,32,51,RE13ON18,RE13ON18,INCLUDED,HB_LB,SBPS,,,trait,04,5,5,FALSE,FALSE,FALSE,FALSE,FALSE,VALID,
2026,limesurvey_2026_deidentified.csv,32,51,RE13ON18,RE13ON18,INCLUDED,HB_LB,SBPS,,,trait,05,2,2,FALSE,FALSE,FALSE,FALSE,FALSE,VALID,
2026,limesurvey_2026_deidentified.csv,32,51,RE13ON18,RE13ON18,INCLUDED,HB_LB,SBPS,,,trait,06,3,3,FALSE,FALSE,FALSE,FALSE,FALSE,VALID,
2026,limesurvey_2026_deidentified.csv,32,51,RE13ON18,RE13ON18,INCLUDED,HB_LB,SBPS,,,trait,07,3,3,FALSE,FALSE,FALSE,FALSE,FALSE,VALID,
2026,limesurvey_2026_deidentified.csv,32,51,RE13ON18,RE13ON18,INCLUDED,HB_LB,SBPS,,,trait,08,1 - stimme überhaupt nicht zu,1,FALSE,FALSE,FALSE,FALSE,FALSE,VALID,
2024,limesurvey_2024_deidentified.csv,27,39,SA09OR12,SA09OR12,INCLUDED,LB_HB,MSBS,B,HB,baseline,01,2,2,FALSE,FALSE,FALSE,FALSE,FALSE,VALID,
2024,limesurvey_2024_deidentified.csv,27,39,SA09OR12,SA09OR12,INCLUDED,LB_HB,MSBS,B,HB,baseline,03,4,4,FALSE,FALSE,FALSE,FALSE,FALSE,VALID,
2024,limesurvey_2024_deidentified.csv,27,39,SA09OR12,SA09OR12,INCLUDED,LB_HB,MSBS,B,HB,baseline,09,6,6,FALSE,FALSE,FALSE,FALSE,FALSE,VALID,
2024,limesurvey_2024_deidentified.csv,27,39,SA09OR12,SA09OR12,INCLUDED,LB_HB,MSBS,B,HB,baseline,10,4,4,FALSE,FALSE,FALSE,FALSE,FALSE,VALID,
2024,limesurvey_2024_deidentified.csv,27,39,SA09OR12,SA09OR12,INCLUDED,LB_HB,MSBS,B,HB,baseline,22,5,5,FALSE,FALSE,FALSE,FALSE,FALSE,VALID,
2024,limesurvey_2024_deidentified.csv,27,39,SA09OR12,SA09OR12,INCLUDED,LB_HB,MSBS,B,HB,baseline,23,2,2,FALSE,FALSE,FALSE,FALSE,FALSE,VALID,
2024,limesurvey_2024_deidentified.csv,27,39,SA09OR12,SA09OR12,INCLUDED,LB_HB,MSBS,B,HB,baseline,24,6,6,FALSE,FALSE,FALSE,FALSE,FALSE,VALID,
2024,limesurvey_2024_deidentified.csv,27,39,SA09OR12,SA09OR12,INCLUDED,LB_HB,MSBS,B,HB,baseline,28,6,6,FALSE,FALSE,FALSE,FALSE,FALSE,VALID,
2024,limesurvey_2024_deidentified.csv,27,39,SA09OR12,SA09OR12,INCLUDED,LB_HB,MSBS,B,HB,post,01,3,3,FALSE,FALSE,FALSE,FALSE,FALSE,VALID,
2024,limesurvey_2024_deidentified.csv,27,39,SA09OR12,SA09OR12,INCLUDED,LB_HB,MSBS,B,HB,post,03,3,3,FALSE,FALSE,FALSE,FALSE,FALSE,VALID,
2024,limesurvey_2024_deidentified.csv,27,39,SA09OR12,SA09OR12,INCLUDED,LB_HB,MSBS,B,HB,post,09,5,5,FALSE,FALSE,FALSE,FALSE,FALSE,VALID,
2024,limesurvey_2024_deidentified.csv,27,39,SA09OR12,SA09OR12,INCLUDED,LB_HB,MSBS,B,HB,post,10,3,3,FALSE,FALSE,FALSE,FALSE,FALSE,VALID,
2024,limesurvey_2024_deidentified.csv,27,39,SA09OR12,SA09OR12,INCLUDED,LB_HB,MSBS,B,HB,post,22,3,3,FALSE,FALSE,FALSE,FALSE,FALSE,VALID,
2024,limesurvey_2024_deidentified.csv,27,39,SA09OR12,SA09OR12,INCLUDED,LB_HB,MSBS,B,HB,post,23,2,2,FALSE,FALSE,FALSE,FALSE,FALSE,VALID,
2024,limesurvey_2024_deidentified.csv,27,39,SA09OR12,SA09OR12,INCLUDED,LB_HB,MSBS,B,HB,post,24,6,6,FALSE,FALSE,FALSE,FALSE,FALSE,VALID,
2024,limesurvey_2024_deidentified.csv,27,39,SA09OR12,SA09OR12,INCLUDED,LB_HB,MSBS,B,HB,post,28,2,2,FALSE,FALSE,FALSE,FALSE,FALSE,VALID,
2024,limesurvey_2024_deidentified.csv,27,39,SA09OR12,SA09OR12,INCLUDED,LB_HB,MSBS,A,LB,baseline,01,4,4,FALSE,FALSE,FALSE,FALSE,FALSE,VALID,
2024,limesurvey_2024_deidentified.csv,27,39,SA09OR12,SA09OR12,INCLUDED,LB_HB,MSBS,A,LB,baseline,03,2,2,FALSE,FALSE,FALSE,FALSE,FALSE,VALID,
2024,limesurvey_2024_deidentified.csv,27,39,SA09OR12,SA09OR12,INCLUDED,LB_HB,MSBS,A,LB,baseline,09,1 - stimme überhaupt nicht zu,1,FALSE,FALSE,FALSE,FALSE,FALSE,VALID,
2024,limesurvey_2024_deidentified.csv,27,39,SA09OR12,SA09OR12,INCLUDED,LB_HB,MSBS,A,LB,baseline,10,5,5,FALSE,FALSE,FALSE,FALSE,FALSE,VALID,
2024,limesurvey_2024_deidentified.csv,27,39,SA09OR12,SA09OR12,INCLUDED,LB_HB,MSBS,A,LB,baseline,22,5,5,FALSE,FALSE,FALSE,FALSE,FALSE,VALID,
2024,limesurvey_2024_deidentified.csv,27,39,SA09OR12,SA09OR12,INCLUDED,LB_HB,MSBS,A,LB,baseline,23,2,2,FALSE,FALSE,FALSE,FALSE,FALSE,VALID,
2024,limesurvey_2024_deidentified.csv,27,39,SA09OR12,SA09OR12,INCLUDED,LB_HB,MSBS,A,LB,baseline,24,5,5,FALSE,FALSE,FALSE,FALSE,FALSE,VALID,
2024,limesurvey_2024_deidentified.csv,27,39,SA09OR12,SA09OR12,INCLUDED,LB_HB,MSBS,A,LB,baseline,28,2,2,FALSE,FALSE,FALSE,FALSE,FALSE,VALID,
2024,limesurvey_2024_deidentified.csv,27,39,SA09OR12,SA09OR12,INCLUDED,LB_HB,MSBS,A,LB,post,01,3,3,FALSE,FALSE,FALSE,FALSE,FALSE,VALID,
2024,limesurvey_2024_deidentified.csv,27,39,SA09OR12,SA09OR12,INCLUDED,LB_HB,MSBS,A,LB,post,03,3,3,FALSE,FALSE,FALSE,FALSE,FALSE,VALID,
2024,limesurvey_2024_deidentified.csv,27,39,SA09OR12,SA09OR12,INCLUDED,LB_HB,MSBS,A,LB,post,09,1 - stimme überhaupt nicht zu,1,FALSE,FALSE,FALSE,FALSE,FALSE,VALID,
2024,limesurvey_2024_deidentified.csv,27,39,SA09OR12,SA09OR12,INCLUDED,LB_HB,MSBS,A,LB,post,10,2,2,FALSE,FALSE,FALSE,FALSE,FALSE,VALID,
2024,limesurvey_2024_deidentified.csv,27,39,SA09OR12,SA09OR12,INCLUDED,LB_HB,MSBS,A,LB,post,22,3,3,FALSE,FALSE,FALSE,FALSE,FALSE,VALID,
2024,limesurvey_2024_deidentified.csv,27,39,SA09OR12,SA09OR12,INCLUDED,LB_HB,MSBS,A,LB,post,23,2,2,FALSE,FALSE,FALSE,FALSE,FALSE,VALID,
2024,limesurvey_2024_deidentified.csv,27,39,SA09OR12,SA09OR12,INCLUDED,LB_HB,MSBS,A,LB,post,24,5,5,FALSE,FALSE,FALSE,FALSE,FALSE,VALID,
2024,limesurvey_2024_deidentified.csv,27,39,SA09OR12,SA09OR12,INCLUDED,LB_HB,MSBS,A,LB,post,28,2,2,FALSE,FALSE,FALSE,FALSE,FALSE,VALID,
2024,limesurvey_2024_deidentified.csv,27,39,SA09OR12,SA09OR12,INCLUDED,LB_HB,SBPS,,,trait,01,2,2,FALSE,FALSE,FALSE,FALSE,FALSE,VALID,
2024,limesurvey_2024_deidentified.csv,27,39,SA09OR12,SA09OR12,INCLUDED,LB_HB,SBPS,,,trait,02,2,2,FALSE,FALSE,FALSE,FALSE,FALSE,VALID,
2024,limesurvey_2024_deidentified.csv,27,39,SA09OR12,SA09OR12,INCLUDED,LB_HB,SBPS,,,trait,03,6,6,FALSE,FALSE,FALSE,FALSE,FALSE,VALID,
2024,limesurvey_2024_deidentified.csv,27,39,SA09OR12,SA09OR12,INCLUDED,LB_HB,SBPS,,,trait,04,2,2,FALSE,FALSE,FALSE,FALSE,FALSE,VALID,
2024,limesurvey_2024_deidentified.csv,27,39,SA09OR12,SA09OR12,INCLUDED,LB_HB,SBPS,,,trait,05,2,2,FALSE,FALSE,FALSE,FALSE,FALSE,VALID,
2024,limesurvey_2024_deidentified.csv,27,39,SA09OR12,SA09OR12,INCLUDED,LB_HB,SBPS,,,trait,06,2,2,FALSE,FALSE,FALSE,FALSE,FALSE,VALID,
2024,limesurvey_2024_deidentified.csv,27,39,SA09OR12,SA09OR12,INCLUDED,LB_HB,SBPS,,,trait,07,1 - stimme überhaupt nicht zu,1,FALSE,FALSE,FALSE,FALSE,FALSE,VALID,
2024,limesurvey_2024_deidentified.csv,27,39,SA09OR12,SA09OR12,INCLUDED,LB_HB,SBPS,,,trait,08,2,2,FALSE,FALSE,FALSE,FALSE,FALSE,VALID,
2024,limesurvey_2024_deidentified.csv,36,48,SI21ÜR22,SI21ÜR22,INCLUDED,HB_LB,MSBS,A,HB,baseline,01,1 - stimme überhaupt nicht zu,1,FALSE,FALSE,FALSE,FALSE,FALSE,VALID,
2024,limesurvey_2024_deidentified.csv,36,48,SI21ÜR22,SI21ÜR22,INCLUDED,HB_LB,MSBS,A,HB,baseline,03,6,6,FALSE,FALSE,FALSE,FALSE,FALSE,VALID,
2024,limesurvey_2024_deidentified.csv,36,48,SI21ÜR22,SI21ÜR22,INCLUDED,HB_LB,MSBS,A,HB,baseline,09,1 - stimme überhaupt nicht zu,1,FALSE,FALSE,FALSE,FALSE,FALSE,VALID,
2024,limesurvey_2024_deidentified.csv,36,48,SI21ÜR22,SI21ÜR22,INCLUDED,HB_LB,MSBS,A,HB,baseline,10,1 - stimme überhaupt nicht zu,1,FALSE,FALSE,FALSE,FALSE,FALSE,VALID,
2024,limesurvey_2024_deidentified.csv,36,48,SI21ÜR22,SI21ÜR22,INCLUDED,HB_LB,MSBS,A,HB,baseline,22,3,3,FALSE,FALSE,FALSE,FALSE,FALSE,VALID,
2024,limesurvey_2024_deidentified.csv,36,48,SI21ÜR22,SI21ÜR22,INCLUDED,HB_LB,MSBS,A,HB,baseline,23,5,5,FALSE,FALSE,FALSE,FALSE,FALSE,VALID,
2024,limesurvey_2024_deidentified.csv,36,48,SI21ÜR22,SI21ÜR22,INCLUDED,HB_LB,MSBS,A,HB,baseline,24,1 - stimme überhaupt nicht zu,1,FALSE,FALSE,FALSE,FALSE,FALSE,VALID,
2024,limesurvey_2024_deidentified.csv,36,48,SI21ÜR22,SI21ÜR22,INCLUDED,HB_LB,MSBS,A,HB,baseline,28,1 - stimme überhaupt nicht zu,1,FALSE,FALSE,FALSE,FALSE,FALSE,VALID,
2024,limesurvey_2024_deidentified.csv,36,48,SI21ÜR22,SI21ÜR22,INCLUDED,HB_LB,MSBS,A,HB,post,01,5,5,FALSE,FALSE,FALSE,FALSE,FALSE,VALID,
2024,limesurvey_2024_deidentified.csv,36,48,SI21ÜR22,SI21ÜR22,INCLUDED,HB_LB,MSBS,A,HB,post,03,4,4,FALSE,FALSE,FALSE,FALSE,FALSE,VALID,
2024,limesurvey_2024_deidentified.csv,36,48,SI21ÜR22,SI21ÜR22,INCLUDED,HB_LB,MSBS,A,HB,post,09,1 - stimme überhaupt nicht zu,1,FALSE,FALSE,FALSE,FALSE,FALSE,VALID,
2024,limesurvey_2024_deidentified.csv,36,48,SI21ÜR22,SI21ÜR22,INCLUDED,HB_LB,MSBS,A,HB,post,10,4,4,FALSE,FALSE,FALSE,FALSE,FALSE,VALID,
2024,limesurvey_2024_deidentified.csv,36,48,SI21ÜR22,SI21ÜR22,INCLUDED,HB_LB,MSBS,A,HB,post,22,1 - stimme überhaupt nicht zu,1,FALSE,FALSE,FALSE,FALSE,FALSE,VALID,
2024,limesurvey_2024_deidentified.csv,36,48,SI21ÜR22,SI21ÜR22,INCLUDED,HB_LB,MSBS,A,HB,post,23,4,4,FALSE,FALSE,FALSE,FALSE,FALSE,VALID,
2024,limesurvey_2024_deidentified.csv,36,48,SI21ÜR22,SI21ÜR22,INCLUDED,HB_LB,MSBS,A,HB,post,24,6,6,FALSE,FALSE,FALSE,FALSE,FALSE,VALID,
2024,limesurvey_2024_deidentified.csv,36,48,SI21ÜR22,SI21ÜR22,INCLUDED,HB_LB,MSBS,A,HB,post,28,2,2,FALSE,FALSE,FALSE,FALSE,FALSE,VALID,
2024,limesurvey_2024_deidentified.csv,36,48,SI21ÜR22,SI21ÜR22,INCLUDED,HB_LB,MSBS,B,LB,baseline,01,1 - stimme überhaupt nicht zu,1,FALSE,FALSE,FALSE,FALSE,FALSE,VALID,
2024,limesurvey_2024_deidentified.csv,36,48,SI21ÜR22,SI21ÜR22,INCLUDED,HB_LB,MSBS,B,LB,baseline,03,2,2,FALSE,FALSE,FALSE,FALSE,FALSE,VALID,
2024,limesurvey_2024_deidentified.csv,36,48,SI21ÜR22,SI21ÜR22,INCLUDED,HB_LB,MSBS,B,LB,baseline,09,1 - stimme überhaupt nicht zu,1,FALSE,FALSE,FALSE,FALSE,FALSE,VALID,
2024,limesurvey_2024_deidentified.csv,36,48,SI21ÜR22,SI21ÜR22,INCLUDED,HB_LB,MSBS,B,LB,baseline,10,1 - stimme überhaupt nicht zu,1,FALSE,FALSE,FALSE,FALSE,FALSE,VALID,
2024,limesurvey_2024_deidentified.csv,36,48,SI21ÜR22,SI21ÜR22,INCLUDED,HB_LB,MSBS,B,LB,baseline,22,1 - stimme überhaupt nicht zu,1,FALSE,FALSE,FALSE,FALSE,FALSE,VALID,
2024,limesurvey_2024_deidentified.csv,36,48,SI21ÜR22,SI21ÜR22,INCLUDED,HB_LB,MSBS,B,LB,baseline,23,2,2,FALSE,FALSE,FALSE,FALSE,FALSE,VALID,
2024,limesurvey_2024_deidentified.csv,36,48,SI21ÜR22,SI21ÜR22,INCLUDED,HB_LB,MSBS,B,LB,baseline,24,4,4,FALSE,FALSE,FALSE,FALSE,FALSE,VALID,
2024,limesurvey_2024_deidentified.csv,36,48,SI21ÜR22,SI21ÜR22,INCLUDED,HB_LB,MSBS,B,LB,baseline,28,1 - stimme überhaupt nicht zu,1,FALSE,FALSE,FALSE,FALSE,FALSE,VALID,
2024,limesurvey_2024_deidentified.csv,36,48,SI21ÜR22,SI21ÜR22,INCLUDED,HB_LB,MSBS,B,LB,post,01,5,5,FALSE,FALSE,FALSE,FALSE,FALSE,VALID,
2024,limesurvey_2024_deidentified.csv,36,48,SI21ÜR22,SI21ÜR22,INCLUDED,HB_LB,MSBS,B,LB,post,03,4,4,FALSE,FALSE,FALSE,FALSE,FALSE,VALID,
2024,limesurvey_2024_deidentified.csv,36,48,SI21ÜR22,SI21ÜR22,INCLUDED,HB_LB,MSBS,B,LB,post,09,1 - stimme überhaupt nicht zu,1,FALSE,FALSE,FALSE,FALSE,FALSE,VALID,
2024,limesurvey_2024_deidentified.csv,36,48,SI21ÜR22,SI21ÜR22,INCLUDED,HB_LB,MSBS,B,LB,post,10,5,5,FALSE,FALSE,FALSE,FALSE,FALSE,VALID,
2024,limesurvey_2024_deidentified.csv,36,48,SI21ÜR22,SI21ÜR22,INCLUDED,HB_LB,MSBS,B,LB,post,22,1 - stimme überhaupt nicht zu,1,FALSE,FALSE,FALSE,FALSE,FALSE,VALID,
2024,limesurvey_2024_deidentified.csv,36,48,SI21ÜR22,SI21ÜR22,INCLUDED,HB_LB,MSBS,B,LB,post,23,4,4,FALSE,FALSE,FALSE,FALSE,FALSE,VALID,
2024,limesurvey_2024_deidentified.csv,36,48,SI21ÜR22,SI21ÜR22,INCLUDED,HB_LB,MSBS,B,LB,post,24,6,6,FALSE,FALSE,FALSE,FALSE,FALSE,VALID,
2024,limesurvey_2024_deidentified.csv,36,48,SI21ÜR22,SI21ÜR22,INCLUDED,HB_LB,MSBS,B,LB,post,28,1 - stimme überhaupt nicht zu,1,FALSE,FALSE,FALSE,FALSE,FALSE,VALID,
2024,limesurvey_2024_deidentified.csv,36,48,SI21ÜR22,SI21ÜR22,INCLUDED,HB_LB,SBPS,,,trait,01,3,3,FALSE,FALSE,FALSE,FALSE,FALSE,VALID,
2024,limesurvey_2024_deidentified.csv,36,48,SI21ÜR22,SI21ÜR22,INCLUDED,HB_LB,SBPS,,,trait,02,1 - stimme überhaupt nicht zu,1,FALSE,FALSE,FALSE,FALSE,FALSE,VALID,
2024,limesurvey_2024_deidentified.csv,36,48,SI21ÜR22,SI21ÜR22,INCLUDED,HB_LB,SBPS,,,trait,03,1 - stimme überhaupt nicht zu,1,FALSE,FALSE,FALSE,FALSE,FALSE,VALID,
2024,limesurvey_2024_deidentified.csv,36,48,SI21ÜR22,SI21ÜR22,INCLUDED,HB_LB,SBPS,,,trait,04,1 - stimme überhaupt nicht zu,1,FALSE,FALSE,FALSE,FALSE,FALSE,VALID,
2024,limesurvey_2024_deidentified.csv,36,48,SI21ÜR22,SI21ÜR22,INCLUDED,HB_LB,SBPS,,,trait,05,1 - stimme überhaupt nicht zu,1,FALSE,FALSE,FALSE,FALSE,FALSE,VALID,
2024,limesurvey_2024_deidentified.csv,36,48,SI21ÜR22,SI21ÜR22,INCLUDED,HB_LB,SBPS,,,trait,06,2,2,FALSE,FALSE,FALSE,FALSE,FALSE,VALID,
2024,limesurvey_2024_deidentified.csv,36,48,SI21ÜR22,SI21ÜR22,INCLUDED,HB_LB,SBPS,,,trait,07,3,3,FALSE,FALSE,FALSE,FALSE,FALSE,VALID,
2024,limesurvey_2024_deidentified.csv,36,48,SI21ÜR22,SI21ÜR22,INCLUDED,HB_LB,SBPS,,,trait,08,1 - stimme überhaupt nicht zu,1,FALSE,FALSE,FALSE,FALSE,FALSE,VALID,
2024,limesurvey_2024_deidentified.csv,23,37,SI22IE06,SI22IE06,INCLUDED,LB_HB,MSBS,B,HB,baseline,01,2,2,FALSE,FALSE,FALSE,FALSE,FALSE,VALID,
2024,limesurvey_2024_deidentified.csv,23,37,SI22IE06,SI22IE06,INCLUDED,LB_HB,MSBS,B,HB,baseline,03,2,2,FALSE,FALSE,FALSE,FALSE,FALSE,VALID,
2024,limesurvey_2024_deidentified.csv,23,37,SI22IE06,SI22IE06,INCLUDED,LB_HB,MSBS,B,HB,baseline,09,2,2,FALSE,FALSE,FALSE,FALSE,FALSE,VALID,
2024,limesurvey_2024_deidentified.csv,23,37,SI22IE06,SI22IE06,INCLUDED,LB_HB,MSBS,B,HB,baseline,10,3,3,FALSE,FALSE,FALSE,FALSE,FALSE,VALID,
2024,limesurvey_2024_deidentified.csv,23,37,SI22IE06,SI22IE06,INCLUDED,LB_HB,MSBS,B,HB,baseline,22,3,3,FALSE,FALSE,FALSE,FALSE,FALSE,VALID,
2024,limesurvey_2024_deidentified.csv,23,37,SI22IE06,SI22IE06,INCLUDED,LB_HB,MSBS,B,HB,baseline,23,2,2,FALSE,FALSE,FALSE,FALSE,FALSE,VALID,
2024,limesurvey_2024_deidentified.csv,23,37,SI22IE06,SI22IE06,INCLUDED,LB_HB,MSBS,B,HB,baseline,24,1 - stimme überhaupt nicht zu,1,FALSE,FALSE,FALSE,FALSE,FALSE,VALID,
2024,limesurvey_2024_deidentified.csv,23,37,SI22IE06,SI22IE06,INCLUDED,LB_HB,MSBS,B,HB,baseline,28,2,2,FALSE,FALSE,FALSE,FALSE,FALSE,VALID,
2024,limesurvey_2024_deidentified.csv,23,37,SI22IE06,SI22IE06,INCLUDED,LB_HB,MSBS,B,HB,post,01,4,4,FALSE,FALSE,FALSE,FALSE,FALSE,VALID,
2024,limesurvey_2024_deidentified.csv,23,37,SI22IE06,SI22IE06,INCLUDED,LB_HB,MSBS,B,HB,post,03,3,3,FALSE,FALSE,FALSE,FALSE,FALSE,VALID,
2024,limesurvey_2024_deidentified.csv,23,37,SI22IE06,SI22IE06,INCLUDED,LB_HB,MSBS,B,HB,post,09,3,3,FALSE,FALSE,FALSE,FALSE,FALSE,VALID,
2024,limesurvey_2024_deidentified.csv,23,37,SI22IE06,SI22IE06,INCLUDED,LB_HB,MSBS,B,HB,post,10,4,4,FALSE,FALSE,FALSE,FALSE,FALSE,VALID,
2024,limesurvey_2024_deidentified.csv,23,37,SI22IE06,SI22IE06,INCLUDED,LB_HB,MSBS,B,HB,post,22,5,5,FALSE,FALSE,FALSE,FALSE,FALSE,VALID,
2024,limesurvey_2024_deidentified.csv,23,37,SI22IE06,SI22IE06,INCLUDED,LB_HB,MSBS,B,HB,post,23,3,3,FALSE,FALSE,FALSE,FALSE,FALSE,VALID,
2024,limesurvey_2024_deidentified.csv,23,37,SI22IE06,SI22IE06,INCLUDED,LB_HB,MSBS,B,HB,post,24,2,2,FALSE,FALSE,FALSE,FALSE,FALSE,VALID,
2024,limesurvey_2024_deidentified.csv,23,37,SI22IE06,SI22IE06,INCLUDED,LB_HB,MSBS,B,HB,post,28,1 - stimme überhaupt nicht zu,1,FALSE,FALSE,FALSE,FALSE,FALSE,VALID,
2024,limesurvey_2024_deidentified.csv,23,37,SI22IE06,SI22IE06,INCLUDED,LB_HB,MSBS,A,LB,baseline,01,2,2,FALSE,FALSE,FALSE,FALSE,FALSE,VALID,
2024,limesurvey_2024_deidentified.csv,23,37,SI22IE06,SI22IE06,INCLUDED,LB_HB,MSBS,A,LB,baseline,03,5,5,FALSE,FALSE,FALSE,FALSE,FALSE,VALID,
2024,limesurvey_2024_deidentified.csv,23,37,SI22IE06,SI22IE06,INCLUDED,LB_HB,MSBS,A,LB,baseline,09,3,3,FALSE,FALSE,FALSE,FALSE,FALSE,VALID,
2024,limesurvey_2024_deidentified.csv,23,37,SI22IE06,SI22IE06,INCLUDED,LB_HB,MSBS,A,LB,baseline,10,1 - stimme überhaupt nicht zu,1,FALSE,FALSE,FALSE,FALSE,FALSE,VALID,
2024,limesurvey_2024_deidentified.csv,23,37,SI22IE06,SI22IE06,INCLUDED,LB_HB,MSBS,A,LB,baseline,22,2,2,FALSE,FALSE,FALSE,FALSE,FALSE,VALID,
2024,limesurvey_2024_deidentified.csv,23,37,SI22IE06,SI22IE06,INCLUDED,LB_HB,MSBS,A,LB,baseline,23,3,3,FALSE,FALSE,FALSE,FALSE,FALSE,VALID,
2024,limesurvey_2024_deidentified.csv,23,37,SI22IE06,SI22IE06,INCLUDED,LB_HB,MSBS,A,LB,baseline,24,4,4,FALSE,FALSE,FALSE,FALSE,FALSE,VALID,
2024,limesurvey_2024_deidentified.csv,23,37,SI22IE06,SI22IE06,INCLUDED,LB_HB,MSBS,A,LB,baseline,28,1 - stimme überhaupt nicht zu,1,FALSE,FALSE,FALSE,FALSE,FALSE,VALID,
2024,limesurvey_2024_deidentified.csv,23,37,SI22IE06,SI22IE06,INCLUDED,LB_HB,MSBS,A,LB,post,01,2,2,FALSE,FALSE,FALSE,FALSE,FALSE,VALID,
2024,limesurvey_2024_deidentified.csv,23,37,SI22IE06,SI22IE06,INCLUDED,LB_HB,MSBS,A,LB,post,03,2,2,FALSE,FALSE,FALSE,FALSE,FALSE,VALID,
2024,limesurvey_2024_deidentified.csv,23,37,SI22IE06,SI22IE06,INCLUDED,LB_HB,MSBS,A,LB,post,09,2,2,FALSE,FALSE,FALSE,FALSE,FALSE,VALID,
2024,limesurvey_2024_deidentified.csv,23,37,SI22IE06,SI22IE06,INCLUDED,LB_HB,MSBS,A,LB,post,10,3,3,FALSE,FALSE,FALSE,FALSE,FALSE,VALID,
2024,limesurvey_2024_deidentified.csv,23,37,SI22IE06,SI22IE06,INCLUDED,LB_HB,MSBS,A,LB,post,22,3,3,FALSE,FALSE,FALSE,FALSE,FALSE,VALID,
2024,limesurvey_2024_deidentified.csv,23,37,SI22IE06,SI22IE06,INCLUDED,LB_HB,MSBS,A,LB,post,23,3,3,FALSE,FALSE,FALSE,FALSE,FALSE,VALID,
2024,limesurvey_2024_deidentified.csv,23,37,SI22IE06,SI22IE06,INCLUDED,LB_HB,MSBS,A,LB,post,24,2,2,FALSE,FALSE,FALSE,FALSE,FALSE,VALID,
2024,limesurvey_2024_deidentified.csv,23,37,SI22IE06,SI22IE06,INCLUDED,LB_HB,MSBS,A,LB,post,28,1 - stimme überhaupt nicht zu,1,FALSE,FALSE,FALSE,FALSE,FALSE,VALID,
2024,limesurvey_2024_deidentified.csv,23,37,SI22IE06,SI22IE06,INCLUDED,LB_HB,SBPS,,,trait,01,2,2,FALSE,FALSE,FALSE,FALSE,FALSE,VALID,
2024,limesurvey_2024_deidentified.csv,23,37,SI22IE06,SI22IE06,INCLUDED,LB_HB,SBPS,,,trait,02,1 - stimme überhaupt nicht zu,1,FALSE,FALSE,FALSE,FALSE,FALSE,VALID,
2024,limesurvey_2024_deidentified.csv,23,37,SI22IE06,SI22IE06,INCLUDED,LB_HB,SBPS,,,trait,03,2,2,FALSE,FALSE,FALSE,FALSE,FALSE,VALID,
2024,limesurvey_2024_deidentified.csv,23,37,SI22IE06,SI22IE06,INCLUDED,LB_HB,SBPS,,,trait,04,2,2,FALSE,FALSE,FALSE,FALSE,FALSE,VALID,
2024,limesurvey_2024_deidentified.csv,23,37,SI22IE06,SI22IE06,INCLUDED,LB_HB,SBPS,,,trait,05,2,2,FALSE,FALSE,FALSE,FALSE,FALSE,VALID,
2024,limesurvey_2024_deidentified.csv,23,37,SI22IE06,SI22IE06,INCLUDED,LB_HB,SBPS,,,trait,06,2,2,FALSE,FALSE,FALSE,FALSE,FALSE,VALID,
2024,limesurvey_2024_deidentified.csv,23,37,SI22IE06,SI22IE06,INCLUDED,LB_HB,SBPS,,,trait,07,1 - stimme überhaupt nicht zu,1,FALSE,FALSE,FALSE,FALSE,FALSE,VALID,
2024,limesurvey_2024_deidentified.csv,23,37,SI22IE06,SI22IE06,INCLUDED,LB_HB,SBPS,,,trait,08,1 - stimme überhaupt nicht zu,1,FALSE,FALSE,FALSE,FALSE,FALSE,VALID,
2024,limesurvey_2024_deidentified.csv,10,26,TA17ER04,TA17ER04,INCLUDED,LB_HB,MSBS,B,HB,baseline,01,2,2,FALSE,FALSE,FALSE,FALSE,FALSE,VALID,
2024,limesurvey_2024_deidentified.csv,10,26,TA17ER04,TA17ER04,INCLUDED,LB_HB,MSBS,B,HB,baseline,03,5,5,FALSE,FALSE,FALSE,FALSE,FALSE,VALID,
2024,limesurvey_2024_deidentified.csv,10,26,TA17ER04,TA17ER04,INCLUDED,LB_HB,MSBS,B,HB,baseline,09,2,2,FALSE,FALSE,FALSE,FALSE,FALSE,VALID,
2024,limesurvey_2024_deidentified.csv,10,26,TA17ER04,TA17ER04,INCLUDED,LB_HB,MSBS,B,HB,baseline,10,3,3,FALSE,FALSE,FALSE,FALSE,FALSE,VALID,
2024,limesurvey_2024_deidentified.csv,10,26,TA17ER04,TA17ER04,INCLUDED,LB_HB,MSBS,B,HB,baseline,22,3,3,FALSE,FALSE,FALSE,FALSE,FALSE,VALID,
2024,limesurvey_2024_deidentified.csv,10,26,TA17ER04,TA17ER04,INCLUDED,LB_HB,MSBS,B,HB,baseline,23,6,6,FALSE,FALSE,FALSE,FALSE,FALSE,VALID,
2024,limesurvey_2024_deidentified.csv,10,26,TA17ER04,TA17ER04,INCLUDED,LB_HB,MSBS,B,HB,baseline,24,2,2,FALSE,FALSE,FALSE,FALSE,FALSE,VALID,
2024,limesurvey_2024_deidentified.csv,10,26,TA17ER04,TA17ER04,INCLUDED,LB_HB,MSBS,B,HB,baseline,28,5,5,FALSE,FALSE,FALSE,FALSE,FALSE,VALID,
2024,limesurvey_2024_deidentified.csv,10,26,TA17ER04,TA17ER04,INCLUDED,LB_HB,MSBS,B,HB,post,01,5,5,FALSE,FALSE,FALSE,FALSE,FALSE,VALID,
2024,limesurvey_2024_deidentified.csv,10,26,TA17ER04,TA17ER04,INCLUDED,LB_HB,MSBS,B,HB,post,03,5,5,FALSE,FALSE,FALSE,FALSE,FALSE,VALID,
2024,limesurvey_2024_deidentified.csv,10,26,TA17ER04,TA17ER04,INCLUDED,LB_HB,MSBS,B,HB,post,09,2,2,FALSE,FALSE,FALSE,FALSE,FALSE,VALID,
2024,limesurvey_2024_deidentified.csv,10,26,TA17ER04,TA17ER04,INCLUDED,LB_HB,MSBS,B,HB,post,10,2,2,FALSE,FALSE,FALSE,FALSE,FALSE,VALID,
2024,limesurvey_2024_deidentified.csv,10,26,TA17ER04,TA17ER04,INCLUDED,LB_HB,MSBS,B,HB,post,22,2,2,FALSE,FALSE,FALSE,FALSE,FALSE,VALID,
2024,limesurvey_2024_deidentified.csv,10,26,TA17ER04,TA17ER04,INCLUDED,LB_HB,MSBS,B,HB,post,23,4,4,FALSE,FALSE,FALSE,FALSE,FALSE,VALID,
2024,limesurvey_2024_deidentified.csv,10,26,TA17ER04,TA17ER04,INCLUDED,LB_HB,MSBS,B,HB,post,24,2,2,FALSE,FALSE,FALSE,FALSE,FALSE,VALID,
2024,limesurvey_2024_deidentified.csv,10,26,TA17ER04,TA17ER04,INCLUDED,LB_HB,MSBS,B,HB,post,28,3,3,FALSE,FALSE,FALSE,FALSE,FALSE,VALID,
2024,limesurvey_2024_deidentified.csv,10,26,TA17ER04,TA17ER04,INCLUDED,LB_HB,MSBS,A,LB,baseline,01,6,6,FALSE,FALSE,FALSE,FALSE,FALSE,VALID,
2024,limesurvey_2024_deidentified.csv,10,26,TA17ER04,TA17ER04,INCLUDED,LB_HB,MSBS,A,LB,baseline,03,5,5,FALSE,FALSE,FALSE,FALSE,FALSE,VALID,
2024,limesurvey_2024_deidentified.csv,10,26,TA17ER04,TA17ER04,INCLUDED,LB_HB,MSBS,A,LB,baseline,09,3,3,FALSE,FALSE,FALSE,FALSE,FALSE,VALID,
2024,limesurvey_2024_deidentified.csv,10,26,TA17ER04,TA17ER04,INCLUDED,LB_HB,MSBS,A,LB,baseline,10,3,3,FALSE,FALSE,FALSE,FALSE,FALSE,VALID,
2024,limesurvey_2024_deidentified.csv,10,26,TA17ER04,TA17ER04,INCLUDED,LB_HB,MSBS,A,LB,baseline,22,2,2,FALSE,FALSE,FALSE,FALSE,FALSE,VALID,
2024,limesurvey_2024_deidentified.csv,10,26,TA17ER04,TA17ER04,INCLUDED,LB_HB,MSBS,A,LB,baseline,23,5,5,FALSE,FALSE,FALSE,FALSE,FALSE,VALID,
2024,limesurvey_2024_deidentified.csv,10,26,TA17ER04,TA17ER04,INCLUDED,LB_HB,MSBS,A,LB,baseline,24,3,3,FALSE,FALSE,FALSE,FALSE,FALSE,VALID,
2024,limesurvey_2024_deidentified.csv,10,26,TA17ER04,TA17ER04,INCLUDED,LB_HB,MSBS,A,LB,baseline,28,5,5,FALSE,FALSE,FALSE,FALSE,FALSE,VALID,
2024,limesurvey_2024_deidentified.csv,10,26,TA17ER04,TA17ER04,INCLUDED,LB_HB,MSBS,A,LB,post,01,4,4,FALSE,FALSE,FALSE,FALSE,FALSE,VALID,
2024,limesurvey_2024_deidentified.csv,10,26,TA17ER04,TA17ER04,INCLUDED,LB_HB,MSBS,A,LB,post,03,4,4,FALSE,FALSE,FALSE,FALSE,FALSE,VALID,
2024,limesurvey_2024_deidentified.csv,10,26,TA17ER04,TA17ER04,INCLUDED,LB_HB,MSBS,A,LB,post,09,2,2,FALSE,FALSE,FALSE,FALSE,FALSE,VALID,
2024,limesurvey_2024_deidentified.csv,10,26,TA17ER04,TA17ER04,INCLUDED,LB_HB,MSBS,A,LB,post,10,2,2,FALSE,FALSE,FALSE,FALSE,FALSE,VALID,
2024,limesurvey_2024_deidentified.csv,10,26,TA17ER04,TA17ER04,INCLUDED,LB_HB,MSBS,A,LB,post,22,2,2,FALSE,FALSE,FALSE,FALSE,FALSE,VALID,
2024,limesurvey_2024_deidentified.csv,10,26,TA17ER04,TA17ER04,INCLUDED,LB_HB,MSBS,A,LB,post,23,6,6,FALSE,FALSE,FALSE,FALSE,FALSE,VALID,
2024,limesurvey_2024_deidentified.csv,10,26,TA17ER04,TA17ER04,INCLUDED,LB_HB,MSBS,A,LB,post,24,1 - stimme überhaupt nicht zu,1,FALSE,FALSE,FALSE,FALSE,FALSE,VALID,
2024,limesurvey_2024_deidentified.csv,10,26,TA17ER04,TA17ER04,INCLUDED,LB_HB,MSBS,A,LB,post,28,5,5,FALSE,FALSE,FALSE,FALSE,FALSE,VALID,
2024,limesurvey_2024_deidentified.csv,10,26,TA17ER04,TA17ER04,INCLUDED,LB_HB,SBPS,,,trait,01,2,2,FALSE,FALSE,FALSE,FALSE,FALSE,VALID,
2024,limesurvey_2024_deidentified.csv,10,26,TA17ER04,TA17ER04,INCLUDED,LB_HB,SBPS,,,trait,02,4,4,FALSE,FALSE,FALSE,FALSE,FALSE,VALID,
2024,limesurvey_2024_deidentified.csv,10,26,TA17ER04,TA17ER04,INCLUDED,LB_HB,SBPS,,,trait,03,7 - stimme voll und ganz zu,7,FALSE,FALSE,FALSE,FALSE,FALSE,VALID,
2024,limesurvey_2024_deidentified.csv,10,26,TA17ER04,TA17ER04,INCLUDED,LB_HB,SBPS,,,trait,04,6,6,FALSE,FALSE,FALSE,FALSE,FALSE,VALID,
2024,limesurvey_2024_deidentified.csv,10,26,TA17ER04,TA17ER04,INCLUDED,LB_HB,SBPS,,,trait,05,3,3,FALSE,FALSE,FALSE,FALSE,FALSE,VALID,
2024,limesurvey_2024_deidentified.csv,10,26,TA17ER04,TA17ER04,INCLUDED,LB_HB,SBPS,,,trait,06,2,2,FALSE,FALSE,FALSE,FALSE,FALSE,VALID,
2024,limesurvey_2024_deidentified.csv,10,26,TA17ER04,TA17ER04,INCLUDED,LB_HB,SBPS,,,trait,07,3,3,FALSE,FALSE,FALSE,FALSE,FALSE,VALID,
2024,limesurvey_2024_deidentified.csv,10,26,TA17ER04,TA17ER04,INCLUDED,LB_HB,SBPS,,,trait,08,2,2,FALSE,FALSE,FALSE,FALSE,FALSE,VALID,
2024,limesurvey_2024_deidentified.csv,32,44,UL01RL21,UL01RL21,INCLUDED,HB_LB,MSBS,A,HB,baseline,01,1 - stimme überhaupt nicht zu,1,FALSE,FALSE,FALSE,FALSE,FALSE,VALID,
2024,limesurvey_2024_deidentified.csv,32,44,UL01RL21,UL01RL21,INCLUDED,HB_LB,MSBS,A,HB,baseline,03,1 - stimme überhaupt nicht zu,1,FALSE,FALSE,FALSE,FALSE,FALSE,VALID,
2024,limesurvey_2024_deidentified.csv,32,44,UL01RL21,UL01RL21,INCLUDED,HB_LB,MSBS,A,HB,baseline,09,1 - stimme überhaupt nicht zu,1,FALSE,FALSE,FALSE,FALSE,FALSE,VALID,
2024,limesurvey_2024_deidentified.csv,32,44,UL01RL21,UL01RL21,INCLUDED,HB_LB,MSBS,A,HB,baseline,10,1 - stimme überhaupt nicht zu,1,FALSE,FALSE,FALSE,FALSE,FALSE,VALID,
2024,limesurvey_2024_deidentified.csv,32,44,UL01RL21,UL01RL21,INCLUDED,HB_LB,MSBS,A,HB,baseline,22,1 - stimme überhaupt nicht zu,1,FALSE,FALSE,FALSE,FALSE,FALSE,VALID,
2024,limesurvey_2024_deidentified.csv,32,44,UL01RL21,UL01RL21,INCLUDED,HB_LB,MSBS,A,HB,baseline,23,1 - stimme überhaupt nicht zu,1,FALSE,FALSE,FALSE,FALSE,FALSE,VALID,
2024,limesurvey_2024_deidentified.csv,32,44,UL01RL21,UL01RL21,INCLUDED,HB_LB,MSBS,A,HB,baseline,24,1 - stimme überhaupt nicht zu,1,FALSE,FALSE,FALSE,FALSE,FALSE,VALID,
2024,limesurvey_2024_deidentified.csv,32,44,UL01RL21,UL01RL21,INCLUDED,HB_LB,MSBS,A,HB,baseline,28,1 - stimme überhaupt nicht zu,1,FALSE,FALSE,FALSE,FALSE,FALSE,VALID,
2024,limesurvey_2024_deidentified.csv,32,44,UL01RL21,UL01RL21,INCLUDED,HB_LB,MSBS,A,HB,post,01,2,2,FALSE,FALSE,FALSE,FALSE,FALSE,VALID,
2024,limesurvey_2024_deidentified.csv,32,44,UL01RL21,UL01RL21,INCLUDED,HB_LB,MSBS,A,HB,post,03,2,2,FALSE,FALSE,FALSE,FALSE,FALSE,VALID,
2024,limesurvey_2024_deidentified.csv,32,44,UL01RL21,UL01RL21,INCLUDED,HB_LB,MSBS,A,HB,post,09,1 - stimme überhaupt nicht zu,1,FALSE,FALSE,FALSE,FALSE,FALSE,VALID,
2024,limesurvey_2024_deidentified.csv,32,44,UL01RL21,UL01RL21,INCLUDED,HB_LB,MSBS,A,HB,post,10,2,2,FALSE,FALSE,FALSE,FALSE,FALSE,VALID,
2024,limesurvey_2024_deidentified.csv,32,44,UL01RL21,UL01RL21,INCLUDED,HB_LB,MSBS,A,HB,post,22,1 - stimme überhaupt nicht zu,1,FALSE,FALSE,FALSE,FALSE,FALSE,VALID,
2024,limesurvey_2024_deidentified.csv,32,44,UL01RL21,UL01RL21,INCLUDED,HB_LB,MSBS,A,HB,post,23,2,2,FALSE,FALSE,FALSE,FALSE,FALSE,VALID,
2024,limesurvey_2024_deidentified.csv,32,44,UL01RL21,UL01RL21,INCLUDED,HB_LB,MSBS,A,HB,post,24,1 - stimme überhaupt nicht zu,1,FALSE,FALSE,FALSE,FALSE,FALSE,VALID,
2024,limesurvey_2024_deidentified.csv,32,44,UL01RL21,UL01RL21,INCLUDED,HB_LB,MSBS,A,HB,post,28,1 - stimme überhaupt nicht zu,1,FALSE,FALSE,FALSE,FALSE,FALSE,VALID,
2024,limesurvey_2024_deidentified.csv,32,44,UL01RL21,UL01RL21,INCLUDED,HB_LB,MSBS,B,LB,baseline,01,1 - stimme überhaupt nicht zu,1,FALSE,FALSE,FALSE,FALSE,FALSE,VALID,
2024,limesurvey_2024_deidentified.csv,32,44,UL01RL21,UL01RL21,INCLUDED,HB_LB,MSBS,B,LB,baseline,03,1 - stimme überhaupt nicht zu,1,FALSE,FALSE,FALSE,FALSE,FALSE,VALID,
2024,limesurvey_2024_deidentified.csv,32,44,UL01RL21,UL01RL21,INCLUDED,HB_LB,MSBS,B,LB,baseline,09,1 - stimme überhaupt nicht zu,1,FALSE,FALSE,FALSE,FALSE,FALSE,VALID,
2024,limesurvey_2024_deidentified.csv,32,44,UL01RL21,UL01RL21,INCLUDED,HB_LB,MSBS,B,LB,baseline,10,1 - stimme überhaupt nicht zu,1,FALSE,FALSE,FALSE,FALSE,FALSE,VALID,
2024,limesurvey_2024_deidentified.csv,32,44,UL01RL21,UL01RL21,INCLUDED,HB_LB,MSBS,B,LB,baseline,22,1 - stimme überhaupt nicht zu,1,FALSE,FALSE,FALSE,FALSE,FALSE,VALID,
2024,limesurvey_2024_deidentified.csv,32,44,UL01RL21,UL01RL21,INCLUDED,HB_LB,MSBS,B,LB,baseline,23,1 - stimme überhaupt nicht zu,1,FALSE,FALSE,FALSE,FALSE,FALSE,VALID,
2024,limesurvey_2024_deidentified.csv,32,44,UL01RL21,UL01RL21,INCLUDED,HB_LB,MSBS,B,LB,baseline,24,1 - stimme überhaupt nicht zu,1,FALSE,FALSE,FALSE,FALSE,FALSE,VALID,
2024,limesurvey_2024_deidentified.csv,32,44,UL01RL21,UL01RL21,INCLUDED,HB_LB,MSBS,B,LB,baseline,28,1 - stimme überhaupt nicht zu,1,FALSE,FALSE,FALSE,FALSE,FALSE,VALID,
2024,limesurvey_2024_deidentified.csv,32,44,UL01RL21,UL01RL21,INCLUDED,HB_LB,MSBS,B,LB,post,01,2,2,FALSE,FALSE,FALSE,FALSE,FALSE,VALID,
2024,limesurvey_2024_deidentified.csv,32,44,UL01RL21,UL01RL21,INCLUDED,HB_LB,MSBS,B,LB,post,03,1 - stimme überhaupt nicht zu,1,FALSE,FALSE,FALSE,FALSE,FALSE,VALID,
2024,limesurvey_2024_deidentified.csv,32,44,UL01RL21,UL01RL21,INCLUDED,HB_LB,MSBS,B,LB,post,09,1 - stimme überhaupt nicht zu,1,FALSE,FALSE,FALSE,FALSE,FALSE,VALID,
2024,limesurvey_2024_deidentified.csv,32,44,UL01RL21,UL01RL21,INCLUDED,HB_LB,MSBS,B,LB,post,10,1 - stimme überhaupt nicht zu,1,FALSE,FALSE,FALSE,FALSE,FALSE,VALID,
2024,limesurvey_2024_deidentified.csv,32,44,UL01RL21,UL01RL21,INCLUDED,HB_LB,MSBS,B,LB,post,22,1 - stimme überhaupt nicht zu,1,FALSE,FALSE,FALSE,FALSE,FALSE,VALID,
2024,limesurvey_2024_deidentified.csv,32,44,UL01RL21,UL01RL21,INCLUDED,HB_LB,MSBS,B,LB,post,23,2,2,FALSE,FALSE,FALSE,FALSE,FALSE,VALID,
2024,limesurvey_2024_deidentified.csv,32,44,UL01RL21,UL01RL21,INCLUDED,HB_LB,MSBS,B,LB,post,24,1 - stimme überhaupt nicht zu,1,FALSE,FALSE,FALSE,FALSE,FALSE,VALID,
2024,limesurvey_2024_deidentified.csv,32,44,UL01RL21,UL01RL21,INCLUDED,HB_LB,MSBS,B,LB,post,28,1 - stimme überhaupt nicht zu,1,FALSE,FALSE,FALSE,FALSE,FALSE,VALID,
2024,limesurvey_2024_deidentified.csv,32,44,UL01RL21,UL01RL21,INCLUDED,HB_LB,SBPS,,,trait,01,1 - stimme überhaupt nicht zu,1,FALSE,FALSE,FALSE,FALSE,FALSE,VALID,
2024,limesurvey_2024_deidentified.csv,32,44,UL01RL21,UL01RL21,INCLUDED,HB_LB,SBPS,,,trait,02,2,2,FALSE,FALSE,FALSE,FALSE,FALSE,VALID,
2024,limesurvey_2024_deidentified.csv,32,44,UL01RL21,UL01RL21,INCLUDED,HB_LB,SBPS,,,trait,03,1 - stimme überhaupt nicht zu,1,FALSE,FALSE,FALSE,FALSE,FALSE,VALID,
2024,limesurvey_2024_deidentified.csv,32,44,UL01RL21,UL01RL21,INCLUDED,HB_LB,SBPS,,,trait,04,3,3,FALSE,FALSE,FALSE,FALSE,FALSE,VALID,
2024,limesurvey_2024_deidentified.csv,32,44,UL01RL21,UL01RL21,INCLUDED,HB_LB,SBPS,,,trait,05,1 - stimme überhaupt nicht zu,1,FALSE,FALSE,FALSE,FALSE,FALSE,VALID,
2024,limesurvey_2024_deidentified.csv,32,44,UL01RL21,UL01RL21,INCLUDED,HB_LB,SBPS,,,trait,06,2,2,FALSE,FALSE,FALSE,FALSE,FALSE,VALID,
2024,limesurvey_2024_deidentified.csv,32,44,UL01RL21,UL01RL21,INCLUDED,HB_LB,SBPS,,,trait,07,2,2,FALSE,FALSE,FALSE,FALSE,FALSE,VALID,
2024,limesurvey_2024_deidentified.csv,32,44,UL01RL21,UL01RL21,INCLUDED,HB_LB,SBPS,,,trait,08,1 - stimme überhaupt nicht zu,1,FALSE,FALSE,FALSE,FALSE,FALSE,VALID,
2024,limesurvey_2024_deidentified.csv,20,34,UL22ON24,UL22ON24,INCLUDED,LB_HB,MSBS,B,HB,baseline,01,2,2,FALSE,FALSE,FALSE,FALSE,FALSE,VALID,
2024,limesurvey_2024_deidentified.csv,20,34,UL22ON24,UL22ON24,INCLUDED,LB_HB,MSBS,B,HB,baseline,03,2,2,FALSE,FALSE,FALSE,FALSE,FALSE,VALID,
2024,limesurvey_2024_deidentified.csv,20,34,UL22ON24,UL22ON24,INCLUDED,LB_HB,MSBS,B,HB,baseline,09,2,2,FALSE,FALSE,FALSE,FALSE,FALSE,VALID,
2024,limesurvey_2024_deidentified.csv,20,34,UL22ON24,UL22ON24,INCLUDED,LB_HB,MSBS,B,HB,baseline,10,1 - stimme überhaupt nicht zu,1,FALSE,FALSE,FALSE,FALSE,FALSE,VALID,
2024,limesurvey_2024_deidentified.csv,20,34,UL22ON24,UL22ON24,INCLUDED,LB_HB,MSBS,B,HB,baseline,22,1 - stimme überhaupt nicht zu,1,FALSE,FALSE,FALSE,FALSE,FALSE,VALID,
2024,limesurvey_2024_deidentified.csv,20,34,UL22ON24,UL22ON24,INCLUDED,LB_HB,MSBS,B,HB,baseline,23,3,3,FALSE,FALSE,FALSE,FALSE,FALSE,VALID,
2024,limesurvey_2024_deidentified.csv,20,34,UL22ON24,UL22ON24,INCLUDED,LB_HB,MSBS,B,HB,baseline,24,1 - stimme überhaupt nicht zu,1,FALSE,FALSE,FALSE,FALSE,FALSE,VALID,
2024,limesurvey_2024_deidentified.csv,20,34,UL22ON24,UL22ON24,INCLUDED,LB_HB,MSBS,B,HB,baseline,28,1 - stimme überhaupt nicht zu,1,FALSE,FALSE,FALSE,FALSE,FALSE,VALID,
2024,limesurvey_2024_deidentified.csv,20,34,UL22ON24,UL22ON24,INCLUDED,LB_HB,MSBS,B,HB,post,01,6,6,FALSE,FALSE,FALSE,FALSE,FALSE,VALID,
2024,limesurvey_2024_deidentified.csv,20,34,UL22ON24,UL22ON24,INCLUDED,LB_HB,MSBS,B,HB,post,03,6,6,FALSE,FALSE,FALSE,FALSE,FALSE,VALID,
2024,limesurvey_2024_deidentified.csv,20,34,UL22ON24,UL22ON24,INCLUDED,LB_HB,MSBS,B,HB,post,09,5,5,FALSE,FALSE,FALSE,FALSE,FALSE,VALID,
2024,limesurvey_2024_deidentified.csv,20,34,UL22ON24,UL22ON24,INCLUDED,LB_HB,MSBS,B,HB,post,10,5,5,FALSE,FALSE,FALSE,FALSE,FALSE,VALID,
2024,limesurvey_2024_deidentified.csv,20,34,UL22ON24,UL22ON24,INCLUDED,LB_HB,MSBS,B,HB,post,22,2,2,FALSE,FALSE,FALSE,FALSE,FALSE,VALID,
2024,limesurvey_2024_deidentified.csv,20,34,UL22ON24,UL22ON24,INCLUDED,LB_HB,MSBS,B,HB,post,23,5,5,FALSE,FALSE,FALSE,FALSE,FALSE,VALID,
2024,limesurvey_2024_deidentified.csv,20,34,UL22ON24,UL22ON24,INCLUDED,LB_HB,MSBS,B,HB,post,24,4,4,FALSE,FALSE,FALSE,FALSE,FALSE,VALID,
2024,limesurvey_2024_deidentified.csv,20,34,UL22ON24,UL22ON24,INCLUDED,LB_HB,MSBS,B,HB,post,28,4,4,FALSE,FALSE,FALSE,FALSE,FALSE,VALID,
2024,limesurvey_2024_deidentified.csv,20,34,UL22ON24,UL22ON24,INCLUDED,LB_HB,MSBS,A,LB,baseline,01,3,3,FALSE,FALSE,FALSE,FALSE,FALSE,VALID,
2024,limesurvey_2024_deidentified.csv,20,34,UL22ON24,UL22ON24,INCLUDED,LB_HB,MSBS,A,LB,baseline,03,2,2,FALSE,FALSE,FALSE,FALSE,FALSE,VALID,
2024,limesurvey_2024_deidentified.csv,20,34,UL22ON24,UL22ON24,INCLUDED,LB_HB,MSBS,A,LB,baseline,09,2,2,FALSE,FALSE,FALSE,FALSE,FALSE,VALID,
2024,limesurvey_2024_deidentified.csv,20,34,UL22ON24,UL22ON24,INCLUDED,LB_HB,MSBS,A,LB,baseline,10,2,2,FALSE,FALSE,FALSE,FALSE,FALSE,VALID,
2024,limesurvey_2024_deidentified.csv,20,34,UL22ON24,UL22ON24,INCLUDED,LB_HB,MSBS,A,LB,baseline,22,1 - stimme überhaupt nicht zu,1,FALSE,FALSE,FALSE,FALSE,FALSE,VALID,
2024,limesurvey_2024_deidentified.csv,20,34,UL22ON24,UL22ON24,INCLUDED,LB_HB,MSBS,A,LB,baseline,23,3,3,FALSE,FALSE,FALSE,FALSE,FALSE,VALID,
2024,limesurvey_2024_deidentified.csv,20,34,UL22ON24,UL22ON24,INCLUDED,LB_HB,MSBS,A,LB,baseline,24,2,2,FALSE,FALSE,FALSE,FALSE,FALSE,VALID,
2024,limesurvey_2024_deidentified.csv,20,34,UL22ON24,UL22ON24,INCLUDED,LB_HB,MSBS,A,LB,baseline,28,1 - stimme überhaupt nicht zu,1,FALSE,FALSE,FALSE,FALSE,FALSE,VALID,
2024,limesurvey_2024_deidentified.csv,20,34,UL22ON24,UL22ON24,INCLUDED,LB_HB,MSBS,A,LB,post,01,3,3,FALSE,FALSE,FALSE,FALSE,FALSE,VALID,
2024,limesurvey_2024_deidentified.csv,20,34,UL22ON24,UL22ON24,INCLUDED,LB_HB,MSBS,A,LB,post,03,2,2,FALSE,FALSE,FALSE,FALSE,FALSE,VALID,
2024,limesurvey_2024_deidentified.csv,20,34,UL22ON24,UL22ON24,INCLUDED,LB_HB,MSBS,A,LB,post,09,2,2,FALSE,FALSE,FALSE,FALSE,FALSE,VALID,
2024,limesurvey_2024_deidentified.csv,20,34,UL22ON24,UL22ON24,INCLUDED,LB_HB,MSBS,A,LB,post,10,3,3,FALSE,FALSE,FALSE,FALSE,FALSE,VALID,
2024,limesurvey_2024_deidentified.csv,20,34,UL22ON24,UL22ON24,INCLUDED,LB_HB,MSBS,A,LB,post,22,1 - stimme überhaupt nicht zu,1,FALSE,FALSE,FALSE,FALSE,FALSE,VALID,
2024,limesurvey_2024_deidentified.csv,20,34,UL22ON24,UL22ON24,INCLUDED,LB_HB,MSBS,A,LB,post,23,2,2,FALSE,FALSE,FALSE,FALSE,FALSE,VALID,
2024,limesurvey_2024_deidentified.csv,20,34,UL22ON24,UL22ON24,INCLUDED,LB_HB,MSBS,A,LB,post,24,2,2,FALSE,FALSE,FALSE,FALSE,FALSE,VALID,
2024,limesurvey_2024_deidentified.csv,20,34,UL22ON24,UL22ON24,INCLUDED,LB_HB,MSBS,A,LB,post,28,1 - stimme überhaupt nicht zu,1,FALSE,FALSE,FALSE,FALSE,FALSE,VALID,
2024,limesurvey_2024_deidentified.csv,20,34,UL22ON24,UL22ON24,INCLUDED,LB_HB,SBPS,,,trait,01,2,2,FALSE,FALSE,FALSE,FALSE,FALSE,VALID,
2024,limesurvey_2024_deidentified.csv,20,34,UL22ON24,UL22ON24,INCLUDED,LB_HB,SBPS,,,trait,02,3,3,FALSE,FALSE,FALSE,FALSE,FALSE,VALID,
2024,limesurvey_2024_deidentified.csv,20,34,UL22ON24,UL22ON24,INCLUDED,LB_HB,SBPS,,,trait,03,1 - stimme überhaupt nicht zu,1,FALSE,FALSE,FALSE,FALSE,FALSE,VALID,
2024,limesurvey_2024_deidentified.csv,20,34,UL22ON24,UL22ON24,INCLUDED,LB_HB,SBPS,,,trait,04,3,3,FALSE,FALSE,FALSE,FALSE,FALSE,VALID,
2024,limesurvey_2024_deidentified.csv,20,34,UL22ON24,UL22ON24,INCLUDED,LB_HB,SBPS,,,trait,05,2,2,FALSE,FALSE,FALSE,FALSE,FALSE,VALID,
2024,limesurvey_2024_deidentified.csv,20,34,UL22ON24,UL22ON24,INCLUDED,LB_HB,SBPS,,,trait,06,3,3,FALSE,FALSE,FALSE,FALSE,FALSE,VALID,
2024,limesurvey_2024_deidentified.csv,20,34,UL22ON24,UL22ON24,INCLUDED,LB_HB,SBPS,,,trait,07,2,2,FALSE,FALSE,FALSE,FALSE,FALSE,VALID,
2024,limesurvey_2024_deidentified.csv,20,34,UL22ON24,UL22ON24,INCLUDED,LB_HB,SBPS,,,trait,08,1 - stimme überhaupt nicht zu,1,FALSE,FALSE,FALSE,FALSE,FALSE,VALID,
2024,limesurvey_2024_deidentified.csv,21,35,UR31EM17,UR31EM17,INCLUDED,LB_HB,MSBS,B,HB,baseline,01,4,4,FALSE,FALSE,FALSE,FALSE,FALSE,VALID,
2024,limesurvey_2024_deidentified.csv,21,35,UR31EM17,UR31EM17,INCLUDED,LB_HB,MSBS,B,HB,baseline,03,3,3,FALSE,FALSE,FALSE,FALSE,FALSE,VALID,
2024,limesurvey_2024_deidentified.csv,21,35,UR31EM17,UR31EM17,INCLUDED,LB_HB,MSBS,B,HB,baseline,09,4,4,FALSE,FALSE,FALSE,FALSE,FALSE,VALID,
2024,limesurvey_2024_deidentified.csv,21,35,UR31EM17,UR31EM17,INCLUDED,LB_HB,MSBS,B,HB,baseline,10,4,4,FALSE,FALSE,FALSE,FALSE,FALSE,VALID,
2024,limesurvey_2024_deidentified.csv,21,35,UR31EM17,UR31EM17,INCLUDED,LB_HB,MSBS,B,HB,baseline,22,3,3,FALSE,FALSE,FALSE,FALSE,FALSE,VALID,
2024,limesurvey_2024_deidentified.csv,21,35,UR31EM17,UR31EM17,INCLUDED,LB_HB,MSBS,B,HB,baseline,23,3,3,FALSE,FALSE,FALSE,FALSE,FALSE,VALID,
2024,limesurvey_2024_deidentified.csv,21,35,UR31EM17,UR31EM17,INCLUDED,LB_HB,MSBS,B,HB,baseline,24,4,4,FALSE,FALSE,FALSE,FALSE,FALSE,VALID,
2024,limesurvey_2024_deidentified.csv,21,35,UR31EM17,UR31EM17,INCLUDED,LB_HB,MSBS,B,HB,baseline,28,4,4,FALSE,FALSE,FALSE,FALSE,FALSE,VALID,
2024,limesurvey_2024_deidentified.csv,21,35,UR31EM17,UR31EM17,INCLUDED,LB_HB,MSBS,B,HB,post,01,5,5,FALSE,FALSE,FALSE,FALSE,FALSE,VALID,
2024,limesurvey_2024_deidentified.csv,21,35,UR31EM17,UR31EM17,INCLUDED,LB_HB,MSBS,B,HB,post,03,3,3,FALSE,FALSE,FALSE,FALSE,FALSE,VALID,
2024,limesurvey_2024_deidentified.csv,21,35,UR31EM17,UR31EM17,INCLUDED,LB_HB,MSBS,B,HB,post,09,4,4,FALSE,FALSE,FALSE,FALSE,FALSE,VALID,
2024,limesurvey_2024_deidentified.csv,21,35,UR31EM17,UR31EM17,INCLUDED,LB_HB,MSBS,B,HB,post,10,5,5,FALSE,FALSE,FALSE,FALSE,FALSE,VALID,
2024,limesurvey_2024_deidentified.csv,21,35,UR31EM17,UR31EM17,INCLUDED,LB_HB,MSBS,B,HB,post,22,3,3,FALSE,FALSE,FALSE,FALSE,FALSE,VALID,
2024,limesurvey_2024_deidentified.csv,21,35,UR31EM17,UR31EM17,INCLUDED,LB_HB,MSBS,B,HB,post,23,4,4,FALSE,FALSE,FALSE,FALSE,FALSE,VALID,
2024,limesurvey_2024_deidentified.csv,21,35,UR31EM17,UR31EM17,INCLUDED,LB_HB,MSBS,B,HB,post,24,4,4,FALSE,FALSE,FALSE,FALSE,FALSE,VALID,
2024,limesurvey_2024_deidentified.csv,21,35,UR31EM17,UR31EM17,INCLUDED,LB_HB,MSBS,B,HB,post,28,4,4,FALSE,FALSE,FALSE,FALSE,FALSE,VALID,
2024,limesurvey_2024_deidentified.csv,21,35,UR31EM17,UR31EM17,INCLUDED,LB_HB,MSBS,A,LB,baseline,01,3,3,FALSE,FALSE,FALSE,FALSE,FALSE,VALID,
2024,limesurvey_2024_deidentified.csv,21,35,UR31EM17,UR31EM17,INCLUDED,LB_HB,MSBS,A,LB,baseline,03,3,3,FALSE,FALSE,FALSE,FALSE,FALSE,VALID,
2024,limesurvey_2024_deidentified.csv,21,35,UR31EM17,UR31EM17,INCLUDED,LB_HB,MSBS,A,LB,baseline,09,4,4,FALSE,FALSE,FALSE,FALSE,FALSE,VALID,
2024,limesurvey_2024_deidentified.csv,21,35,UR31EM17,UR31EM17,INCLUDED,LB_HB,MSBS,A,LB,baseline,10,4,4,FALSE,FALSE,FALSE,FALSE,FALSE,VALID,
2024,limesurvey_2024_deidentified.csv,21,35,UR31EM17,UR31EM17,INCLUDED,LB_HB,MSBS,A,LB,baseline,22,3,3,FALSE,FALSE,FALSE,FALSE,FALSE,VALID,
2024,limesurvey_2024_deidentified.csv,21,35,UR31EM17,UR31EM17,INCLUDED,LB_HB,MSBS,A,LB,baseline,23,5,5,FALSE,FALSE,FALSE,FALSE,FALSE,VALID,
2024,limesurvey_2024_deidentified.csv,21,35,UR31EM17,UR31EM17,INCLUDED,LB_HB,MSBS,A,LB,baseline,24,4,4,FALSE,FALSE,FALSE,FALSE,FALSE,VALID,
2024,limesurvey_2024_deidentified.csv,21,35,UR31EM17,UR31EM17,INCLUDED,LB_HB,MSBS,A,LB,baseline,28,4,4,FALSE,FALSE,FALSE,FALSE,FALSE,VALID,
2024,limesurvey_2024_deidentified.csv,21,35,UR31EM17,UR31EM17,INCLUDED,LB_HB,MSBS,A,LB,post,01,5,5,FALSE,FALSE,FALSE,FALSE,FALSE,VALID,
2024,limesurvey_2024_deidentified.csv,21,35,UR31EM17,UR31EM17,INCLUDED,LB_HB,MSBS,A,LB,post,03,2,2,FALSE,FALSE,FALSE,FALSE,FALSE,VALID,
2024,limesurvey_2024_deidentified.csv,21,35,UR31EM17,UR31EM17,INCLUDED,LB_HB,MSBS,A,LB,post,09,4,4,FALSE,FALSE,FALSE,FALSE,FALSE,VALID,
2024,limesurvey_2024_deidentified.csv,21,35,UR31EM17,UR31EM17,INCLUDED,LB_HB,MSBS,A,LB,post,10,4,4,FALSE,FALSE,FALSE,FALSE,FALSE,VALID,
2024,limesurvey_2024_deidentified.csv,21,35,UR31EM17,UR31EM17,INCLUDED,LB_HB,MSBS,A,LB,post,22,3,3,FALSE,FALSE,FALSE,FALSE,FALSE,VALID,
2024,limesurvey_2024_deidentified.csv,21,35,UR31EM17,UR31EM17,INCLUDED,LB_HB,MSBS,A,LB,post,23,2,2,FALSE,FALSE,FALSE,FALSE,FALSE,VALID,
2024,limesurvey_2024_deidentified.csv,21,35,UR31EM17,UR31EM17,INCLUDED,LB_HB,MSBS,A,LB,post,24,5,5,FALSE,FALSE,FALSE,FALSE,FALSE,VALID,
2024,limesurvey_2024_deidentified.csv,21,35,UR31EM17,UR31EM17,INCLUDED,LB_HB,MSBS,A,LB,post,28,2,2,FALSE,FALSE,FALSE,FALSE,FALSE,VALID,
2024,limesurvey_2024_deidentified.csv,21,35,UR31EM17,UR31EM17,INCLUDED,LB_HB,SBPS,,,trait,01,4,4,FALSE,FALSE,FALSE,FALSE,FALSE,VALID,
2024,limesurvey_2024_deidentified.csv,21,35,UR31EM17,UR31EM17,INCLUDED,LB_HB,SBPS,,,trait,02,3,3,FALSE,FALSE,FALSE,FALSE,FALSE,VALID,
2024,limesurvey_2024_deidentified.csv,21,35,UR31EM17,UR31EM17,INCLUDED,LB_HB,SBPS,,,trait,03,4,4,FALSE,FALSE,FALSE,FALSE,FALSE,VALID,
2024,limesurvey_2024_deidentified.csv,21,35,UR31EM17,UR31EM17,INCLUDED,LB_HB,SBPS,,,trait,04,5,5,FALSE,FALSE,FALSE,FALSE,FALSE,VALID,
2024,limesurvey_2024_deidentified.csv,21,35,UR31EM17,UR31EM17,INCLUDED,LB_HB,SBPS,,,trait,05,2,2,FALSE,FALSE,FALSE,FALSE,FALSE,VALID,
2024,limesurvey_2024_deidentified.csv,21,35,UR31EM17,UR31EM17,INCLUDED,LB_HB,SBPS,,,trait,06,4,4,FALSE,FALSE,FALSE,FALSE,FALSE,VALID,
2024,limesurvey_2024_deidentified.csv,21,35,UR31EM17,UR31EM17,INCLUDED,LB_HB,SBPS,,,trait,07,3,3,FALSE,FALSE,FALSE,FALSE,FALSE,VALID,
2024,limesurvey_2024_deidentified.csv,21,35,UR31EM17,UR31EM17,INCLUDED,LB_HB,SBPS,,,trait,08,2,2,FALSE,FALSE,FALSE,FALSE,FALSE,VALID,
